feature_set,sampling_file,training_set,model,grid_row,step,estimate_LogLoss,estimate_MSE,estimate_In_Sample_R2,estimate_R2_Holdout,estimate_AUC,ci_lower_LogLoss,ci_lower_MSE,ci_lower_In_Sample_R2,ci_lower_R2_Holdout,ci_lower_AUC,ci_upper_LogLoss,ci_upper_MSE,ci_upper_In_Sample_R2,ci_upper_R2_Holdout,ci_upper_AUC,evaluation_set,estimate_F1_Score,estimate_Accuracy,ci_lower_F1_Score,ci_lower_Accuracy,ci_upper_F1_Score,ci_upper_Accuracy,threshold_F1_Score,threshold_Accuracy,selection_set
ego_AS,pmt_train_and_evaluation_samples_seed_2_241016_with_holdout.csv,train_sample_n_100,catboost,"learning_rate=NA,subsample=0.8,depth=6",1000,0.450137336,0.125970329,-0.015014335,0.029204212,0.660941978,0.445814627,0.12471769,-0.0179458,0.02639784,0.657713579,0.454296095,0.127171058,-0.012198862,0.031958307,0.663979362,evaluation_selection_50_percent_split,0.317640237,0.854814112,0.31381967,0.853318099,0.32142995,0.856339295,0.068411138,0.518411138,evaluation_selection_50_percent_split
ego_AS,pmt_train_and_evaluation_samples_seed_2_241016_with_holdout.csv,train_sample_n_100,catboost,"learning_rate=NA,subsample=0.8,depth=6",1000,0.447713201,0.125076888,-0.014226825,0.028985681,0.659624291,0.443251979,0.123820332,-0.017015172,0.026226939,0.656358059,0.452166382,0.126372439,-0.011265935,0.031834766,0.663012533,evaluation_test_50_percent_split,0.314628245,0.855917966,0.31062603,0.854295954,0.318636372,0.857506088,0.068411138,0.518411138,evaluation_selection_50_percent_split
ego_AS,pmt_train_and_evaluation_samples_seed_2_241016_with_holdout.csv,train_sample_n_100,catboost,"learning_rate=NA,subsample=0.8,depth=6",1000,0.449382306,0.12569572,-0.014511255,0.029425495,0.660293377,0.447634615,0.125191828,-0.015719051,0.028292588,0.658931062,0.451129797,0.126189773,-0.013265423,0.030619378,0.661634013,official_holdout_set,0.317398419,0.855108706,0.315853435,0.85450452,0.31902866,0.855714451,0.068411138,0.518411138,evaluation_selection_50_percent_split
ego_AS,pmt_train_and_evaluation_samples_seed_2_241016_with_holdout.csv,train_sample_n_1000,catboost,"learning_rate=NA,subsample=0.8,depth=6",1000,0.368971029,0.114284968,0.079141243,0.079425079,0.741284296,0.366175288,0.113285525,0.076269445,0.076496792,0.738587418,0.371599601,0.115207725,0.082018871,0.082325794,0.743916374,evaluation_selection_50_percent_split,0.383077115,0.854814112,0.379298246,0.853318099,0.386673402,0.856339295,0.144673599,0.594673599,evaluation_selection_50_percent_split
ego_AS,pmt_train_and_evaluation_samples_seed_2_241016_with_holdout.csv,train_sample_n_1000,catboost,"learning_rate=NA,subsample=0.8,depth=6",1000,0.36741982,0.113731489,0.077771048,0.077964147,0.740656825,0.364756966,0.112737545,0.074886827,0.075056345,0.737995192,0.370238451,0.114728895,0.080649221,0.080895417,0.743286899,evaluation_test_50_percent_split,0.37990038,0.855917966,0.37600706,0.854295954,0.383595949,0.857506088,0.144673599,0.594673599,evaluation_selection_50_percent_split
ego_AS,pmt_train_and_evaluation_samples_seed_2_241016_with_holdout.csv,train_sample_n_1000,catboost,"learning_rate=NA,subsample=0.8,depth=6",1000,0.369185244,0.114362138,0.076963981,0.077222477,0.739918157,0.368069525,0.113960845,0.075785854,0.076028144,0.738817892,0.370277874,0.114748559,0.078198099,0.078463064,0.741048045,official_holdout_set,0.381104666,0.855108706,0.37962349,0.85450452,0.382581045,0.855714451,0.144673599,0.594673599,evaluation_selection_50_percent_split
ego_AS,pmt_train_and_evaluation_samples_seed_2_241016_with_holdout.csv,train_sample_n_10000,catboost,"learning_rate=NA,subsample=0.8,depth=6",1000,0.363312048,0.11219467,0.095983962,0.096036507,0.751911996,0.360547077,0.111233061,0.093366434,0.093405601,0.74926933,0.365907856,0.113090996,0.098502243,0.098595136,0.754526678,evaluation_selection_50_percent_split,0.393439192,0.854814112,0.3896373,0.853318099,0.397207264,0.856339295,0.190259261,0.500259261,evaluation_selection_50_percent_split
ego_AS,pmt_train_and_evaluation_samples_seed_2_241016_with_holdout.csv,train_sample_n_10000,catboost,"learning_rate=NA,subsample=0.8,depth=6",1000,0.36120419,0.111593674,0.095106221,0.095124585,0.752122134,0.358551108,0.110647366,0.09246746,0.092467847,0.749444478,0.364032775,0.112562302,0.097549773,0.097588502,0.754735734,evaluation_test_50_percent_split,0.391707144,0.855917966,0.387802997,0.854295954,0.395359079,0.857506088,0.190259261,0.500259261,evaluation_selection_50_percent_split
ego_AS,pmt_train_and_evaluation_samples_seed_2_241016_with_holdout.csv,train_sample_n_10000,catboost,"learning_rate=NA,subsample=0.8,depth=6",1000,0.363027551,0.112157018,0.094761876,0.094803654,0.751133605,0.361927464,0.111781143,0.09372723,0.093769291,0.750027493,0.364110543,0.112522572,0.095831755,0.095885299,0.752231034,official_holdout_set,0.392606015,0.855108706,0.391096545,0.85450452,0.394158873,0.855714451,0.190259261,0.500259261,evaluation_selection_50_percent_split
ego_AS,pmt_train_and_evaluation_samples_seed_2_241016_with_holdout.csv,train_sample_n_200,catboost,"learning_rate=NA,subsample=0.8,depth=6",1000,0.393828993,0.120911859,0.025744629,0.03536746,0.707714868,0.390522187,0.119844945,0.023207229,0.032619354,0.70490707,0.396855613,0.121949636,0.028295425,0.038048852,0.710476384,evaluation_selection_50_percent_split,0.375396825,0.854814112,0.371805004,0.853318099,0.37883811,0.856339295,0.10957135,0.48957135,evaluation_selection_50_percent_split
ego_AS,pmt_train_and_evaluation_samples_seed_2_241016_with_holdout.csv,train_sample_n_200,catboost,"learning_rate=NA,subsample=0.8,depth=6",1000,0.392072278,0.120211507,0.025225703,0.034321517,0.706791607,0.388816255,0.119118457,0.022635361,0.03150078,0.703897923,0.395364458,0.12135077,0.027961008,0.03715636,0.70967624,evaluation_test_50_percent_split,0.372933557,0.855917966,0.369086926,0.854295954,0.37665556,0.857506088,0.10957135,0.48957135,evaluation_selection_50_percent_split
ego_AS,pmt_train_and_evaluation_samples_seed_2_241016_with_holdout.csv,train_sample_n_200,catboost,"learning_rate=NA,subsample=0.8,depth=6",1000,0.393613589,0.120833759,0.024730446,0.034220064,0.706636565,0.392353277,0.120403509,0.023708136,0.033130367,0.705503669,0.394868738,0.121253588,0.025867547,0.035423329,0.707861293,official_holdout_set,0.374089562,0.855108706,0.372659579,0.85450452,0.375545932,0.855714451,0.10957135,0.48957135,evaluation_selection_50_percent_split
ego_AS,pmt_train_and_evaluation_samples_seed_2_241016_with_holdout.csv,train_sample_n_2000,catboost,"learning_rate=NA,subsample=0.8,depth=6",1000,0.366370379,0.113524413,0.085269463,0.085763084,0.744536028,0.363560165,0.112529286,0.082651892,0.083116281,0.741817356,0.369113104,0.114456402,0.087851421,0.088416622,0.747024934,evaluation_selection_50_percent_split,0.384229676,0.854814112,0.380550425,0.853318099,0.387858228,0.856339295,0.151462777,0.481462777,evaluation_selection_50_percent_split
ego_AS,pmt_train_and_evaluation_samples_seed_2_241016_with_holdout.csv,train_sample_n_2000,catboost,"learning_rate=NA,subsample=0.8,depth=6",1000,0.364065537,0.112754131,0.085696273,0.086067969,0.745602173,0.361349197,0.111770474,0.082897651,0.083238449,0.742910891,0.366871827,0.113758274,0.088369368,0.088805935,0.748318489,evaluation_test_50_percent_split,0.381925365,0.855917966,0.378043676,0.854295954,0.38569581,0.857506088,0.151462777,0.481462777,evaluation_selection_50_percent_split
ego_AS,pmt_train_and_evaluation_samples_seed_2_241016_with_holdout.csv,train_sample_n_2000,catboost,"learning_rate=NA,subsample=0.8,depth=6",1000,0.365811105,0.113368751,0.084981777,0.085441445,0.744572231,0.36468092,0.112986466,0.083898474,0.084323333,0.743483722,0.366882533,0.113748563,0.086111678,0.086590141,0.7456926,official_holdout_set,0.383230103,0.855108706,0.381794643,0.85450452,0.384667414,0.855714451,0.151462777,0.481462777,evaluation_selection_50_percent_split
ego_AS,pmt_train_and_evaluation_samples_seed_2_241016_with_holdout.csv,train_sample_n_400,catboost,"learning_rate=NA,subsample=0.8,depth=6",1000,0.389409659,0.117151345,0.056045221,0.066725214,0.724421574,0.386027185,0.116056571,0.053262242,0.063739292,0.721649615,0.392609432,0.118194148,0.058845963,0.069564498,0.727163988,evaluation_selection_50_percent_split,0.369843766,0.854814112,0.366293944,0.853318099,0.373158538,0.856339295,0.07700573,0.42700573,evaluation_selection_50_percent_split
ego_AS,pmt_train_and_evaluation_samples_seed_2_241016_with_holdout.csv,train_sample_n_400,catboost,"learning_rate=NA,subsample=0.8,depth=6",1000,0.388155365,0.116608777,0.054439615,0.064590306,0.722987679,0.384744263,0.11550008,0.051641266,0.061599465,0.720092467,0.391671658,0.117729012,0.057322155,0.067558547,0.725923172,evaluation_test_50_percent_split,0.366929569,0.855917966,0.3631305,0.854295954,0.370374781,0.857506088,0.07700573,0.42700573,evaluation_selection_50_percent_split
ego_AS,pmt_train_and_evaluation_samples_seed_2_241016_with_holdout.csv,train_sample_n_400,catboost,"learning_rate=NA,subsample=0.8,depth=6",1000,0.389821935,0.11719653,0.054087134,0.06464206,0.722460894,0.388511088,0.11677135,0.052915299,0.063447056,0.72131658,0.391166081,0.11762162,0.055262877,0.065859509,0.72363478,official_holdout_set,0.367765676,0.855108706,0.366347228,0.85450452,0.369209281,0.855714451,0.07700573,0.42700573,evaluation_selection_50_percent_split
ego_AS,pmt_train_and_evaluation_samples_seed_2_241016_with_holdout.csv,train_sample_n_4000,catboost,"learning_rate=NA,subsample=0.8,depth=6",1000,0.366932892,0.113113198,0.088582856,0.089045122,0.747400865,0.364084852,0.112141619,0.085836339,0.086238513,0.744735722,0.369652903,0.114036274,0.091248462,0.091750981,0.750041898,evaluation_selection_50_percent_split,0.390057505,0.854814112,0.386430408,0.853318099,0.393761493,0.856339295,0.170630324,0.590630324,evaluation_selection_50_percent_split
ego_AS,pmt_train_and_evaluation_samples_seed_2_241016_with_holdout.csv,train_sample_n_4000,catboost,"learning_rate=NA,subsample=0.8,depth=6",1000,0.364520859,0.112365159,0.088850381,0.089195114,0.748467033,0.361750948,0.111396121,0.086069299,0.086411233,0.745852624,0.367396099,0.113357293,0.091501967,0.091916087,0.751185853,evaluation_test_50_percent_split,0.387862398,0.855917966,0.383981525,0.854295954,0.391609356,0.857506088,0.170630324,0.590630324,evaluation_selection_50_percent_split
ego_AS,pmt_train_and_evaluation_samples_seed_2_241016_with_holdout.csv,train_sample_n_4000,catboost,"learning_rate=NA,subsample=0.8,depth=6",1000,0.366180612,0.112926564,0.088550745,0.088980081,0.747793032,0.365048108,0.112547312,0.087449669,0.087863589,0.746680584,0.367293806,0.11330541,0.089660049,0.090089661,0.748899664,official_holdout_set,0.389381645,0.855108706,0.387905288,0.85450452,0.390871857,0.855714451,0.170630324,0.590630324,evaluation_selection_50_percent_split
ego_AS,pmt_train_and_evaluation_samples_seed_2_241016_with_holdout.csv,train_sample_n_800,catboost,"learning_rate=NA,subsample=0.8,depth=6",1000,0.372829685,0.114927381,0.073964958,0.075411801,0.732747486,0.369997625,0.113913061,0.071282861,0.072570534,0.730016685,0.375537225,0.115891358,0.076721826,0.07811516,0.735465899,evaluation_selection_50_percent_split,0.370264538,0.854814112,0.366159207,0.853318099,0.374174829,0.856339295,0.166633277,0.566633277,evaluation_selection_50_percent_split
ego_AS,pmt_train_and_evaluation_samples_seed_2_241016_with_holdout.csv,train_sample_n_800,catboost,"learning_rate=NA,subsample=0.8,depth=6",1000,0.371186783,0.114346015,0.072787966,0.074024336,0.73240748,0.368397208,0.11331977,0.069979113,0.071109407,0.729640869,0.374048352,0.11536073,0.075439043,0.076781565,0.735088993,evaluation_test_50_percent_split,0.367733405,0.855917966,0.363501182,0.854295954,0.371583158,0.857506088,0.166633277,0.566633277,evaluation_selection_50_percent_split
ego_AS,pmt_train_and_evaluation_samples_seed_2_241016_with_holdout.csv,train_sample_n_800,catboost,"learning_rate=NA,subsample=0.8,depth=6",1000,0.372980286,0.114982538,0.071956635,0.073348394,0.731395161,0.371841602,0.11457771,0.070893203,0.072250154,0.730266462,0.374134263,0.115381429,0.073147217,0.074567719,0.732568911,official_holdout_set,0.36846433,0.855108706,0.366845207,0.85450452,0.370090012,0.855714451,0.166633277,0.566633277,evaluation_selection_50_percent_split
ego_AS,pmt_train_and_evaluation_samples_seed_2_241016_with_holdout.csv,train_sample_n_8000,catboost,"learning_rate=NA,subsample=0.8,depth=6",1000,0.363390115,0.112366892,0.094596266,0.094702203,0.75213793,0.360653884,0.111403883,0.091834417,0.091911926,0.749482349,0.36599699,0.1132594,0.097275523,0.097399506,0.754762087,evaluation_selection_50_percent_split,0.396961212,0.854814112,0.393128727,0.853318099,0.40079965,0.856339295,0.190307116,0.510307116,evaluation_selection_50_percent_split
ego_AS,pmt_train_and_evaluation_samples_seed_2_241016_with_holdout.csv,train_sample_n_8000,catboost,"learning_rate=NA,subsample=0.8,depth=6",1000,0.36125841,0.111695894,0.094277332,0.094331148,0.752623468,0.358613561,0.110747666,0.09149795,0.091535373,0.749945887,0.36407513,0.112670091,0.096873206,0.09692865,0.755286702,evaluation_test_50_percent_split,0.394446802,0.855917966,0.39047232,0.854295954,0.398215231,0.857506088,0.190307116,0.510307116,evaluation_selection_50_percent_split
ego_AS,pmt_train_and_evaluation_samples_seed_2_241016_with_holdout.csv,train_sample_n_8000,catboost,"learning_rate=NA,subsample=0.8,depth=6",1000,0.362837183,0.112255272,0.093968856,0.094059264,0.751875375,0.361735802,0.111874862,0.092931756,0.093012023,0.750810387,0.363910243,0.112625219,0.095048884,0.095145031,0.752920996,official_holdout_set,0.396054138,0.855108706,0.394525633,0.85450452,0.397602537,0.855714451,0.190307116,0.510307116,evaluation_selection_50_percent_split
ego_AS,pmt_train_and_evaluation_samples_seed_3_241016_with_holdout.csv,train_sample_n_100,catboost,"learning_rate=NA,subsample=0.8,depth=6",1000,0.39249869,0.12005043,0.028160709,0.0283111,0.711205479,0.389476058,0.1190073,0.024699957,0.024822227,0.708454007,0.395596199,0.121051159,0.031590701,0.031766882,0.713923267,evaluation_selection_50_percent_split,0.37411612,0.855627478,0.370458641,0.854136307,0.377645297,0.857191514,0.106518269,0.586518269,evaluation_selection_50_percent_split
ego_AS,pmt_train_and_evaluation_samples_seed_3_241016_with_holdout.csv,train_sample_n_100,catboost,"learning_rate=NA,subsample=0.8,depth=6",1000,0.392279962,0.120150651,0.030266746,0.030454276,0.713272764,0.38921819,0.11914749,0.026805103,0.026950002,0.710450639,0.395324765,0.121180253,0.033828526,0.034096495,0.716334439,evaluation_test_50_percent_split,0.377063545,0.8551046,0.373554016,0.853598783,0.380872028,0.856571564,0.106518269,0.586518269,evaluation_selection_50_percent_split
ego_AS,pmt_train_and_evaluation_samples_seed_3_241016_with_holdout.csv,train_sample_n_100,catboost,"learning_rate=NA,subsample=0.8,depth=6",1000,0.392597062,0.120192775,0.029903936,0.030091226,0.712386744,0.391288865,0.119761674,0.02849628,0.02866853,0.711174257,0.393888411,0.120618255,0.03136779,0.031558783,0.713623952,official_holdout_set,0.376248046,0.855108706,0.374817585,0.85450452,0.377672835,0.855714451,0.106518269,0.586518269,evaluation_selection_50_percent_split
ego_AS,pmt_train_and_evaluation_samples_seed_3_241016_with_holdout.csv,train_sample_n_1000,catboost,"learning_rate=NA,subsample=0.8,depth=6",1000,0.376771163,0.115420871,0.065638188,0.067661373,0.739236551,0.373660225,0.114432848,0.062793303,0.064677257,0.736771222,0.379662313,0.116356487,0.068474641,0.07058767,0.741710628,evaluation_selection_50_percent_split,0.380129207,0.855627478,0.376733403,0.854136307,0.383515702,0.857191514,0.111304313,0.741304313,evaluation_selection_50_percent_split
ego_AS,pmt_train_and_evaluation_samples_seed_3_241016_with_holdout.csv,train_sample_n_1000,catboost,"learning_rate=NA,subsample=0.8,depth=6",1000,0.37645523,0.115526856,0.067585295,0.069728545,0.740962471,0.373538183,0.114555792,0.064417051,0.066538954,0.738234155,0.379676353,0.116528588,0.070595868,0.072840026,0.743589068,evaluation_test_50_percent_split,0.381094767,0.8551046,0.37764598,0.853598783,0.384659923,0.856571564,0.111304313,0.741304313,evaluation_selection_50_percent_split
ego_AS,pmt_train_and_evaluation_samples_seed_3_241016_with_holdout.csv,train_sample_n_1000,catboost,"learning_rate=NA,subsample=0.8,depth=6",1000,0.376902565,0.115742249,0.06582488,0.067971185,0.740129561,0.375579069,0.115333807,0.06460499,0.066706391,0.739012796,0.378178033,0.116152132,0.066985978,0.069184218,0.741170407,official_holdout_set,0.381781723,0.855108706,0.380434616,0.85450452,0.383145817,0.855714451,0.111304313,0.741304313,evaluation_selection_50_percent_split
ego_AS,pmt_train_and_evaluation_samples_seed_3_241016_with_holdout.csv,train_sample_n_10000,catboost,"learning_rate=NA,subsample=0.8,depth=6",1000,0.362476936,0.112035593,0.093042888,0.093116779,0.750849758,0.359757347,0.111091783,0.09043718,0.090486697,0.748433874,0.365062407,0.112910709,0.095725245,0.095818007,0.753408123,evaluation_selection_50_percent_split,0.390380413,0.855627478,0.386818229,0.854136307,0.393960298,0.857191514,0.170355275,0.450355275,evaluation_selection_50_percent_split
ego_AS,pmt_train_and_evaluation_samples_seed_3_241016_with_holdout.csv,train_sample_n_10000,catboost,"learning_rate=NA,subsample=0.8,depth=6",1000,0.361975001,0.112063096,0.095541227,0.095640903,0.752840105,0.35940546,0.11118811,0.092789909,0.09285148,0.750239322,0.364674065,0.112991633,0.098297604,0.098440836,0.755485302,evaluation_test_50_percent_split,0.393568323,0.8551046,0.389874258,0.853598783,0.397295649,0.856571564,0.170355275,0.450355275,evaluation_selection_50_percent_split
ego_AS,pmt_train_and_evaluation_samples_seed_3_241016_with_holdout.csv,train_sample_n_10000,catboost,"learning_rate=NA,subsample=0.8,depth=6",1000,0.362173704,0.112102738,0.095199978,0.095299472,0.752529662,0.361041373,0.111728933,0.094078435,0.094159227,0.751459187,0.363258938,0.112463066,0.096352024,0.096469397,0.753648535,official_holdout_set,0.392971619,0.855108706,0.391538561,0.85450452,0.394439005,0.855714451,0.170355275,0.450355275,evaluation_selection_50_percent_split
ego_AS,pmt_train_and_evaluation_samples_seed_3_241016_with_holdout.csv,train_sample_n_200,catboost,"learning_rate=NA,subsample=0.8,depth=6",1000,0.396453698,0.118604963,0.039862135,0.046521368,0.712191612,0.393001021,0.117521442,0.037183249,0.043667341,0.709410163,0.399752043,0.119638367,0.042713856,0.049468301,0.714953889,evaluation_selection_50_percent_split,0.379996578,0.855627478,0.376516963,0.854136307,0.383399534,0.857191514,0.106894937,0.496894937,evaluation_selection_50_percent_split
ego_AS,pmt_train_and_evaluation_samples_seed_3_241016_with_holdout.csv,train_sample_n_200,catboost,"learning_rate=NA,subsample=0.8,depth=6",1000,0.396387287,0.118810938,0.041079546,0.047947004,0.714116684,0.393016654,0.117750663,0.038170364,0.044879272,0.711135929,0.399805786,0.119883083,0.043983287,0.050959368,0.717143827,evaluation_test_50_percent_split,0.383289782,0.8551046,0.379700961,0.853598783,0.386963153,0.856571564,0.106894937,0.496894937,evaluation_selection_50_percent_split
ego_AS,pmt_train_and_evaluation_samples_seed_3_241016_with_holdout.csv,train_sample_n_200,catboost,"learning_rate=NA,subsample=0.8,depth=6",1000,0.39660736,0.118779451,0.04131111,0.048175198,0.713527922,0.395152101,0.118349905,0.040153347,0.046988661,0.712308542,0.39801623,0.119219873,0.042473951,0.049363812,0.714722638,official_holdout_set,0.382175492,0.855108706,0.380769764,0.85450452,0.383590821,0.855714451,0.106894937,0.496894937,evaluation_selection_50_percent_split
ego_AS,pmt_train_and_evaluation_samples_seed_3_241016_with_holdout.csv,train_sample_n_2000,catboost,"learning_rate=NA,subsample=0.8,depth=6",1000,0.370840313,0.113706743,0.079514495,0.079540622,0.746640083,0.367913487,0.112763796,0.076435931,0.076465313,0.744255317,0.37366819,0.114619101,0.082649338,0.082695681,0.749173152,evaluation_selection_50_percent_split,0.38950067,0.855627478,0.385799246,0.854136307,0.393210572,0.857191514,0.160557734,0.730557734,evaluation_selection_50_percent_split
ego_AS,pmt_train_and_evaluation_samples_seed_3_241016_with_holdout.csv,train_sample_n_2000,catboost,"learning_rate=NA,subsample=0.8,depth=6",1000,0.3706804,0.113846359,0.081148554,0.081191105,0.748296441,0.367891343,0.112927853,0.077805866,0.077847796,0.74556074,0.373718806,0.11479818,0.084527963,0.0846016,0.750906039,evaluation_test_50_percent_split,0.391769164,0.8551046,0.387919185,0.853598783,0.395542318,0.856571564,0.160557734,0.730557734,evaluation_selection_50_percent_split
ego_AS,pmt_train_and_evaluation_samples_seed_3_241016_with_holdout.csv,train_sample_n_2000,catboost,"learning_rate=NA,subsample=0.8,depth=6",1000,0.370691421,0.113911908,0.080597867,0.080640298,0.74820881,0.369409293,0.113513358,0.079298549,0.079331347,0.74710157,0.371888129,0.11428729,0.081960813,0.082016117,0.749265794,official_holdout_set,0.391082487,0.855108706,0.389499168,0.85450452,0.392549725,0.855714451,0.160557734,0.730557734,evaluation_selection_50_percent_split
ego_AS,pmt_train_and_evaluation_samples_seed_3_241016_with_holdout.csv,train_sample_n_400,catboost,"learning_rate=NA,subsample=0.8,depth=6",1000,0.37741047,0.116552985,0.056473432,0.056834053,0.737164781,0.374457791,0.115577895,0.052982005,0.053340127,0.734705067,0.380354101,0.117524714,0.06000346,0.06037313,0.739748047,evaluation_selection_50_percent_split,0.390264931,0.855627478,0.386620121,0.854136307,0.394009554,0.857191514,0.154473489,0.674473489,evaluation_selection_50_percent_split
ego_AS,pmt_train_and_evaluation_samples_seed_3_241016_with_holdout.csv,train_sample_n_400,catboost,"learning_rate=NA,subsample=0.8,depth=6",1000,0.37761359,0.116850359,0.05690333,0.057319446,0.73824894,0.374636509,0.115901342,0.053328805,0.053674139,0.735528639,0.38065356,0.117837899,0.060575963,0.061051151,0.740965298,evaluation_test_50_percent_split,0.390802877,0.8551046,0.386970123,0.853598783,0.394650257,0.856571564,0.154473489,0.674473489,evaluation_selection_50_percent_split
ego_AS,pmt_train_and_evaluation_samples_seed_3_241016_with_holdout.csv,train_sample_n_400,catboost,"learning_rate=NA,subsample=0.8,depth=6",1000,0.377501947,0.11674693,0.057715926,0.058131232,0.738260158,0.376229493,0.116339049,0.05627035,0.056644398,0.737140291,0.378722593,0.117141102,0.059122771,0.05955647,0.739324967,official_holdout_set,0.390600463,0.855108706,0.389103047,0.85450452,0.392056353,0.855714451,0.154473489,0.674473489,evaluation_selection_50_percent_split
ego_AS,pmt_train_and_evaluation_samples_seed_3_241016_with_holdout.csv,train_sample_n_4000,catboost,"learning_rate=NA,subsample=0.8,depth=6",1000,0.366054771,0.11339326,0.082052221,0.082057878,0.745482193,0.36342713,0.112482809,0.079034175,0.079034833,0.74300173,0.368650385,0.114273131,0.084983975,0.085009098,0.747951849,evaluation_selection_50_percent_split,0.386171927,0.855627478,0.382492381,0.854136307,0.389841047,0.857191514,0.160614706,0.680614706,evaluation_selection_50_percent_split
ego_AS,pmt_train_and_evaluation_samples_seed_3_241016_with_holdout.csv,train_sample_n_4000,catboost,"learning_rate=NA,subsample=0.8,depth=6",1000,0.364968957,0.113213308,0.086257894,0.086272254,0.748769434,0.362360363,0.112317577,0.083093966,0.083098344,0.746103765,0.367747267,0.114146971,0.089432474,0.089474938,0.751388571,evaluation_test_50_percent_split,0.38898755,0.8551046,0.385108117,0.853598783,0.392928791,0.856571564,0.160614706,0.680614706,evaluation_selection_50_percent_split
ego_AS,pmt_train_and_evaluation_samples_seed_3_241016_with_holdout.csv,train_sample_n_4000,catboost,"learning_rate=NA,subsample=0.8,depth=6",1000,0.365695162,0.113437935,0.084423385,0.084437689,0.747347103,0.364586071,0.113068815,0.083169931,0.08318451,0.746270973,0.366796847,0.113811284,0.085700579,0.085720483,0.74841759,official_holdout_set,0.387908869,0.855108706,0.386356268,0.85450452,0.389400502,0.855714451,0.160614706,0.680614706,evaluation_selection_50_percent_split
ego_AS,pmt_train_and_evaluation_samples_seed_3_241016_with_holdout.csv,train_sample_n_800,catboost,"learning_rate=NA,subsample=0.8,depth=6",1000,0.378699518,0.1155852,0.064307896,0.065161827,0.739734642,0.375608837,0.114606285,0.061135497,0.061901017,0.737285706,0.381686175,0.116536522,0.067337488,0.068252711,0.742216647,evaluation_selection_50_percent_split,0.381654174,0.855627478,0.378185888,0.854136307,0.38512312,0.857191514,0.131574304,0.631574304,evaluation_selection_50_percent_split
ego_AS,pmt_train_and_evaluation_samples_seed_3_241016_with_holdout.csv,train_sample_n_800,catboost,"learning_rate=NA,subsample=0.8,depth=6",1000,0.379087729,0.115868276,0.064829703,0.065766344,0.740661146,0.376042699,0.114904886,0.061471871,0.062327892,0.737994873,0.382323767,0.116838775,0.068203414,0.06924253,0.743291533,evaluation_test_50_percent_split,0.381896049,0.8551046,0.378354074,0.853598783,0.385589261,0.856571564,0.131574304,0.631574304,evaluation_selection_50_percent_split
ego_AS,pmt_train_and_evaluation_samples_seed_3_241016_with_holdout.csv,train_sample_n_800,catboost,"learning_rate=NA,subsample=0.8,depth=6",1000,0.378955719,0.11589353,0.064603865,0.065540064,0.740312204,0.377619928,0.115484706,0.063251371,0.064159429,0.739239374,0.380229955,0.116292491,0.065894368,0.066845785,0.741364681,official_holdout_set,0.382850981,0.855108706,0.381457553,0.85450452,0.384232103,0.855714451,0.131574304,0.631574304,evaluation_selection_50_percent_split
ego_AS,pmt_train_and_evaluation_samples_seed_3_241016_with_holdout.csv,train_sample_n_8000,catboost,"learning_rate=NA,subsample=0.8,depth=6",1000,0.364280714,0.112666657,0.087934256,0.08800624,0.747233668,0.361648538,0.111723243,0.08518131,0.085246657,0.744766431,0.366834758,0.113530551,0.09078226,0.090862074,0.749822239,evaluation_selection_50_percent_split,0.388131387,0.855627478,0.384449886,0.854136307,0.391629828,0.857191514,0.160438683,0.450438683,evaluation_selection_50_percent_split
ego_AS,pmt_train_and_evaluation_samples_seed_3_241016_with_holdout.csv,train_sample_n_8000,catboost,"learning_rate=NA,subsample=0.8,depth=6",1000,0.363669514,0.112649525,0.09080817,0.090905675,0.749644515,0.361113863,0.111768424,0.087912161,0.087962445,0.747011425,0.366354208,0.113574013,0.09375465,0.093878743,0.752232612,evaluation_test_50_percent_split,0.39089507,0.8551046,0.387161019,0.853598783,0.394675877,0.856571564,0.160438683,0.450438683,evaluation_selection_50_percent_split
ego_AS,pmt_train_and_evaluation_samples_seed_3_241016_with_holdout.csv,train_sample_n_8000,catboost,"learning_rate=NA,subsample=0.8,depth=6",1000,0.363923551,0.112736033,0.090088547,0.090185911,0.749059159,0.362811291,0.112357826,0.088901012,0.088990889,0.747958942,0.365021688,0.113102205,0.091305363,0.091421584,0.750167083,official_holdout_set,0.390478052,0.855108706,0.389004914,0.85450452,0.391906454,0.855714451,0.160438683,0.450438683,evaluation_selection_50_percent_split
ego_AS,pmt_train_and_evaluation_samples_seed_4_241016_with_holdout.csv,train_sample_n_100,catboost,"learning_rate=NA,subsample=0.8,depth=6",1000,0.442442111,0.137745698,-0.110540851,-0.108507367,0.711316427,0.438943399,0.13664442,-0.117256808,-0.115403259,0.70834936,0.445938255,0.138845545,-0.103982657,-0.101811309,0.714358633,evaluation_selection_50_percent_split,0.379092874,0.854915783,0.375579132,0.853424369,0.382346248,0.856411917,0.05679735,0.79679735,evaluation_selection_50_percent_split
ego_AS,pmt_train_and_evaluation_samples_seed_4_241016_with_holdout.csv,train_sample_n_100,catboost,"learning_rate=NA,subsample=0.8,depth=6",1000,0.44302661,0.137866583,-0.117280661,-0.11546206,0.708478674,0.439505184,0.136737192,-0.123962566,-0.122210558,0.705516742,0.446539285,0.13897585,-0.110565682,-0.108557504,0.711472655,evaluation_test_50_percent_split,0.375285153,0.855816295,0.371886003,0.854286271,0.378917564,0.857322233,0.05679735,0.79679735,evaluation_selection_50_percent_split
ego_AS,pmt_train_and_evaluation_samples_seed_4_241016_with_holdout.csv,train_sample_n_100,catboost,"learning_rate=NA,subsample=0.8,depth=6",1000,0.443741583,0.138229478,-0.115673323,-0.113680074,0.709517236,0.442255943,0.137769318,-0.118538563,-0.116619096,0.70827947,0.445118127,0.138675896,-0.112966329,-0.110953324,0.710663392,official_holdout_set,0.377719252,0.855108706,0.376354555,0.85450452,0.37906205,0.855714451,0.05679735,0.79679735,evaluation_selection_50_percent_split
ego_AS,pmt_train_and_evaluation_samples_seed_4_241016_with_holdout.csv,train_sample_n_1000,catboost,"learning_rate=NA,subsample=0.8,depth=6",1000,0.372971248,0.114244271,0.07893363,0.079208436,0.747512212,0.370113981,0.11332594,0.07544232,0.075702602,0.744931429,0.375794099,0.11515014,0.082064256,0.082396184,0.750074571,evaluation_selection_50_percent_split,0.387366141,0.854915783,0.383694483,0.853424369,0.390876152,0.856411917,0.131184383,0.591184383,evaluation_selection_50_percent_split
ego_AS,pmt_train_and_evaluation_samples_seed_4_241016_with_holdout.csv,train_sample_n_1000,catboost,"learning_rate=NA,subsample=0.8,depth=6",1000,0.373312812,0.114091522,0.075394137,0.075595438,0.74468641,0.370326313,0.113123668,0.072287186,0.072436924,0.742124853,0.376212454,0.115018311,0.0789832,0.079256468,0.747368622,evaluation_test_50_percent_split,0.384665163,0.855816295,0.381222939,0.854286271,0.388426343,0.857322233,0.131184383,0.591184383,evaluation_selection_50_percent_split
ego_AS,pmt_train_and_evaluation_samples_seed_4_241016_with_holdout.csv,train_sample_n_1000,catboost,"learning_rate=NA,subsample=0.8,depth=6",1000,0.373352971,0.114350548,0.07705753,0.077316,0.746149958,0.372091799,0.113944875,0.075739779,0.075989021,0.745043545,0.374513261,0.114729019,0.078446374,0.078729184,0.747271331,official_holdout_set,0.386981532,0.855108706,0.385604862,0.85450452,0.388362813,0.855714451,0.131184383,0.591184383,evaluation_selection_50_percent_split
ego_AS,pmt_train_and_evaluation_samples_seed_4_241016_with_holdout.csv,train_sample_n_10000,catboost,"learning_rate=NA,subsample=0.8,depth=6",1000,0.364095376,0.112728545,0.0911538,0.091154881,0.751871984,0.361448385,0.111859093,0.088070843,0.088071258,0.749290755,0.366764019,0.113621861,0.093970522,0.093980086,0.754380419,evaluation_selection_50_percent_split,0.393171753,0.854915783,0.389247859,0.853424369,0.396929523,0.856411917,0.180565439,0.560565439,evaluation_selection_50_percent_split
ego_AS,pmt_train_and_evaluation_samples_seed_4_241016_with_holdout.csv,train_sample_n_10000,catboost,"learning_rate=NA,subsample=0.8,depth=6",1000,0.364196922,0.112624397,0.087283827,0.087285798,0.748939715,0.361535636,0.111716284,0.084447283,0.084460461,0.746412436,0.366841006,0.113523966,0.09031319,0.090315163,0.751536135,evaluation_test_50_percent_split,0.388250934,0.855816295,0.384622882,0.854286271,0.392197419,0.857322233,0.180565439,0.560565439,evaluation_selection_50_percent_split
ego_AS,pmt_train_and_evaluation_samples_seed_4_241016_with_holdout.csv,train_sample_n_10000,catboost,"learning_rate=NA,subsample=0.8,depth=6",1000,0.364152013,0.112714797,0.090259951,0.09026022,0.750976658,0.363063774,0.112334056,0.089029344,0.089029926,0.749928257,0.36518994,0.113075845,0.091482783,0.091484102,0.752105128,official_holdout_set,0.391622714,0.855108706,0.390115697,0.85450452,0.393123045,0.855714451,0.180565439,0.560565439,evaluation_selection_50_percent_split
ego_AS,pmt_train_and_evaluation_samples_seed_4_241016_with_holdout.csv,train_sample_n_200,catboost,"learning_rate=NA,subsample=0.8,depth=6",1000,0.421523457,0.124822808,-0.006353221,0.00353554,0.713351373,0.417831092,0.123731907,-0.010609056,-0.000970558,0.710461861,0.425189066,0.125880337,-0.001997379,0.008012132,0.716249382,evaluation_selection_50_percent_split,0.378118827,0.854915783,0.374514275,0.853424369,0.381428235,0.856411917,0.067318945,0.667318945,evaluation_selection_50_percent_split
ego_AS,pmt_train_and_evaluation_samples_seed_4_241016_with_holdout.csv,train_sample_n_200,catboost,"learning_rate=NA,subsample=0.8,depth=6",1000,0.421497519,0.124566534,-0.009496105,-2.60424E-05,0.711127291,0.417647483,0.123450745,-0.013768737,-0.004444126,0.708265638,0.425206809,0.12564969,-0.005182723,0.004538179,0.713971434,evaluation_test_50_percent_split,0.374532952,0.855816295,0.371082073,0.854286271,0.378145752,0.857322233,0.067318945,0.667318945,evaluation_selection_50_percent_split
ego_AS,pmt_train_and_evaluation_samples_seed_4_241016_with_holdout.csv,train_sample_n_200,catboost,"learning_rate=NA,subsample=0.8,depth=6",1000,0.422502319,0.125179265,-0.010342868,-0.000511978,0.712037285,0.420960368,0.124731277,-0.012221086,-0.002418411,0.710883484,0.424020068,0.125615084,-0.008626035,0.001279384,0.713167154,official_holdout_set,0.377061683,0.855108706,0.375716733,0.85450452,0.378411362,0.855714451,0.067318945,0.667318945,evaluation_selection_50_percent_split
ego_AS,pmt_train_and_evaluation_samples_seed_4_241016_with_holdout.csv,train_sample_n_2000,catboost,"learning_rate=NA,subsample=0.8,depth=6",1000,0.366139144,0.113405757,0.085693943,0.085764057,0.750967024,0.363462472,0.112519747,0.082585702,0.082622964,0.74833919,0.368839889,0.114313971,0.088630529,0.088691767,0.75363441,evaluation_selection_50_percent_split,0.393482845,0.854915783,0.389872274,0.853424369,0.397142187,0.856411917,0.181496447,0.611496447,evaluation_selection_50_percent_split
ego_AS,pmt_train_and_evaluation_samples_seed_4_241016_with_holdout.csv,train_sample_n_2000,catboost,"learning_rate=NA,subsample=0.8,depth=6",1000,0.367375759,0.113599245,0.079383583,0.079419159,0.746051594,0.364577177,0.112648998,0.076508481,0.076549664,0.743482344,0.370181378,0.114510436,0.082542252,0.082583058,0.748599126,evaluation_test_50_percent_split,0.388223198,0.855816295,0.38461824,0.854286271,0.391992922,0.857322233,0.181496447,0.611496447,evaluation_selection_50_percent_split
ego_AS,pmt_train_and_evaluation_samples_seed_4_241016_with_holdout.csv,train_sample_n_2000,catboost,"learning_rate=NA,subsample=0.8,depth=6",1000,0.366903407,0.113602257,0.08309711,0.083158971,0.748517919,0.365737028,0.113207282,0.081878465,0.081938891,0.747422516,0.36799337,0.113968333,0.084388261,0.084459057,0.749632893,official_holdout_set,0.391433516,0.855108706,0.389954298,0.85450452,0.392923306,0.855714451,0.181496447,0.611496447,evaluation_selection_50_percent_split
ego_AS,pmt_train_and_evaluation_samples_seed_4_241016_with_holdout.csv,train_sample_n_400,catboost,"learning_rate=NA,subsample=0.8,depth=6",1000,0.397465605,0.11985473,0.033700681,0.034492264,0.726102152,0.394280429,0.118844739,0.02975341,0.030517528,0.723476315,0.400657669,0.120881444,0.037551261,0.038378486,0.728897504,evaluation_selection_50_percent_split,0.36716521,0.854915783,0.363644426,0.853424369,0.370537167,0.856411917,0.054536054,0.594536054,evaluation_selection_50_percent_split
ego_AS,pmt_train_and_evaluation_samples_seed_4_241016_with_holdout.csv,train_sample_n_400,catboost,"learning_rate=NA,subsample=0.8,depth=6",1000,0.397857052,0.119831717,0.028875187,0.029538498,0.722930212,0.39448949,0.118768217,0.025250727,0.025802862,0.720227602,0.401003186,0.12082826,0.032636249,0.033441718,0.725781608,evaluation_test_50_percent_split,0.364805481,0.855816295,0.36151088,0.854286271,0.368234372,0.857322233,0.054536054,0.594536054,evaluation_selection_50_percent_split
ego_AS,pmt_train_and_evaluation_samples_seed_4_241016_with_holdout.csv,train_sample_n_400,catboost,"learning_rate=NA,subsample=0.8,depth=6",1000,0.398626386,0.120255933,0.029394175,0.030160023,0.724364736,0.397260133,0.11982273,0.027839474,0.028607814,0.723249234,0.399974433,0.120687833,0.031008035,0.031814623,0.7255036,official_holdout_set,0.367072643,0.855108706,0.365734638,0.85450452,0.368388579,0.855714451,0.054536054,0.594536054,evaluation_selection_50_percent_split
ego_AS,pmt_train_and_evaluation_samples_seed_4_241016_with_holdout.csv,train_sample_n_4000,catboost,"learning_rate=NA,subsample=0.8,depth=6",1000,0.365966033,0.113405614,0.085695096,0.08569637,0.750384096,0.363322626,0.112527497,0.082479115,0.082481295,0.747822932,0.368624921,0.114314762,0.088726125,0.088730129,0.752994376,evaluation_selection_50_percent_split,0.389001834,0.854915783,0.385131224,0.853424369,0.39280238,0.856411917,0.200857317,0.620857317,evaluation_selection_50_percent_split
ego_AS,pmt_train_and_evaluation_samples_seed_4_241016_with_holdout.csv,train_sample_n_4000,catboost,"learning_rate=NA,subsample=0.8,depth=6",1000,0.365969843,0.113214614,0.082500667,0.08251355,0.747455583,0.363254764,0.112293018,0.079528608,0.079591641,0.744929739,0.368673974,0.114135096,0.085724857,0.085727553,0.750061418,evaluation_test_50_percent_split,0.385445445,0.855816295,0.381727878,0.854286271,0.389443585,0.857322233,0.200857317,0.620857317,evaluation_selection_50_percent_split
ego_AS,pmt_train_and_evaluation_samples_seed_4_241016_with_holdout.csv,train_sample_n_4000,catboost,"learning_rate=NA,subsample=0.8,depth=6",1000,0.366152689,0.113447714,0.084344455,0.084347194,0.749188231,0.364984532,0.113062954,0.083077236,0.083082246,0.748117287,0.36723145,0.113813504,0.08565006,0.08565252,0.750285255,official_holdout_set,0.38895405,0.855108706,0.387387426,0.85450452,0.390554113,0.855714451,0.200857317,0.620857317,evaluation_selection_50_percent_split
ego_AS,pmt_train_and_evaluation_samples_seed_4_241016_with_holdout.csv,train_sample_n_800,catboost,"learning_rate=NA,subsample=0.8,depth=6",1000,0.373377738,0.115124125,0.071840023,0.07195002,0.744928626,0.370592976,0.11421818,0.068107306,0.06819968,0.742328787,0.3761585,0.116044208,0.075312418,0.075477549,0.747577095,evaluation_selection_50_percent_split,0.380791994,0.854915783,0.376904646,0.853424369,0.384438292,0.856411917,0.152027966,0.642027966,evaluation_selection_50_percent_split
ego_AS,pmt_train_and_evaluation_samples_seed_4_241016_with_holdout.csv,train_sample_n_800,catboost,"learning_rate=NA,subsample=0.8,depth=6",1000,0.373407861,0.114878375,0.069017427,0.069082357,0.742581314,0.370450196,0.113900509,0.065561441,0.065649389,0.739978539,0.376239678,0.115828361,0.072853372,0.07295208,0.745301988,evaluation_test_50_percent_split,0.377214968,0.855816295,0.373316911,0.854286271,0.381178336,0.857322233,0.152027966,0.642027966,evaluation_selection_50_percent_split
ego_AS,pmt_train_and_evaluation_samples_seed_4_241016_with_holdout.csv,train_sample_n_800,catboost,"learning_rate=NA,subsample=0.8,depth=6",1000,0.373719678,0.115224951,0.070000075,0.070099589,0.744069093,0.372487602,0.114818944,0.068578872,0.068683799,0.742972516,0.374842563,0.115604257,0.071475687,0.071566847,0.745181045,official_holdout_set,0.380285193,0.855108706,0.378804222,0.85450452,0.381708857,0.855714451,0.152027966,0.642027966,evaluation_selection_50_percent_split
ego_AS,pmt_train_and_evaluation_samples_seed_4_241016_with_holdout.csv,train_sample_n_8000,catboost,"learning_rate=NA,subsample=0.8,depth=6",1000,0.365065361,0.113093954,0.088207777,0.088214541,0.749312228,0.36237341,0.112228894,0.085160007,0.08516232,0.746776494,0.367649318,0.113980889,0.091087546,0.091115359,0.751858904,evaluation_selection_50_percent_split,0.391365923,0.854915783,0.387347384,0.853424369,0.395042815,0.856411917,0.180984588,0.570984588,evaluation_selection_50_percent_split
ego_AS,pmt_train_and_evaluation_samples_seed_4_241016_with_holdout.csv,train_sample_n_8000,catboost,"learning_rate=NA,subsample=0.8,depth=6",1000,0.365178405,0.112948824,0.084654649,0.084654674,0.746678498,0.362540432,0.112027561,0.081815449,0.081819047,0.744151712,0.367796033,0.113836886,0.087821147,0.087824126,0.749337798,evaluation_test_50_percent_split,0.386863171,0.855816295,0.383164592,0.854286271,0.390810047,0.857322233,0.180984588,0.570984588,evaluation_selection_50_percent_split
ego_AS,pmt_train_and_evaluation_samples_seed_4_241016_with_holdout.csv,train_sample_n_8000,catboost,"learning_rate=NA,subsample=0.8,depth=6",1000,0.365187499,0.113102854,0.087127875,0.087132201,0.74844627,0.364081036,0.112725573,0.085899481,0.085900345,0.747389851,0.366242376,0.113462744,0.088368348,0.088375527,0.749545298,official_holdout_set,0.389985675,0.855108706,0.388474695,0.85450452,0.39153867,0.855714451,0.180984588,0.570984588,evaluation_selection_50_percent_split
ego_AS,pmt_train_and_evaluation_samples_seed_5_241016_with_holdout.csv,train_sample_n_100,catboost,"learning_rate=NA,subsample=0.8,depth=6",1000,0.397549206,0.119661086,0.034967747,0.039819479,0.702856789,0.394073428,0.118612895,0.031635792,0.036307007,0.699901913,0.400827507,0.120725862,0.038381701,0.043518394,0.705887903,evaluation_selection_50_percent_split,0.382202161,0.854969039,0.378405699,0.8533906,0.386080568,0.856523876,0.163747581,0.473747581,evaluation_selection_50_percent_split
ego_AS,pmt_train_and_evaluation_samples_seed_5_241016_with_holdout.csv,train_sample_n_100,catboost,"learning_rate=NA,subsample=0.8,depth=6",1000,0.398873188,0.119835098,0.029145951,0.033744473,0.699064193,0.395461639,0.118794426,0.025542173,0.030053866,0.695851186,0.402360914,0.120914551,0.032612283,0.037475106,0.702074131,evaluation_test_50_percent_split,0.375230495,0.855763039,0.371566151,0.854213286,0.379073065,0.857307588,0.163747581,0.473747581,evaluation_selection_50_percent_split
ego_AS,pmt_train_and_evaluation_samples_seed_5_241016_with_holdout.csv,train_sample_n_100,catboost,"learning_rate=NA,subsample=0.8,depth=6",1000,0.398697652,0.119947191,0.031886083,0.036703247,0.700805649,0.397317464,0.119532203,0.030465632,0.035203414,0.699570371,0.400008989,0.120354011,0.033337612,0.038203013,0.702061719,official_holdout_set,0.37842277,0.855108706,0.37689856,0.85450452,0.379962672,0.855714451,0.163747581,0.473747581,evaluation_selection_50_percent_split
ego_AS,pmt_train_and_evaluation_samples_seed_5_241016_with_holdout.csv,train_sample_n_1000,catboost,"learning_rate=NA,subsample=0.8,depth=6",1000,0.370962977,0.114481133,0.076742578,0.078421748,0.739199597,0.368001806,0.113475355,0.074187999,0.075836976,0.736564769,0.373912309,0.115493875,0.079284343,0.081031199,0.74176893,evaluation_selection_50_percent_split,0.391584707,0.854969039,0.387848062,0.8533906,0.395271779,0.856523876,0.161689874,0.521689874,evaluation_selection_50_percent_split
ego_AS,pmt_train_and_evaluation_samples_seed_5_241016_with_holdout.csv,train_sample_n_1000,catboost,"learning_rate=NA,subsample=0.8,depth=6",1000,0.371933477,0.114402959,0.073154874,0.074674368,0.735134101,0.368996748,0.113403413,0.070496161,0.071957989,0.732419022,0.374883591,0.115390419,0.075693301,0.077278407,0.737737921,evaluation_test_50_percent_split,0.386362368,0.855763039,0.382667127,0.854213286,0.389998082,0.857307588,0.161689874,0.521689874,evaluation_selection_50_percent_split
ego_AS,pmt_train_and_evaluation_samples_seed_5_241016_with_holdout.csv,train_sample_n_1000,catboost,"learning_rate=NA,subsample=0.8,depth=6",1000,0.371481869,0.114478451,0.076025206,0.077675969,0.737769046,0.370313266,0.114084846,0.07494433,0.076581071,0.736656292,0.372645835,0.114865384,0.077056231,0.078733772,0.738874917,official_holdout_set,0.389915039,0.855108706,0.388425932,0.85450452,0.39139428,0.855714451,0.161689874,0.521689874,evaluation_selection_50_percent_split
ego_AS,pmt_train_and_evaluation_samples_seed_5_241016_with_holdout.csv,train_sample_n_10000,catboost,"learning_rate=NA,subsample=0.8,depth=6",1000,0.360250121,0.111840234,0.098040671,0.098164784,0.755590532,0.3575644,0.11088331,0.095374872,0.095468302,0.753083954,0.362833916,0.112766245,0.10069322,0.100875976,0.758022595,evaluation_selection_50_percent_split,0.399566319,0.854969039,0.395830168,0.8533906,0.403312382,0.856523876,0.180737135,0.510737135,evaluation_selection_50_percent_split
ego_AS,pmt_train_and_evaluation_samples_seed_5_241016_with_holdout.csv,train_sample_n_10000,catboost,"learning_rate=NA,subsample=0.8,depth=6",1000,0.361653904,0.111859782,0.093758633,0.093840381,0.751052213,0.359037844,0.110919836,0.090936539,0.091009213,0.748373691,0.364301036,0.112804768,0.096530012,0.096629011,0.75366611,evaluation_test_50_percent_split,0.394272531,0.855763039,0.390503012,0.854213286,0.398050115,0.857307588,0.180737135,0.510737135,evaluation_selection_50_percent_split
ego_AS,pmt_train_and_evaluation_samples_seed_5_241016_with_holdout.csv,train_sample_n_10000,catboost,"learning_rate=NA,subsample=0.8,depth=6",1000,0.36105212,0.111959643,0.096354922,0.096471095,0.753571475,0.359988819,0.111587416,0.095228835,0.095329566,0.752509978,0.362094655,0.112319341,0.097503958,0.097627739,0.754655042,official_holdout_set,0.398343132,0.855108706,0.396922864,0.85450452,0.39980033,0.855714451,0.180737135,0.510737135,evaluation_selection_50_percent_split
ego_AS,pmt_train_and_evaluation_samples_seed_5_241016_with_holdout.csv,train_sample_n_200,catboost,"learning_rate=NA,subsample=0.8,depth=6",1000,0.436815723,0.123636221,0.002909429,0.026681021,0.67034464,0.432588833,0.122428505,0.000147956,0.02391001,0.667386682,0.441079757,0.12484516,0.005779907,0.02958432,0.673459792,evaluation_selection_50_percent_split,0.355992352,0.854969039,0.352633702,0.8533906,0.359589566,0.856523876,0.085619702,0.505619702,evaluation_selection_50_percent_split
ego_AS,pmt_train_and_evaluation_samples_seed_5_241016_with_holdout.csv,train_sample_n_200,catboost,"learning_rate=NA,subsample=0.8,depth=6",1000,0.436701417,0.12336291,0.000565081,0.02382919,0.667074553,0.432577532,0.122185129,-0.002284099,0.020972142,0.663945738,0.44096467,0.124582763,0.003394334,0.026706764,0.670122446,evaluation_test_50_percent_split,0.352557392,0.855763039,0.349201182,0.854213286,0.35588591,0.857307588,0.085619702,0.505619702,evaluation_selection_50_percent_split
ego_AS,pmt_train_and_evaluation_samples_seed_5_241016_with_holdout.csv,train_sample_n_200,catboost,"learning_rate=NA,subsample=0.8,depth=6",1000,0.437212471,0.123696084,0.00162814,0.025330985,0.668916991,0.435454452,0.12322511,0.000526854,0.024210162,0.667709914,0.438837745,0.124152923,0.002770204,0.02649503,0.670155707,official_holdout_set,0.354425,0.855108706,0.353042888,0.85450452,0.355862897,0.855714451,0.085619702,0.505619702,evaluation_selection_50_percent_split
ego_AS,pmt_train_and_evaluation_samples_seed_5_241016_with_holdout.csv,train_sample_n_2000,catboost,"learning_rate=NA,subsample=0.8,depth=6",1000,0.369125727,0.113601784,0.083834281,0.086230152,0.744658268,0.36605938,0.112587924,0.081340484,0.083662763,0.742098025,0.372184134,0.114637069,0.086358958,0.088825483,0.747147487,evaluation_selection_50_percent_split,0.394070918,0.854969039,0.390281849,0.8533906,0.397918907,0.856523876,0.17108642,0.53108642,evaluation_selection_50_percent_split
ego_AS,pmt_train_and_evaluation_samples_seed_5_241016_with_holdout.csv,train_sample_n_2000,catboost,"learning_rate=NA,subsample=0.8,depth=6",1000,0.369610299,0.113348273,0.081699501,0.08390462,0.741355795,0.366719432,0.112350951,0.078991011,0.081077137,0.738577452,0.372551439,0.114343028,0.084203908,0.086462874,0.744004494,evaluation_test_50_percent_split,0.389926209,0.855763039,0.386058857,0.854213286,0.393986095,0.857307588,0.17108642,0.53108642,evaluation_selection_50_percent_split
ego_AS,pmt_train_and_evaluation_samples_seed_5_241016_with_holdout.csv,train_sample_n_2000,catboost,"learning_rate=NA,subsample=0.8,depth=6",1000,0.369166909,0.11349373,0.083973055,0.086333574,0.743950212,0.368016374,0.113105178,0.082876808,0.085225022,0.742816239,0.370306714,0.113875258,0.084995106,0.087394303,0.745039751,official_holdout_set,0.393332083,0.855108706,0.391819085,0.85450452,0.394836163,0.855714451,0.17108642,0.53108642,evaluation_selection_50_percent_split
ego_AS,pmt_train_and_evaluation_samples_seed_5_241016_with_holdout.csv,train_sample_n_400,catboost,"learning_rate=NA,subsample=0.8,depth=6",1000,0.390351283,0.119773318,0.034062633,0.04223675,0.697822585,0.38708061,0.118653444,0.031699312,0.039778223,0.695107738,0.393576842,0.120902999,0.036607053,0.044832835,0.70051356,evaluation_selection_50_percent_split,0.338764743,0.854969039,0.335806721,0.8533906,0.341809057,0.856523876,0.066182739,0.476182739,evaluation_selection_50_percent_split
ego_AS,pmt_train_and_evaluation_samples_seed_5_241016_with_holdout.csv,train_sample_n_400,catboost,"learning_rate=NA,subsample=0.8,depth=6",1000,0.390544786,0.119539053,0.031544377,0.039383199,0.693355902,0.38737426,0.118431037,0.029007216,0.036779443,0.690523523,0.393834046,0.12066582,0.033997423,0.041904792,0.696082895,evaluation_test_50_percent_split,0.335375052,0.855763039,0.332404178,0.854213286,0.338322233,0.857307588,0.066182739,0.476182739,evaluation_selection_50_percent_split
ego_AS,pmt_train_and_evaluation_samples_seed_5_241016_with_holdout.csv,train_sample_n_400,catboost,"learning_rate=NA,subsample=0.8,depth=6",1000,0.390630001,0.119749112,0.033484813,0.041600764,0.69592024,0.389389959,0.119313189,0.032432932,0.040525156,0.694805787,0.391879755,0.120187828,0.034457172,0.042584461,0.697043755,official_holdout_set,0.337270841,0.855108706,0.336070489,0.85450452,0.338425075,0.855714451,0.066182739,0.476182739,evaluation_selection_50_percent_split
ego_AS,pmt_train_and_evaluation_samples_seed_5_241016_with_holdout.csv,train_sample_n_4000,catboost,"learning_rate=NA,subsample=0.8,depth=6",1000,0.36216446,0.112204258,0.095104922,0.095465536,0.75124694,0.359428858,0.111242807,0.092426195,0.092766701,0.748684525,0.364952163,0.113178371,0.097714523,0.098150166,0.753650324,evaluation_selection_50_percent_split,0.396054515,0.854969039,0.392189725,0.8533906,0.399948771,0.856523876,0.171939277,0.451939277,evaluation_selection_50_percent_split
ego_AS,pmt_train_and_evaluation_samples_seed_5_241016_with_holdout.csv,train_sample_n_4000,catboost,"learning_rate=NA,subsample=0.8,depth=6",1000,0.36319571,0.112148953,0.091415894,0.091702143,0.747426437,0.360553241,0.111212394,0.088545646,0.088759441,0.744649694,0.365953752,0.113097732,0.09414266,0.094506818,0.750016715,evaluation_test_50_percent_split,0.390698625,0.855763039,0.386901122,0.854213286,0.394510182,0.857307588,0.171939277,0.451939277,evaluation_selection_50_percent_split
ego_AS,pmt_train_and_evaluation_samples_seed_5_241016_with_holdout.csv,train_sample_n_4000,catboost,"learning_rate=NA,subsample=0.8,depth=6",1000,0.36259241,0.11225644,0.093959426,0.094306577,0.750018984,0.361480553,0.111878964,0.092837936,0.093174038,0.748923873,0.363657334,0.112618098,0.095116249,0.095480129,0.751116169,official_holdout_set,0.39437803,0.855108706,0.39290407,0.85450452,0.395868388,0.855714451,0.171939277,0.451939277,evaluation_selection_50_percent_split
ego_AS,pmt_train_and_evaluation_samples_seed_5_241016_with_holdout.csv,train_sample_n_800,catboost,"learning_rate=NA,subsample=0.8,depth=6",1000,0.369625359,0.114753778,0.074543782,0.077168887,0.74182887,0.366737734,0.113724677,0.07234537,0.074850814,0.739287804,0.372542604,0.115766584,0.076780038,0.079557604,0.744345913,evaluation_selection_50_percent_split,0.394576789,0.854969039,0.390871555,0.8533906,0.398463398,0.856523876,0.162742779,0.522742779,evaluation_selection_50_percent_split
ego_AS,pmt_train_and_evaluation_samples_seed_5_241016_with_holdout.csv,train_sample_n_800,catboost,"learning_rate=NA,subsample=0.8,depth=6",1000,0.370643449,0.114700242,0.070746411,0.07317572,0.736760757,0.36782349,0.113695189,0.068388822,0.070681499,0.734067823,0.373573964,0.11569166,0.0730564,0.075544601,0.739417211,evaluation_test_50_percent_split,0.389494965,0.855763039,0.385623725,0.854213286,0.393169052,0.857307588,0.162742779,0.522742779,evaluation_selection_50_percent_split
ego_AS,pmt_train_and_evaluation_samples_seed_5_241016_with_holdout.csv,train_sample_n_800,catboost,"learning_rate=NA,subsample=0.8,depth=6",1000,0.37008659,0.11473145,0.073983207,0.076573154,0.74024156,0.368956386,0.114337268,0.073021835,0.07557554,0.739193749,0.37120108,0.11512638,0.07493752,0.077557166,0.741331996,official_holdout_set,0.393442362,0.855108706,0.391947674,0.85450452,0.394974926,0.855714451,0.162742779,0.522742779,evaluation_selection_50_percent_split
ego_AS,pmt_train_and_evaluation_samples_seed_5_241016_with_holdout.csv,train_sample_n_8000,catboost,"learning_rate=NA,subsample=0.8,depth=6",1000,0.361063151,0.111961124,0.097065731,0.097138253,0.754471935,0.358414088,0.11100294,0.094316705,0.094324813,0.751925528,0.363695438,0.112919513,0.099754014,0.099867794,0.756912557,evaluation_selection_50_percent_split,0.396633139,0.854969039,0.392697562,0.8533906,0.400628851,0.856523876,0.201011458,0.471011458,evaluation_selection_50_percent_split
ego_AS,pmt_train_and_evaluation_samples_seed_5_241016_with_holdout.csv,train_sample_n_8000,catboost,"learning_rate=NA,subsample=0.8,depth=6",1000,0.362469636,0.111997531,0.09264265,0.092683659,0.749876448,0.359837773,0.111070305,0.089658728,0.089691708,0.747160985,0.365070592,0.112935338,0.095475673,0.095555151,0.752494932,evaluation_test_50_percent_split,0.391034601,0.855763039,0.386989017,0.854213286,0.394927516,0.857307588,0.201011458,0.471011458,evaluation_selection_50_percent_split
ego_AS,pmt_train_and_evaluation_samples_seed_5_241016_with_holdout.csv,train_sample_n_8000,catboost,"learning_rate=NA,subsample=0.8,depth=6",1000,0.361703301,0.112029365,0.09579219,0.095858583,0.752805477,0.360639401,0.111658377,0.094615351,0.094672081,0.751747968,0.362743534,0.11238214,0.096959983,0.097039563,0.753891618,official_holdout_set,0.395056227,0.855108706,0.393554268,0.85450452,0.396571609,0.855714451,0.201011458,0.471011458,evaluation_selection_50_percent_split
prefer_official_train,pmt_train_and_evaluation_samples_seed_2_241016_with_holdout.csv,train_sample_n_100,catboost,"learning_rate=NA,subsample=0.8,depth=6",1000,0.504919476,0.120482934,0.02920072,0.071493061,0.646746306,0.499243921,0.119218309,0.024807267,0.067392618,0.642960773,0.510579878,0.121759991,0.03370611,0.075632265,0.650417147,evaluation_selection_50_percent_split,0.388353974,0.861282311,0.383106104,0.859805543,0.393328186,0.862803257,0.064733789,0.414733789,evaluation_selection_50_percent_split
prefer_official_train,pmt_train_and_evaluation_samples_seed_2_241016_with_holdout.csv,train_sample_n_100,catboost,"learning_rate=NA,subsample=0.8,depth=6",1000,0.496972193,0.118855164,0.036224054,0.077287032,0.652458858,0.491446654,0.117572129,0.031660255,0.072963974,0.648547624,0.502731287,0.120186793,0.040639449,0.08126063,0.656097013,evaluation_test_50_percent_split,0.393993184,0.863054287,0.388888687,0.861485652,0.399165333,0.864521252,0.064733789,0.414733789,evaluation_selection_50_percent_split
prefer_official_train,pmt_train_and_evaluation_samples_seed_2_241016_with_holdout.csv,train_sample_n_100,catboost,"learning_rate=NA,subsample=0.8,depth=6",1000,0.500443169,0.119825652,0.032867047,0.074751924,0.652717381,0.498201843,0.119316045,0.031116107,0.073125161,0.651180723,0.502660733,0.120331518,0.034679273,0.076517399,0.654296464,official_holdout_set,0.392859464,0.861667435,0.390803754,0.861059159,0.39496302,0.862249796,0.064733789,0.414733789,evaluation_selection_50_percent_split
prefer_official_train,pmt_train_and_evaluation_samples_seed_2_241016_with_holdout.csv,train_sample_n_1000,catboost,"learning_rate=NA,subsample=0.8,depth=6",1000,0.324643544,0.098511272,0.206238852,0.206483513,0.83206178,0.321603889,0.097477356,0.202102264,0.202332067,0.829553731,0.327605747,0.099506076,0.210507859,0.210741572,0.834448458,evaluation_selection_50_percent_split,0.506199181,0.869575742,0.50156401,0.868108415,0.510597516,0.87108168,0.164070292,0.414070292,evaluation_selection_50_percent_split
prefer_official_train,pmt_train_and_evaluation_samples_seed_2_241016_with_holdout.csv,train_sample_n_1000,catboost,"learning_rate=NA,subsample=0.8,depth=6",1000,0.32036528,0.097140313,0.212306025,0.212470955,0.835132408,0.317329491,0.096181063,0.207857195,0.208004754,0.832622834,0.323329749,0.098121063,0.216670338,0.216809817,0.837610619,evaluation_test_50_percent_split,0.512014145,0.871008816,0.507137062,0.869492832,0.516567221,0.872432328,0.164070292,0.414070292,evaluation_selection_50_percent_split
prefer_official_train,pmt_train_and_evaluation_samples_seed_2_241016_with_holdout.csv,train_sample_n_1000,catboost,"learning_rate=NA,subsample=0.8,depth=6",1000,0.323362213,0.098014467,0.20890878,0.209130325,0.832407951,0.322157707,0.097623829,0.207063925,0.207287955,0.831453831,0.324530213,0.098410304,0.210699915,0.210904539,0.83341015,official_holdout_set,0.507719793,0.870361657,0.505927818,0.869769659,0.509465208,0.870951226,0.164070292,0.414070292,evaluation_selection_50_percent_split
prefer_official_train,pmt_train_and_evaluation_samples_seed_2_241016_with_holdout.csv,train_sample_n_10000,catboost,"learning_rate=NA,subsample=0.8,depth=6",1000,0.296843081,0.090226879,0.272990905,0.273033161,0.858121216,0.294151355,0.089328668,0.267893277,0.267931399,0.855987716,0.29936324,0.091106234,0.277985435,0.278053761,0.860295334,evaluation_selection_50_percent_split,0.541314442,0.877801393,0.536647274,0.876387322,0.545810303,0.879229747,0.240910155,0.500910155,evaluation_selection_50_percent_split
prefer_official_train,pmt_train_and_evaluation_samples_seed_2_241016_with_holdout.csv,train_sample_n_10000,catboost,"learning_rate=NA,subsample=0.8,depth=6",1000,0.291801666,0.088481419,0.282519491,0.282534052,0.862004181,0.289184541,0.087609114,0.277475884,0.277490639,0.859923349,0.294464715,0.089369819,0.287376448,0.287391072,0.864118082,evaluation_test_50_percent_split,0.547508207,0.879723455,0.542679641,0.878271016,0.551942015,0.881137164,0.240910155,0.500910155,evaluation_selection_50_percent_split
prefer_official_train,pmt_train_and_evaluation_samples_seed_2_241016_with_holdout.csv,train_sample_n_10000,catboost,"learning_rate=NA,subsample=0.8,depth=6",1000,0.294659827,0.089548567,0.277238482,0.277271839,0.860240831,0.293600315,0.089190704,0.275256879,0.275293581,0.85933589,0.295726967,0.089914677,0.279325352,0.279361226,0.861118032,official_holdout_set,0.546233068,0.878029029,0.54439579,0.877453956,0.548046809,0.878625137,0.240910155,0.500910155,evaluation_selection_50_percent_split
prefer_official_train,pmt_train_and_evaluation_samples_seed_2_241016_with_holdout.csv,train_sample_n_200,catboost,"learning_rate=NA,subsample=0.8,depth=6",1000,0.382765795,0.113759959,0.083371536,0.09242518,0.759635926,0.37921141,0.11259841,0.080288946,0.08944544,0.756665784,0.386295789,0.114900517,0.086440983,0.095446457,0.762506666,evaluation_selection_50_percent_split,0.416328251,0.861805189,0.411710038,0.860343066,0.420851593,0.863281836,0.094480026,0.314480026,evaluation_selection_50_percent_split
prefer_official_train,pmt_train_and_evaluation_samples_seed_2_241016_with_holdout.csv,train_sample_n_200,catboost,"learning_rate=NA,subsample=0.8,depth=6",1000,0.37879338,0.112570395,0.087186161,0.09570381,0.763337024,0.375206004,0.111387615,0.083941578,0.092521711,0.760241699,0.382365712,0.113756125,0.090233168,0.098608168,0.766118232,evaluation_test_50_percent_split,0.421305998,0.863335092,0.41641741,0.861761495,0.425839581,0.864807019,0.094480026,0.314480026,evaluation_selection_50_percent_split
prefer_official_train,pmt_train_and_evaluation_samples_seed_2_241016_with_holdout.csv,train_sample_n_200,catboost,"learning_rate=NA,subsample=0.8,depth=6",1000,0.381264162,0.113263623,0.085830282,0.094725383,0.76017893,0.379855732,0.112803902,0.084601123,0.093567775,0.758959502,0.382649256,0.113716116,0.087132354,0.096004541,0.761364338,official_holdout_set,0.419267565,0.862374407,0.41736856,0.861754693,0.421124903,0.862968855,0.094480026,0.314480026,evaluation_selection_50_percent_split
prefer_official_train,pmt_train_and_evaluation_samples_seed_2_241016_with_holdout.csv,train_sample_n_2000,catboost,"learning_rate=NA,subsample=0.8,depth=6",1000,0.311261176,0.094343722,0.239819166,0.240229387,0.84259553,0.308497511,0.093407358,0.235509904,0.235918881,0.840202307,0.314047698,0.095281963,0.24413243,0.244646359,0.844974982,evaluation_selection_50_percent_split,0.516956578,0.874794843,0.512545723,0.873347244,0.521504962,0.876252245,0.192947829,0.412947829,evaluation_selection_50_percent_split
prefer_official_train,pmt_train_and_evaluation_samples_seed_2_241016_with_holdout.csv,train_sample_n_2000,catboost,"learning_rate=NA,subsample=0.8,depth=6",1000,0.307395758,0.093171163,0.244491169,0.244798309,0.845940239,0.304637033,0.092249017,0.239957737,0.240265235,0.843619849,0.310156746,0.09409157,0.248668565,0.249010619,0.848236792,evaluation_test_50_percent_split,0.521599723,0.875835758,0.516822305,0.874363952,0.526247529,0.87722538,0.192947829,0.412947829,evaluation_selection_50_percent_split
prefer_official_train,pmt_train_and_evaluation_samples_seed_2_241016_with_holdout.csv,train_sample_n_2000,catboost,"learning_rate=NA,subsample=0.8,depth=6",1000,0.31020537,0.093978474,0.241483959,0.241865006,0.843192473,0.30908846,0.093602434,0.239657108,0.240020767,0.842256399,0.311324953,0.094361378,0.243288825,0.243650935,0.844118323,official_holdout_set,0.518969359,0.875070758,0.517149507,0.874478679,0.520745744,0.875645042,0.192947829,0.412947829,evaluation_selection_50_percent_split
prefer_official_train,pmt_train_and_evaluation_samples_seed_2_241016_with_holdout.csv,train_sample_n_400,catboost,"learning_rate=NA,subsample=0.8,depth=6",1000,0.362920455,0.108389427,0.12664496,0.136526181,0.808485965,0.359365442,0.107254177,0.123020719,0.132967642,0.805819809,0.36641917,0.109540311,0.13042092,0.140083563,0.811014501,evaluation_selection_50_percent_split,0.471595962,0.866147984,0.467105612,0.864627522,0.475918739,0.867673167,0.086816925,0.336816925,evaluation_selection_50_percent_split
prefer_official_train,pmt_train_and_evaluation_samples_seed_2_241016_with_holdout.csv,train_sample_n_400,catboost,"learning_rate=NA,subsample=0.8,depth=6",1000,0.358187239,0.107116158,0.131413618,0.140737985,0.812228442,0.354714257,0.105966726,0.127625761,0.137044379,0.809625547,0.361784602,0.108268285,0.135159814,0.144346931,0.814870641,evaluation_test_50_percent_split,0.477917175,0.867043656,0.473060937,0.865494386,0.482312509,0.868491254,0.086816925,0.336816925,evaluation_selection_50_percent_split
prefer_official_train,pmt_train_and_evaluation_samples_seed_2_241016_with_holdout.csv,train_sample_n_400,catboost,"learning_rate=NA,subsample=0.8,depth=6",1000,0.36103317,0.107886025,0.129233779,0.138950185,0.809862883,0.359667644,0.107443062,0.127742919,0.137506909,0.808788611,0.36241855,0.108337697,0.130771284,0.140408515,0.810914315,official_holdout_set,0.473213057,0.866719089,0.47142006,0.866133448,0.474960109,0.867294081,0.086816925,0.336816925,evaluation_selection_50_percent_split
prefer_official_train,pmt_train_and_evaluation_samples_seed_2_241016_with_holdout.csv,train_sample_n_4000,catboost,"learning_rate=NA,subsample=0.8,depth=6",1000,0.302965099,0.092086086,0.258010213,0.258386546,0.852204967,0.300334291,0.091162,0.253398383,0.253770464,0.850031455,0.305606482,0.092992946,0.262611102,0.26305061,0.854474235,evaluation_selection_50_percent_split,0.530160008,0.8758406,0.525575457,0.874373514,0.534607718,0.877278636,0.222040684,0.472040684,evaluation_selection_50_percent_split
prefer_official_train,pmt_train_and_evaluation_samples_seed_2_241016_with_holdout.csv,train_sample_n_4000,catboost,"learning_rate=NA,subsample=0.8,depth=6",1000,0.299016406,0.090655002,0.264894286,0.265172413,0.854685868,0.296401935,0.089784667,0.260287178,0.260539907,0.852511925,0.301692016,0.09153971,0.269323139,0.26966945,0.856881593,evaluation_test_50_percent_split,0.53469107,0.87805315,0.530045633,0.876653724,0.539419276,0.879452454,0.222040684,0.472040684,evaluation_selection_50_percent_split
prefer_official_train,pmt_train_and_evaluation_samples_seed_2_241016_with_holdout.csv,train_sample_n_4000,catboost,"learning_rate=NA,subsample=0.8,depth=6",1000,0.301567947,0.091582545,0.260821902,0.26117009,0.853126997,0.300521438,0.091221468,0.25888574,0.259229762,0.852209742,0.302672489,0.091947877,0.262699096,0.26305197,0.854042596,official_holdout_set,0.531838781,0.876481464,0.530029259,0.87591048,0.533684529,0.877057286,0.222040684,0.472040684,evaluation_selection_50_percent_split
prefer_official_train,pmt_train_and_evaluation_samples_seed_2_241016_with_holdout.csv,train_sample_n_800,catboost,"learning_rate=NA,subsample=0.8,depth=6",1000,0.326224411,0.099200905,0.200682087,0.201930947,0.83250676,0.323224237,0.098167121,0.196841201,0.198027802,0.830044037,0.329130512,0.10019771,0.204668086,0.205949432,0.834990643,evaluation_selection_50_percent_split,0.505151515,0.869624157,0.500641367,0.868099095,0.509517671,0.871115329,0.145661175,0.385661175,evaluation_selection_50_percent_split
prefer_official_train,pmt_train_and_evaluation_samples_seed_2_241016_with_holdout.csv,train_sample_n_800,catboost,"learning_rate=NA,subsample=0.8,depth=6",1000,0.322242217,0.097973378,0.205550843,0.206610183,0.835654653,0.319348631,0.097010015,0.201471523,0.202556438,0.833152525,0.325141346,0.098964591,0.209400741,0.210434479,0.838135291,evaluation_test_50_percent_split,0.51193792,0.870563401,0.507302646,0.869072109,0.51645002,0.871982072,0.145661175,0.385661175,evaluation_selection_50_percent_split
prefer_official_train,pmt_train_and_evaluation_samples_seed_2_241016_with_holdout.csv,train_sample_n_800,catboost,"learning_rate=NA,subsample=0.8,depth=6",1000,0.325074664,0.098787148,0.202672345,0.203868073,0.832831488,0.323903497,0.098390018,0.20098459,0.202180255,0.831822238,0.326251415,0.099190564,0.204320904,0.205528003,0.833825331,official_holdout_set,0.508252711,0.870083079,0.506449279,0.869467556,0.510055572,0.870650763,0.145661175,0.385661175,evaluation_selection_50_percent_split
prefer_official_train,pmt_train_and_evaluation_samples_seed_2_241016_with_holdout.csv,train_sample_n_8000,catboost,"learning_rate=NA,subsample=0.8,depth=6",1000,0.297084109,0.090310075,0.272320542,0.272405684,0.857865541,0.294436633,0.089443815,0.267376925,0.267434358,0.855714413,0.299632699,0.091169603,0.277132811,0.277248981,0.86005452,evaluation_selection_50_percent_split,0.540737396,0.877535113,0.536027681,0.876174056,0.545124254,0.878953662,0.230954849,0.480954849,evaluation_selection_50_percent_split
prefer_official_train,pmt_train_and_evaluation_samples_seed_2_241016_with_holdout.csv,train_sample_n_8000,catboost,"learning_rate=NA,subsample=0.8,depth=6",1000,0.292782918,0.088827123,0.279716241,0.279759039,0.861088252,0.290231485,0.087965848,0.274689422,0.274726997,0.858946699,0.295480696,0.089742649,0.284459604,0.284526396,0.863176558,evaluation_test_50_percent_split,0.54510394,0.879379711,0.54044249,0.87792715,0.549624063,0.880745247,0.230954849,0.480954849,evaluation_selection_50_percent_split
prefer_official_train,pmt_train_and_evaluation_samples_seed_2_241016_with_holdout.csv,train_sample_n_8000,catboost,"learning_rate=NA,subsample=0.8,depth=6",1000,0.29511935,0.089655792,0.276373053,0.27644526,0.859625369,0.294085805,0.089311076,0.274378271,0.274435583,0.858719654,0.29619791,0.09002369,0.278394513,0.278479875,0.860533925,official_holdout_set,0.54460768,0.877914844,0.54281308,0.877331551,0.546407195,0.878490646,0.230954849,0.480954849,evaluation_selection_50_percent_split
prefer_official_train,pmt_train_and_evaluation_samples_seed_3_241016_with_holdout.csv,train_sample_n_100,catboost,"learning_rate=NA,subsample=0.8,depth=6",1000,0.399200487,0.120508121,0.024455578,0.024606542,0.726088332,0.395745588,0.119294488,0.022367046,0.022594815,0.723333504,0.402601976,0.121714272,0.026614997,0.026712849,0.728994455,evaluation_selection_50_percent_split,0.365799052,0.856440845,0.361733023,0.854997967,0.369831224,0.858019163,0.096627249,0.456627249,evaluation_selection_50_percent_split
prefer_official_train,pmt_train_and_evaluation_samples_seed_3_241016_with_holdout.csv,train_sample_n_100,catboost,"learning_rate=NA,subsample=0.8,depth=6",1000,0.399347998,0.120703635,0.025803627,0.02599202,0.72838042,0.396108902,0.119556202,0.023609683,0.023811596,0.725673518,0.40273025,0.121887665,0.028020601,0.028168429,0.731261478,evaluation_test_50_percent_split,0.370909919,0.855913125,0.36707027,0.854372691,0.375085569,0.857423662,0.096627249,0.456627249,evaluation_selection_50_percent_split
prefer_official_train,pmt_train_and_evaluation_samples_seed_3_241016_with_holdout.csv,train_sample_n_100,catboost,"learning_rate=NA,subsample=0.8,depth=6",1000,0.399920259,0.120839401,0.024684909,0.024873206,0.72665789,0.398590137,0.120366967,0.023759013,0.023956841,0.725465077,0.401247744,0.121302973,0.025573793,0.025733595,0.727852654,official_holdout_set,0.369158148,0.855791384,0.367483265,0.855189627,0.370800258,0.85639391,0.096627249,0.456627249,evaluation_selection_50_percent_split
prefer_official_train,pmt_train_and_evaluation_samples_seed_3_241016_with_holdout.csv,train_sample_n_1000,catboost,"learning_rate=NA,subsample=0.8,depth=6",1000,0.319360888,0.098011576,0.206570934,0.208288956,0.836403599,0.316539088,0.097043818,0.202974086,0.204712629,0.834090866,0.322018312,0.098939873,0.210186697,0.211904355,0.838698804,evaluation_selection_50_percent_split,0.501709004,0.867702095,0.497383992,0.866331839,0.506054671,0.86920307,0.182876765,0.402876765,evaluation_selection_50_percent_split
prefer_official_train,pmt_train_and_evaluation_samples_seed_3_241016_with_holdout.csv,train_sample_n_1000,catboost,"learning_rate=NA,subsample=0.8,depth=6",1000,0.317996286,0.097687214,0.211568657,0.213380947,0.839074529,0.315262962,0.096745553,0.207831994,0.209623047,0.83671804,0.320710848,0.098613783,0.21542567,0.217281171,0.841467225,evaluation_test_50_percent_split,0.507485803,0.868423473,0.50296516,0.866975391,0.512032306,0.869885838,0.182876765,0.402876765,evaluation_selection_50_percent_split
prefer_official_train,pmt_train_and_evaluation_samples_seed_3_241016_with_holdout.csv,train_sample_n_1000,catboost,"learning_rate=NA,subsample=0.8,depth=6",1000,0.319002774,0.098006085,0.208976434,0.210793843,0.837828966,0.317855508,0.097618229,0.207438433,0.209220013,0.836882723,0.32016756,0.098395569,0.210436284,0.212279584,0.838724673,official_holdout_set,0.504177461,0.867628516,0.502389569,0.867009652,0.505957026,0.868218065,0.182876765,0.402876765,evaluation_selection_50_percent_split
prefer_official_train,pmt_train_and_evaluation_samples_seed_3_241016_with_holdout.csv,train_sample_n_10000,catboost,"learning_rate=NA,subsample=0.8,depth=6",1000,0.294870598,0.089844947,0.272681905,0.272741161,0.859853363,0.292290056,0.088985406,0.268056847,0.268104923,0.857760065,0.297390068,0.090703225,0.277636564,0.277698733,0.861991959,evaluation_selection_50_percent_split,0.541288436,0.877147795,0.536767598,0.875734087,0.545973776,0.878566466,0.271045649,0.511045649,evaluation_selection_50_percent_split
prefer_official_train,pmt_train_and_evaluation_samples_seed_3_241016_with_holdout.csv,train_sample_n_10000,catboost,"learning_rate=NA,subsample=0.8,depth=6",1000,0.293474638,0.089435344,0.278169314,0.278248863,0.861773714,0.290957398,0.088551494,0.273433438,0.273515682,0.85972308,0.295892407,0.090240394,0.283242188,0.283354561,0.863994211,evaluation_test_50_percent_split,0.544989236,0.877869174,0.54042412,0.876523004,0.549523435,0.87930249,0.271045649,0.511045649,evaluation_selection_50_percent_split
prefer_official_train,pmt_train_and_evaluation_samples_seed_3_241016_with_holdout.csv,train_sample_n_10000,catboost,"learning_rate=NA,subsample=0.8,depth=6",1000,0.294121353,0.08958019,0.276983246,0.277062751,0.861029365,0.293058005,0.089228532,0.274892043,0.274964963,0.860128011,0.295221627,0.089940323,0.278979583,0.279080017,0.861918911,official_holdout_set,0.544152289,0.877298572,0.542239502,0.876683858,0.546020715,0.877887391,0.271045649,0.511045649,evaluation_selection_50_percent_split
prefer_official_train,pmt_train_and_evaluation_samples_seed_3_241016_with_holdout.csv,train_sample_n_200,catboost,"learning_rate=NA,subsample=0.8,depth=6",1000,0.372495583,0.114218029,0.075375503,0.081788425,0.770049357,0.369333858,0.113080467,0.073367106,0.080010639,0.767433364,0.375564564,0.115325611,0.07746103,0.08365772,0.772773281,evaluation_selection_50_percent_split,0.408727356,0.858750224,0.40466313,0.85728798,0.412730243,0.860299614,0.11451539,0.35451539,evaluation_selection_50_percent_split
prefer_official_train,pmt_train_and_evaluation_samples_seed_3_241016_with_holdout.csv,train_sample_n_200,catboost,"learning_rate=NA,subsample=0.8,depth=6",1000,0.372417509,0.114295261,0.077525471,0.084131916,0.772303498,0.369295881,0.113198453,0.075442322,0.082212696,0.769605514,0.375610849,0.115413441,0.079700294,0.08615246,0.774940304,evaluation_test_50_percent_split,0.413180035,0.858299968,0.409185214,0.856769822,0.417297696,0.859781456,0.11451539,0.35451539,evaluation_selection_50_percent_split
prefer_official_train,pmt_train_and_evaluation_samples_seed_3_241016_with_holdout.csv,train_sample_n_200,catboost,"learning_rate=NA,subsample=0.8,depth=6",1000,0.373449006,0.114547947,0.075464292,0.082083847,0.769595368,0.372183873,0.114102892,0.074611728,0.081285049,0.768534086,0.374661265,0.114979793,0.076297403,0.082864816,0.770637153,official_holdout_set,0.40965974,0.858178732,0.407980657,0.857576125,0.41128013,0.85877399,0.11451539,0.35451539,evaluation_selection_50_percent_split
prefer_official_train,pmt_train_and_evaluation_samples_seed_3_241016_with_holdout.csv,train_sample_n_2000,catboost,"learning_rate=NA,subsample=0.8,depth=6",1000,0.308296259,0.094149321,0.237836889,0.237858522,0.845845485,0.305589074,0.0932312,0.233685934,0.233700961,0.843680763,0.310915893,0.095001675,0.242199063,0.242227103,0.848171157,evaluation_selection_50_percent_split,0.519743817,0.870931353,0.515370817,0.869531685,0.524325307,0.872374231,0.221839831,0.451839831,evaluation_selection_50_percent_split
prefer_official_train,pmt_train_and_evaluation_samples_seed_3_241016_with_holdout.csv,train_sample_n_2000,catboost,"learning_rate=NA,subsample=0.8,depth=6",1000,0.306843006,0.093718991,0.243596095,0.243631123,0.848191777,0.30419115,0.092816261,0.239355679,0.239392551,0.845928638,0.309488381,0.094596777,0.24801587,0.248056931,0.850416701,evaluation_test_50_percent_split,0.525243208,0.871701146,0.52081126,0.870214453,0.529775922,0.873110013,0.221839831,0.451839831,evaluation_selection_50_percent_split
prefer_official_train,pmt_train_and_evaluation_samples_seed_3_241016_with_holdout.csv,train_sample_n_2000,catboost,"learning_rate=NA,subsample=0.8,depth=6",1000,0.307377808,0.093901755,0.242103174,0.242138152,0.847657316,0.30626526,0.093535629,0.240276907,0.240311272,0.846720809,0.308493903,0.094271962,0.243870282,0.243907373,0.848547129,official_holdout_set,0.524722522,0.871180385,0.522846764,0.870580875,0.526563788,0.871764305,0.221839831,0.451839831,evaluation_selection_50_percent_split
prefer_official_train,pmt_train_and_evaluation_samples_seed_3_241016_with_holdout.csv,train_sample_n_400,catboost,"learning_rate=NA,subsample=0.8,depth=6",1000,0.336919803,0.103863459,0.159198422,0.159519781,0.817352939,0.334032121,0.102820687,0.156426448,0.156799588,0.814962462,0.339591858,0.10483164,0.162004185,0.162326022,0.819748751,evaluation_selection_50_percent_split,0.46785271,0.864618081,0.46347207,0.863112385,0.472136008,0.86616263,0.169645846,0.349645846,evaluation_selection_50_percent_split
prefer_official_train,pmt_train_and_evaluation_samples_seed_3_241016_with_holdout.csv,train_sample_n_400,catboost,"learning_rate=NA,subsample=0.8,depth=6",1000,0.336568102,0.103908784,0.161354502,0.161724532,0.819635582,0.333787,0.102914608,0.158552113,0.158961533,0.817214357,0.339294714,0.104884675,0.164178293,0.164531033,0.822210969,evaluation_test_50_percent_split,0.472669913,0.863814398,0.468051972,0.862342471,0.477222791,0.865281725,0.169645846,0.349645846,evaluation_selection_50_percent_split
prefer_official_train,pmt_train_and_evaluation_samples_seed_3_241016_with_holdout.csv,train_sample_n_400,catboost,"learning_rate=NA,subsample=0.8,depth=6",1000,0.337342512,0.104068071,0.16004913,0.160419333,0.817733991,0.336189849,0.103669206,0.15891165,0.159293464,0.816738665,0.338428789,0.104464041,0.161145886,0.161513336,0.818681544,official_holdout_set,0.468582799,0.863832082,0.466787807,0.863233585,0.470292025,0.864441087,0.169645846,0.349645846,evaluation_selection_50_percent_split
prefer_official_train,pmt_train_and_evaluation_samples_seed_3_241016_with_holdout.csv,train_sample_n_4000,catboost,"learning_rate=NA,subsample=0.8,depth=6",1000,0.300625493,0.091580709,0.258630467,0.258635036,0.852999211,0.297958876,0.090679774,0.253774408,0.253785045,0.850852563,0.303193965,0.092412214,0.263717975,0.263718008,0.855266509,evaluation_selection_50_percent_split,0.533286458,0.874668965,0.528767053,0.873216525,0.537567682,0.876160257,0.231580301,0.521580301,evaluation_selection_50_percent_split
prefer_official_train,pmt_train_and_evaluation_samples_seed_3_241016_with_holdout.csv,train_sample_n_4000,catboost,"learning_rate=NA,subsample=0.8,depth=6",1000,0.299139647,0.091083006,0.264871069,0.264882622,0.85492807,0.2965629,0.090201015,0.260069699,0.260079974,0.852805829,0.301593845,0.091895762,0.26998708,0.270004095,0.857117897,evaluation_test_50_percent_split,0.535412859,0.87551138,0.531054432,0.874116432,0.539732019,0.876992869,0.231580301,0.521580301,evaluation_selection_50_percent_split
prefer_official_train,pmt_train_and_evaluation_samples_seed_3_241016_with_holdout.csv,train_sample_n_4000,catboost,"learning_rate=NA,subsample=0.8,depth=6",1000,0.299891551,0.091294246,0.263148816,0.263160328,0.854164092,0.298850869,0.090944408,0.26106188,0.261079683,0.853227276,0.300991447,0.091655354,0.265175719,0.265193478,0.855082837,official_holdout_set,0.534939152,0.875132304,0.533169394,0.874550813,0.536740455,0.875734041,0.231580301,0.521580301,evaluation_selection_50_percent_split
prefer_official_train,pmt_train_and_evaluation_samples_seed_3_241016_with_holdout.csv,train_sample_n_800,catboost,"learning_rate=NA,subsample=0.8,depth=6",1000,0.32299257,0.099022819,0.198384659,0.199116228,0.83022705,0.320111243,0.098063387,0.19477118,0.195495009,0.828006538,0.325687946,0.09995263,0.202291585,0.202968909,0.832585625,evaluation_selection_50_percent_split,0.488871482,0.866206082,0.48466442,0.864826264,0.493256524,0.867697374,0.182831936,0.442831936,evaluation_selection_50_percent_split
prefer_official_train,pmt_train_and_evaluation_samples_seed_3_241016_with_holdout.csv,train_sample_n_800,catboost,"learning_rate=NA,subsample=0.8,depth=6",1000,0.32189957,0.098817921,0.202442743,0.203241554,0.83272794,0.319154306,0.097877357,0.198635888,0.199331171,0.830379682,0.324615769,0.099749722,0.206295603,0.20703562,0.835159255,evaluation_test_50_percent_split,0.495349305,0.865610582,0.490973048,0.864153179,0.49991353,0.867087713,0.182831936,0.442831936,evaluation_selection_50_percent_split
prefer_official_train,pmt_train_and_evaluation_samples_seed_3_241016_with_holdout.csv,train_sample_n_800,catboost,"learning_rate=NA,subsample=0.8,depth=6",1000,0.322906261,0.09907216,0.200371965,0.20117228,0.831181803,0.321767091,0.098691551,0.198827707,0.199629341,0.830216114,0.324076967,0.099466051,0.201880082,0.202676092,0.832119311,official_holdout_set,0.492138033,0.865646078,0.490377449,0.865041892,0.4938619,0.866240506,0.182831936,0.442831936,evaluation_selection_50_percent_split
prefer_official_train,pmt_train_and_evaluation_samples_seed_3_241016_with_holdout.csv,train_sample_n_8000,catboost,"learning_rate=NA,subsample=0.8,depth=6",1000,0.296523575,0.090156279,0.270161593,0.270219195,0.857711797,0.293858952,0.08928094,0.265526077,0.26557347,0.855571479,0.299089255,0.091005674,0.275038038,0.2750954,0.859896842,evaluation_selection_50_percent_split,0.540638416,0.876770161,0.536327055,0.875375819,0.545327325,0.8781501,0.250921536,0.470921536,evaluation_selection_50_percent_split
prefer_official_train,pmt_train_and_evaluation_samples_seed_3_241016_with_holdout.csv,train_sample_n_8000,catboost,"learning_rate=NA,subsample=0.8,depth=6",1000,0.295013093,0.089715901,0.275904944,0.275982598,0.859559716,0.292445021,0.088837515,0.271134197,0.271212608,0.857468806,0.297495588,0.090519099,0.280755087,0.280855148,0.861750861,evaluation_test_50_percent_split,0.543501299,0.877389869,0.539270814,0.87600993,0.548116061,0.87884243,0.250921536,0.470921536,evaluation_selection_50_percent_split
prefer_official_train,pmt_train_and_evaluation_samples_seed_3_241016_with_holdout.csv,train_sample_n_8000,catboost,"learning_rate=NA,subsample=0.8,depth=6",1000,0.29566802,0.089896062,0.274433794,0.274511433,0.858965507,0.294616355,0.089544664,0.272431117,0.272511997,0.858063793,0.296757947,0.090256884,0.276440425,0.276521589,0.859881204,official_holdout_set,0.542447956,0.876751134,0.540629212,0.876154276,0.544339587,0.877354449,0.250921536,0.470921536,evaluation_selection_50_percent_split
prefer_official_train,pmt_train_and_evaluation_samples_seed_4_241016_with_holdout.csv,train_sample_n_100,catboost,"learning_rate=NA,subsample=0.8,depth=6",1000,0.389819333,0.118602556,0.043796033,0.045546914,0.735348903,0.386708687,0.117475852,0.042385541,0.044263745,0.73244718,0.392884145,0.119690603,0.045265606,0.046860912,0.738363951,evaluation_selection_50_percent_split,0.381034579,0.855801771,0.376956547,0.854349089,0.385264411,0.857302747,0.111720055,0.241720055,evaluation_selection_50_percent_split
prefer_official_train,pmt_train_and_evaluation_samples_seed_4_241016_with_holdout.csv,train_sample_n_100,catboost,"learning_rate=NA,subsample=0.8,depth=6",1000,0.388475103,0.118006115,0.043669993,0.045226614,0.732495079,0.385353362,0.116851108,0.042184639,0.043876085,0.729629754,0.391532336,0.119126737,0.045086695,0.046543324,0.735417239,evaluation_test_50_percent_split,0.377311822,0.856963723,0.37336212,0.855438661,0.381523491,0.858459978,0.111720055,0.241720055,evaluation_selection_50_percent_split
prefer_official_train,pmt_train_and_evaluation_samples_seed_4_241016_with_holdout.csv,train_sample_n_100,catboost,"learning_rate=NA,subsample=0.8,depth=6",1000,0.389759111,0.11849459,0.043610268,0.045318943,0.732637196,0.388472787,0.118028914,0.042973229,0.044755902,0.731430345,0.391033388,0.118965279,0.044228849,0.045870237,0.733836709,official_holdout_set,0.378482971,0.856456246,0.376926468,0.855860138,0.380149716,0.857077398,0.111720055,0.241720055,evaluation_selection_50_percent_split
prefer_official_train,pmt_train_and_evaluation_samples_seed_4_241016_with_holdout.csv,train_sample_n_1000,catboost,"learning_rate=NA,subsample=0.8,depth=6",1000,0.32784054,0.099811933,0.195290813,0.195530904,0.826735378,0.324971476,0.098848732,0.190857304,0.191062567,0.824366019,0.330649841,0.100771906,0.199625137,0.199863533,0.829139857,evaluation_selection_50_percent_split,0.496294294,0.867600424,0.491725603,0.866186716,0.500655109,0.869009412,0.163396446,0.403396446,evaluation_selection_50_percent_split
prefer_official_train,pmt_train_and_evaluation_samples_seed_4_241016_with_holdout.csv,train_sample_n_1000,catboost,"learning_rate=NA,subsample=0.8,depth=6",1000,0.326485532,0.099254033,0.195638211,0.195813333,0.825984338,0.323623128,0.0983183,0.191362037,0.191541391,0.823541182,0.32929793,0.100211437,0.1999323,0.200107779,0.828470079,evaluation_test_50_percent_split,0.492581772,0.86821529,0.487851963,0.866748326,0.496974086,0.869629119,0.163396446,0.403396446,evaluation_selection_50_percent_split
prefer_official_train,pmt_train_and_evaluation_samples_seed_4_241016_with_holdout.csv,train_sample_n_1000,catboost,"learning_rate=NA,subsample=0.8,depth=6",1000,0.327550166,0.09966348,0.195599322,0.195824594,0.826341717,0.326369979,0.099264499,0.19379168,0.1940238,0.825305015,0.328754593,0.100072897,0.197411732,0.197635352,0.827389516,official_holdout_set,0.494031918,0.86806096,0.492165704,0.867423612,0.49586906,0.868638442,0.163396446,0.403396446,evaluation_selection_50_percent_split
prefer_official_train,pmt_train_and_evaluation_samples_seed_4_241016_with_holdout.csv,train_sample_n_10000,catboost,"learning_rate=NA,subsample=0.8,depth=6",1000,0.293860159,0.089813379,0.275901693,0.275902555,0.863535372,0.291290375,0.088938367,0.270819108,0.270831458,0.861415747,0.296456045,0.090697781,0.28080787,0.28081405,0.865645447,evaluation_selection_50_percent_split,0.546757153,0.877414076,0.542085278,0.876038373,0.551360314,0.87880866,0.240764311,0.480764311,evaluation_selection_50_percent_split
prefer_official_train,pmt_train_and_evaluation_samples_seed_4_241016_with_holdout.csv,train_sample_n_10000,catboost,"learning_rate=NA,subsample=0.8,depth=6",1000,0.293607351,0.089436746,0.275198207,0.275199773,0.861514644,0.291078975,0.088576857,0.270441694,0.270443987,0.859435448,0.29615487,0.090314988,0.280020432,0.280026715,0.863531601,evaluation_test_50_percent_split,0.543283944,0.878624443,0.538733447,0.877176844,0.547951434,0.879970491,0.240764311,0.480764311,evaluation_selection_50_percent_split
prefer_official_train,pmt_train_and_evaluation_samples_seed_4_241016_with_holdout.csv,train_sample_n_10000,catboost,"learning_rate=NA,subsample=0.8,depth=6",1000,0.294270196,0.089769882,0.275452209,0.275452423,0.862120622,0.293230291,0.089418708,0.273290704,0.273290962,0.861212494,0.295343987,0.090132275,0.277485952,0.277486349,0.862996036,official_holdout_set,0.545054125,0.877535849,0.543198781,0.876946219,0.546857703,0.878111691,0.240764311,0.480764311,evaluation_selection_50_percent_split
prefer_official_train,pmt_train_and_evaluation_samples_seed_4_241016_with_holdout.csv,train_sample_n_200,catboost,"learning_rate=NA,subsample=0.8,depth=6",1000,0.379448512,0.115995843,0.064812015,0.074001483,0.777253813,0.376219364,0.114853429,0.062757927,0.072194213,0.774531549,0.382715561,0.11711607,0.066785142,0.075779565,0.779813938,evaluation_selection_50_percent_split,0.42276168,0.855579064,0.418585552,0.854058601,0.426991638,0.857050869,0.101696825,0.301696825,evaluation_selection_50_percent_split
prefer_official_train,pmt_train_and_evaluation_samples_seed_4_241016_with_holdout.csv,train_sample_n_200,catboost,"learning_rate=NA,subsample=0.8,depth=6",1000,0.378047361,0.115435979,0.064498563,0.073274482,0.775748774,0.374718083,0.114289272,0.062472617,0.071495553,0.773136623,0.381301395,0.116550609,0.066593679,0.075223448,0.77841858,evaluation_test_50_percent_split,0.419895503,0.856121308,0.415899272,0.854644419,0.424276914,0.857670698,0.101696825,0.301696825,evaluation_selection_50_percent_split
prefer_official_train,pmt_train_and_evaluation_samples_seed_4_241016_with_holdout.csv,train_sample_n_200,catboost,"learning_rate=NA,subsample=0.8,depth=6",1000,0.379690142,0.115948044,0.064163873,0.073269793,0.77478938,0.378344464,0.115488361,0.063337829,0.07252425,0.773713734,0.381053722,0.116422851,0.065025056,0.07405183,0.775866884,official_holdout_set,0.41829492,0.855580831,0.416596088,0.854962088,0.42000516,0.856177789,0.101696825,0.301696825,evaluation_selection_50_percent_split
prefer_official_train,pmt_train_and_evaluation_samples_seed_4_241016_with_holdout.csv,train_sample_n_2000,catboost,"learning_rate=NA,subsample=0.8,depth=6",1000,0.308648998,0.094379745,0.239086491,0.239144842,0.846769045,0.306005824,0.093493672,0.23440059,0.234445138,0.844508433,0.311177557,0.095260298,0.243810943,0.243902042,0.849080556,evaluation_selection_50_percent_split,0.523415493,0.871822183,0.518755622,0.870456647,0.527797532,0.873235891,0.213086144,0.453086144,evaluation_selection_50_percent_split
prefer_official_train,pmt_train_and_evaluation_samples_seed_4_241016_with_holdout.csv,train_sample_n_2000,catboost,"learning_rate=NA,subsample=0.8,depth=6",1000,0.307606905,0.093777203,0.240022836,0.240052204,0.845212148,0.305022774,0.092905014,0.235549154,0.235585013,0.842938822,0.310193402,0.094678785,0.24461604,0.244648975,0.84745411,evaluation_test_50_percent_split,0.519563521,0.872892147,0.515145521,0.871502525,0.524018728,0.874247757,0.213086144,0.453086144,evaluation_selection_50_percent_split
prefer_official_train,pmt_train_and_evaluation_samples_seed_4_241016_with_holdout.csv,train_sample_n_2000,catboost,"learning_rate=NA,subsample=0.8,depth=6",1000,0.308646095,0.094201301,0.239685484,0.23973678,0.845545559,0.307583235,0.093836934,0.237726586,0.237779559,0.84461202,0.309756954,0.094579411,0.241544792,0.241596437,0.846492159,official_holdout_set,0.521087275,0.87223477,0.519172495,0.871624915,0.522871654,0.872800854,0.213086144,0.453086144,evaluation_selection_50_percent_split
prefer_official_train,pmt_train_and_evaluation_samples_seed_4_241016_with_holdout.csv,train_sample_n_400,catboost,"learning_rate=NA,subsample=0.8,depth=6",1000,0.358141099,0.109814468,0.114647834,0.115373106,0.798831143,0.355069124,0.10874401,0.11206046,0.112849418,0.796308267,0.361146805,0.110847045,0.11713997,0.117838061,0.80143917,evaluation_selection_50_percent_split,0.452903555,0.861001506,0.448460587,0.859578115,0.457255781,0.862410857,0.128377848,0.318377848,evaluation_selection_50_percent_split
prefer_official_train,pmt_train_and_evaluation_samples_seed_4_241016_with_holdout.csv,train_sample_n_400,catboost,"learning_rate=NA,subsample=0.8,depth=6",1000,0.357322255,0.109423514,0.113224013,0.113829711,0.79711809,0.354244164,0.108362078,0.110732607,0.111348257,0.794519066,0.36039006,0.11048059,0.11567569,0.116259904,0.799681333,evaluation_test_50_percent_split,0.448328635,0.861887494,0.444135736,0.860396201,0.452973363,0.863320689,0.128377848,0.318377848,evaluation_selection_50_percent_split
prefer_official_train,pmt_train_and_evaluation_samples_seed_4_241016_with_holdout.csv,train_sample_n_400,catboost,"learning_rate=NA,subsample=0.8,depth=6",1000,0.358239735,0.109806269,0.113735169,0.114434469,0.797784862,0.35697478,0.109368254,0.112653118,0.113397246,0.79669743,0.359490086,0.110244645,0.114796998,0.115479347,0.798903357,official_holdout_set,0.449596134,0.861236611,0.447781293,0.860634894,0.451406495,0.861865901,0.128377848,0.318377848,evaluation_selection_50_percent_split
prefer_official_train,pmt_train_and_evaluation_samples_seed_4_241016_with_holdout.csv,train_sample_n_4000,catboost,"learning_rate=NA,subsample=0.8,depth=6",1000,0.29980504,0.091607417,0.261437703,0.261438733,0.856400026,0.297267447,0.090729901,0.256501428,0.256502847,0.854214897,0.3023781,0.09248,0.266305688,0.266312076,0.858564173,evaluation_selection_50_percent_split,0.536700098,0.874973977,0.532047197,0.873564989,0.541205322,0.876305501,0.232124745,0.482124745,evaluation_selection_50_percent_split
prefer_official_train,pmt_train_and_evaluation_samples_seed_4_241016_with_holdout.csv,train_sample_n_4000,catboost,"learning_rate=NA,subsample=0.8,depth=6",1000,0.299869268,0.091289482,0.260183503,0.260193891,0.853743049,0.297429276,0.090450419,0.255438587,0.255460305,0.851578502,0.302489262,0.092190667,0.264956126,0.264957804,0.855878202,evaluation_test_50_percent_split,0.531018251,0.876528088,0.526716963,0.875182039,0.535558918,0.877907906,0.232124745,0.482124745,evaluation_selection_50_percent_split
prefer_official_train,pmt_train_and_evaluation_samples_seed_4_241016_with_holdout.csv,train_sample_n_4000,catboost,"learning_rate=NA,subsample=0.8,depth=6",1000,0.300101192,0.091480311,0.261647055,0.261649263,0.85503896,0.29906021,0.091127692,0.259543018,0.25954701,0.854117307,0.301213049,0.091850502,0.263674181,0.263674274,0.855920438,official_holdout_set,0.535003466,0.875742908,0.533074284,0.875168685,0.536846717,0.876296035,0.232124745,0.482124745,evaluation_selection_50_percent_split
prefer_official_train,pmt_train_and_evaluation_samples_seed_4_241016_with_holdout.csv,train_sample_n_800,catboost,"learning_rate=NA,subsample=0.8,depth=6",1000,0.328211497,0.100027554,0.193552421,0.193647994,0.827595762,0.325374883,0.099060596,0.18905945,0.189142917,0.82526571,0.330963411,0.100974476,0.197850573,0.197914187,0.830057479,evaluation_selection_50_percent_split,0.495195343,0.867435814,0.490523411,0.866065679,0.499600471,0.868849885,0.155070649,0.425070649,evaluation_selection_50_percent_split
prefer_official_train,pmt_train_and_evaluation_samples_seed_4_241016_with_holdout.csv,train_sample_n_800,catboost,"learning_rate=NA,subsample=0.8,depth=6",1000,0.327097983,0.099489596,0.193729193,0.193785426,0.826140467,0.324362042,0.098550479,0.189463466,0.189524704,0.823755501,0.329834971,0.100450422,0.19807004,0.198111562,0.828588396,evaluation_test_50_percent_split,0.49004762,0.868486412,0.485729649,0.8670629,0.494750453,0.869909925,0.155070649,0.425070649,evaluation_selection_50_percent_split
prefer_official_train,pmt_train_and_evaluation_samples_seed_4_241016_with_holdout.csv,train_sample_n_800,catboost,"learning_rate=NA,subsample=0.8,depth=6",1000,0.327983172,0.099880761,0.193845608,0.19393187,0.826808268,0.326800576,0.099481175,0.19203588,0.192111538,0.825771921,0.329172295,0.100289048,0.195639524,0.195719287,0.827856212,official_holdout_set,0.493176704,0.867850407,0.491283442,0.867226846,0.49498266,0.868448884,0.155070649,0.425070649,evaluation_selection_50_percent_split
prefer_official_train,pmt_train_and_evaluation_samples_seed_4_241016_with_holdout.csv,train_sample_n_8000,catboost,"learning_rate=NA,subsample=0.8,depth=6",1000,0.295795152,0.090391076,0.271244158,0.271249564,0.861515773,0.293313373,0.089515764,0.266071874,0.266074189,0.859377942,0.298340414,0.091251026,0.276072683,0.276097148,0.863720599,evaluation_selection_50_percent_split,0.545078083,0.876290856,0.540534412,0.87491588,0.549767231,0.87765155,0.220946613,0.500946613,evaluation_selection_50_percent_split
prefer_official_train,pmt_train_and_evaluation_samples_seed_4_241016_with_holdout.csv,train_sample_n_8000,catboost,"learning_rate=NA,subsample=0.8,depth=6",1000,0.295847538,0.090082365,0.269966062,0.269966082,0.858998011,0.293346801,0.089218014,0.26494854,0.264949991,0.856809089,0.298432712,0.090969347,0.274901839,0.274908303,0.861068473,evaluation_test_50_percent_split,0.53884891,0.877612576,0.534531803,0.876208188,0.543375315,0.879036088,0.220946613,0.500946613,evaluation_selection_50_percent_split
prefer_official_train,pmt_train_and_evaluation_samples_seed_4_241016_with_holdout.csv,train_sample_n_8000,catboost,"learning_rate=NA,subsample=0.8,depth=6",1000,0.296369116,0.090360406,0.270685989,0.270689446,0.859845438,0.295340052,0.090012659,0.268517799,0.268524918,0.858925342,0.297478748,0.090727521,0.272733379,0.272737533,0.860738784,official_holdout_set,0.541338669,0.876941441,0.539441473,0.876370498,0.543161763,0.877500338,0.220946613,0.500946613,evaluation_selection_50_percent_split
prefer_official_train,pmt_train_and_evaluation_samples_seed_5_241016_with_holdout.csv,train_sample_n_100,catboost,"learning_rate=NA,subsample=0.8,depth=6",1000,0.395263339,0.119557345,0.035804388,0.040651915,0.696904368,0.391823929,0.118352911,0.033831497,0.038692633,0.694054433,0.398661447,0.120728779,0.037747064,0.042429771,0.699803975,evaluation_selection_50_percent_split,0.34059708,0.854969039,0.337105266,0.8533906,0.344082031,0.856523876,0.090562847,0.560562847,evaluation_selection_50_percent_split
prefer_official_train,pmt_train_and_evaluation_samples_seed_5_241016_with_holdout.csv,train_sample_n_100,catboost,"learning_rate=NA,subsample=0.8,depth=6",1000,0.394626897,0.119260418,0.033801767,0.038378236,0.694206447,0.391247614,0.118090625,0.031910394,0.036574703,0.691191508,0.3979096,0.120403092,0.035671142,0.040130838,0.69698573,evaluation_test_50_percent_split,0.337602194,0.855758198,0.33399438,0.854208566,0.341160925,0.857307467,0.090562847,0.560562847,evaluation_selection_50_percent_split
prefer_official_train,pmt_train_and_evaluation_samples_seed_5_241016_with_holdout.csv,train_sample_n_100,catboost,"learning_rate=NA,subsample=0.8,depth=6",1000,0.395313481,0.119574546,0.034893762,0.03969596,0.696016784,0.393983953,0.119102508,0.034135607,0.038989048,0.694831255,0.396579501,0.120023167,0.035663168,0.040427395,0.697190597,official_holdout_set,0.340275244,0.855108706,0.338902042,0.85450452,0.34167811,0.855714451,0.090562847,0.560562847,evaluation_selection_50_percent_split
prefer_official_train,pmt_train_and_evaluation_samples_seed_5_241016_with_holdout.csv,train_sample_n_1000,catboost,"learning_rate=NA,subsample=0.8,depth=6",1000,0.319885964,0.097993257,0.209712561,0.211149893,0.843399028,0.317027426,0.096979191,0.206047625,0.207517591,0.841100093,0.322721674,0.098996578,0.213369971,0.2147851,0.845780655,evaluation_selection_50_percent_split,0.521200409,0.872383793,0.516742752,0.870887659,0.525918909,0.873821829,0.155236246,0.345236246,evaluation_selection_50_percent_split
prefer_official_train,pmt_train_and_evaluation_samples_seed_5_241016_with_holdout.csv,train_sample_n_1000,catboost,"learning_rate=NA,subsample=0.8,depth=6",1000,0.31988231,0.097911483,0.206761943,0.208062399,0.841335241,0.316976654,0.096905034,0.203069828,0.204299946,0.838890859,0.322710441,0.098908804,0.210600634,0.211868274,0.843536062,evaluation_test_50_percent_split,0.512193734,0.873250415,0.507734182,0.871778609,0.516410461,0.874683731,0.155236246,0.345236246,evaluation_selection_50_percent_split
prefer_official_train,pmt_train_and_evaluation_samples_seed_5_241016_with_holdout.csv,train_sample_n_1000,catboost,"learning_rate=NA,subsample=0.8,depth=6",1000,0.31935361,0.097751805,0.211028772,0.212438339,0.843212439,0.318226202,0.097363157,0.209447062,0.210834086,0.842255038,0.320515356,0.098150727,0.21258088,0.213986456,0.84415834,official_holdout_set,0.517295765,0.873248664,0.515449375,0.872663144,0.519138196,0.873833374,0.155236246,0.345236246,evaluation_selection_50_percent_split
prefer_official_train,pmt_train_and_evaluation_samples_seed_5_241016_with_holdout.csv,train_sample_n_10000,catboost,"learning_rate=NA,subsample=0.8,depth=6",1000,0.291640905,0.088844404,0.28349543,0.283594024,0.863862346,0.289136356,0.088015774,0.278541497,0.278623256,0.861793972,0.294210576,0.089725707,0.288374696,0.288482464,0.865924722,evaluation_selection_50_percent_split,0.54823953,0.878382369,0.543626077,0.876954137,0.552749865,0.879728418,0.261388788,0.501388788,evaluation_selection_50_percent_split
prefer_official_train,pmt_train_and_evaluation_samples_seed_5_241016_with_holdout.csv,train_sample_n_10000,catboost,"learning_rate=NA,subsample=0.8,depth=6",1000,0.292704839,0.08912417,0.277953093,0.278018225,0.861403556,0.290151454,0.088256979,0.273091776,0.273132552,0.859270964,0.295196732,0.089965698,0.282503782,0.282619286,0.863489776,evaluation_test_50_percent_split,0.54332421,0.878212918,0.538704518,0.876818576,0.547619377,0.879631589,0.261388788,0.501388788,evaluation_selection_50_percent_split
prefer_official_train,pmt_train_and_evaluation_samples_seed_5_241016_with_holdout.csv,train_sample_n_10000,catboost,"learning_rate=NA,subsample=0.8,depth=6",1000,0.292367648,0.089034028,0.281391415,0.2814838,0.862661079,0.291363596,0.088698736,0.2793758,0.279462613,0.861776285,0.293401732,0.08938864,0.28338919,0.283482743,0.863555831,official_holdout_set,0.546763264,0.878071949,0.544953864,0.877500966,0.548502677,0.878648561,0.261388788,0.501388788,evaluation_selection_50_percent_split
prefer_official_train,pmt_train_and_evaluation_samples_seed_5_241016_with_holdout.csv,train_sample_n_200,catboost,"learning_rate=NA,subsample=0.8,depth=6",1000,0.408638317,0.122758617,0.009987051,0.033589906,0.729036063,0.404727455,0.121454254,0.008288092,0.032453484,0.726459761,0.412408947,0.12402869,0.011773057,0.034721401,0.731762012,evaluation_selection_50_percent_split,0.376384629,0.854969039,0.372728402,0.8533906,0.380179817,0.856523876,0.080650322,0.420650322,evaluation_selection_50_percent_split
prefer_official_train,pmt_train_and_evaluation_samples_seed_5_241016_with_holdout.csv,train_sample_n_200,catboost,"learning_rate=NA,subsample=0.8,depth=6",1000,0.40710303,0.122197113,0.010009887,0.033054146,0.727757174,0.403336131,0.120953247,0.008295388,0.031914279,0.724929484,0.410930845,0.12344587,0.011713626,0.034161511,0.730506958,evaluation_test_50_percent_split,0.372532022,0.855763039,0.368753012,0.854213286,0.376155023,0.857307588,0.080650322,0.420650322,evaluation_selection_50_percent_split
prefer_official_train,pmt_train_and_evaluation_samples_seed_5_241016_with_holdout.csv,train_sample_n_200,catboost,"learning_rate=NA,subsample=0.8,depth=6",1000,0.408186926,0.122651996,0.010055144,0.03355792,0.729137556,0.406673095,0.122158286,0.00936078,0.033092952,0.728002729,0.409624753,0.123131516,0.010752619,0.034020732,0.730251549,official_holdout_set,0.375,0.855104657,0.37351891,0.854499722,0.37655613,0.855708823,0.080650322,0.420650322,evaluation_selection_50_percent_split
prefer_official_train,pmt_train_and_evaluation_samples_seed_5_241016_with_holdout.csv,train_sample_n_2000,catboost,"learning_rate=NA,subsample=0.8,depth=6",1000,0.308138309,0.094049857,0.241514945,0.243498464,0.849277657,0.305386489,0.093088877,0.237169231,0.239137726,0.846966866,0.31085253,0.094986329,0.245825445,0.247897288,0.851550991,evaluation_selection_50_percent_split,0.529717831,0.873787818,0.52519733,0.872335257,0.534358766,0.875206489,0.182160497,0.432160497,evaluation_selection_50_percent_split
prefer_official_train,pmt_train_and_evaluation_samples_seed_5_241016_with_holdout.csv,train_sample_n_2000,catboost,"learning_rate=NA,subsample=0.8,depth=6",1000,0.308307819,0.093995956,0.238483914,0.240312546,0.84723082,0.30547054,0.093031046,0.234109431,0.235893712,0.844918467,0.311068133,0.094948643,0.242948857,0.244854195,0.849436583,evaluation_test_50_percent_split,0.522847578,0.874039574,0.518258571,0.87264499,0.527437707,0.875545391,0.182160497,0.432160497,evaluation_selection_50_percent_split
prefer_official_train,pmt_train_and_evaluation_samples_seed_5_241016_with_holdout.csv,train_sample_n_2000,catboost,"learning_rate=NA,subsample=0.8,depth=6",1000,0.307718015,0.093812155,0.242826349,0.244777518,0.848801281,0.306645263,0.093455124,0.240944042,0.242878487,0.847847114,0.308836031,0.094182625,0.2447421,0.246695024,0.849752776,official_holdout_set,0.528195686,0.874229355,0.526384815,0.873642884,0.530014413,0.874798719,0.182160497,0.432160497,evaluation_selection_50_percent_split
prefer_official_train,pmt_train_and_evaluation_samples_seed_5_241016_with_holdout.csv,train_sample_n_400,catboost,"learning_rate=NA,subsample=0.8,depth=6",1000,0.357460059,0.108833562,0.122288615,0.129716131,0.804745153,0.354231247,0.107723782,0.119243018,0.126763242,0.802161354,0.360668659,0.109958296,0.125449724,0.132813368,0.807333325,evaluation_selection_50_percent_split,0.462262624,0.863974166,0.45800084,0.862473311,0.466626518,0.865392716,0.100755108,0.310755108,evaluation_selection_50_percent_split
prefer_official_train,pmt_train_and_evaluation_samples_seed_5_241016_with_holdout.csv,train_sample_n_400,catboost,"learning_rate=NA,subsample=0.8,depth=6",1000,0.356325616,0.10835218,0.122175769,0.129281007,0.803175435,0.35304176,0.10722406,0.119034695,0.126285896,0.800535844,0.359548293,0.109465802,0.125313414,0.132351693,0.805694953,evaluation_test_50_percent_split,0.455998704,0.864618081,0.451495031,0.863083215,0.460231517,0.866109616,0.100755108,0.310755108,evaluation_selection_50_percent_split
prefer_official_train,pmt_train_and_evaluation_samples_seed_5_241016_with_holdout.csv,train_sample_n_400,catboost,"learning_rate=NA,subsample=0.8,depth=6",1000,0.356931415,0.108602965,0.123447239,0.130807764,0.803848697,0.355695521,0.108172813,0.122162289,0.129545474,0.802723793,0.358207214,0.109042468,0.124665599,0.132023303,0.804885317,official_holdout_set,0.460146861,0.864339029,0.458392985,0.863727616,0.461853302,0.864922201,0.100755108,0.310755108,evaluation_selection_50_percent_split
prefer_official_train,pmt_train_and_evaluation_samples_seed_5_241016_with_holdout.csv,train_sample_n_4000,catboost,"learning_rate=NA,subsample=0.8,depth=6",1000,0.298725554,0.09108749,0.265405588,0.265698335,0.856871535,0.296073468,0.09018692,0.260551519,0.260818682,0.854734883,0.301331403,0.091980826,0.270331244,0.270642134,0.859058138,evaluation_selection_50_percent_split,0.538693809,0.876179502,0.534226795,0.874775114,0.543080243,0.877515868,0.221247898,0.481247898,evaluation_selection_50_percent_split
prefer_official_train,pmt_train_and_evaluation_samples_seed_5_241016_with_holdout.csv,train_sample_n_4000,catboost,"learning_rate=NA,subsample=0.8,depth=6",1000,0.299359183,0.091282991,0.260463226,0.260696217,0.854874351,0.296696243,0.090373706,0.255751384,0.255948804,0.852715658,0.301979172,0.092175197,0.265372149,0.265649224,0.857023637,evaluation_test_50_percent_split,0.531996085,0.875734087,0.527614732,0.874305855,0.536234229,0.877201173,0.221247898,0.481247898,evaluation_selection_50_percent_split
prefer_official_train,pmt_train_and_evaluation_samples_seed_5_241016_with_holdout.csv,train_sample_n_4000,catboost,"learning_rate=NA,subsample=0.8,depth=6",1000,0.298924997,0.091159643,0.264235213,0.264517123,0.856325018,0.29790198,0.090810137,0.262204484,0.26248523,0.855407486,0.300009708,0.091529087,0.266217113,0.266524444,0.857220909,official_holdout_set,0.53517677,0.875924308,0.533321436,0.875325041,0.537035465,0.876491222,0.221247898,0.481247898,evaluation_selection_50_percent_split
prefer_official_train,pmt_train_and_evaluation_samples_seed_5_241016_with_holdout.csv,train_sample_n_800,catboost,"learning_rate=NA,subsample=0.8,depth=6",1000,0.321051053,0.097978036,0.209835312,0.212076656,0.838235068,0.318294758,0.096991007,0.205952065,0.208204202,0.83589556,0.323810467,0.09896602,0.213585794,0.21595428,0.840654283,evaluation_selection_50_percent_split,0.511186609,0.870979768,0.506680409,0.869512561,0.515566479,0.872378951,0.158255976,0.388255976,evaluation_selection_50_percent_split
prefer_official_train,pmt_train_and_evaluation_samples_seed_5_241016_with_holdout.csv,train_sample_n_800,catboost,"learning_rate=NA,subsample=0.8,depth=6",1000,0.321340836,0.097972287,0.20626934,0.208344357,0.835697899,0.318503862,0.096972422,0.20235985,0.204378521,0.833177101,0.324107157,0.098971563,0.210137905,0.212255595,0.838008698,evaluation_test_50_percent_split,0.505960118,0.87125089,0.501351441,0.869812853,0.510266132,0.872703451,0.158255976,0.388255976,evaluation_selection_50_percent_split
prefer_official_train,pmt_train_and_evaluation_samples_seed_5_241016_with_holdout.csv,train_sample_n_800,catboost,"learning_rate=NA,subsample=0.8,depth=6",1000,0.321175767,0.097956639,0.20937552,0.211586793,0.837323854,0.320084647,0.097570228,0.207692832,0.209878295,0.83633029,0.322270842,0.098347447,0.210951566,0.213185657,0.838311564,official_holdout_set,0.50873868,0.871374742,0.506905242,0.87079894,0.510537321,0.871975628,0.158255976,0.388255976,evaluation_selection_50_percent_split
prefer_official_train,pmt_train_and_evaluation_samples_seed_5_241016_with_holdout.csv,train_sample_n_8000,catboost,"learning_rate=NA,subsample=0.8,depth=6",1000,0.293398055,0.089270868,0.28005612,0.280113945,0.861881457,0.290928071,0.088427071,0.275145619,0.275175283,0.859814659,0.296009602,0.090139887,0.284845161,0.284928321,0.863933725,evaluation_selection_50_percent_split,0.547243801,0.877898223,0.542493175,0.876455345,0.551821831,0.879263758,0.261199839,0.481199839,evaluation_selection_50_percent_split
prefer_official_train,pmt_train_and_evaluation_samples_seed_5_241016_with_holdout.csv,train_sample_n_8000,catboost,"learning_rate=NA,subsample=0.8,depth=6",1000,0.294116237,0.089429869,0.275476452,0.275509197,0.859734562,0.291550051,0.088556903,0.270669131,0.270692172,0.857539511,0.296681851,0.090295508,0.280089908,0.280171913,0.861797076,evaluation_test_50_percent_split,0.540912079,0.878304906,0.536389126,0.876895797,0.545299753,0.879733259,0.261199839,0.481199839,evaluation_selection_50_percent_split
prefer_official_train,pmt_train_and_evaluation_samples_seed_5_241016_with_holdout.csv,train_sample_n_8000,catboost,"learning_rate=NA,subsample=0.8,depth=6",1000,0.293648724,0.089324119,0.27905004,0.279102977,0.861173035,0.2926369,0.088979348,0.277014805,0.27706581,0.860281663,0.29471089,0.089690686,0.28107908,0.281133205,0.862074163,official_holdout_set,0.544717189,0.877968292,0.542814191,0.877378541,0.546541527,0.878548265,0.261199839,0.481199839,evaluation_selection_50_percent_split
without_leakage,pmt_train_and_evaluation_samples_seed_2_241016_with_holdout.csv,train_sample_n_100,catboost,"learning_rate=NA,subsample=0.8,depth=6",1000,0.499381321,0.119652389,0.035892887,0.077893688,0.711504745,0.493727892,0.118368972,0.031287801,0.07350789,0.70814875,0.504995603,0.120948198,0.040659606,0.08220443,0.714830196,evaluation_selection_50_percent_split,0.420811542,0.8639548,0.415696344,0.862473311,0.425926275,0.865407482,0.05399039,0.43399039,evaluation_selection_50_percent_split
without_leakage,pmt_train_and_evaluation_samples_seed_2_241016_with_holdout.csv,train_sample_n_100,catboost,"learning_rate=NA,subsample=0.8,depth=6",1000,0.49157376,0.118114815,0.042227418,0.083034615,0.716489807,0.486028158,0.116826627,0.037330816,0.078434799,0.713063968,0.497321097,0.119448669,0.04688348,0.08727901,0.719834964,evaluation_test_50_percent_split,0.42717464,0.865383033,0.421721021,0.863785349,0.432345111,0.866849997,0.05399039,0.43399039,evaluation_selection_50_percent_split
without_leakage,pmt_train_and_evaluation_samples_seed_2_241016_with_holdout.csv,train_sample_n_100,catboost,"learning_rate=NA,subsample=0.8,depth=6",1000,0.494491856,0.118938543,0.040027055,0.081601843,0.716693622,0.492259087,0.118421427,0.038165199,0.079786809,0.715369236,0.496655461,0.119441304,0.041981699,0.083404702,0.718035696,official_holdout_set,0.427062034,0.864354416,0.42504756,0.863749197,0.429171026,0.86492625,0.05399039,0.43399039,evaluation_selection_50_percent_split
without_leakage,pmt_train_and_evaluation_samples_seed_2_241016_with_holdout.csv,train_sample_n_1000,catboost,"learning_rate=NA,subsample=0.8,depth=6",1000,0.315290816,0.09548098,0.230655632,0.230892767,0.841414222,0.312438954,0.094503737,0.226252789,0.226527187,0.839102698,0.318121727,0.096423731,0.234986236,0.235310892,0.843674922,evaluation_selection_50_percent_split,0.522899376,0.872775951,0.518182548,0.871337673,0.527402349,0.874257803,0.19742441,0.38742441,evaluation_selection_50_percent_split
without_leakage,pmt_train_and_evaluation_samples_seed_2_241016_with_holdout.csv,train_sample_n_1000,catboost,"learning_rate=NA,subsample=0.8,depth=6",1000,0.311312207,0.094142918,0.236611382,0.236771223,0.843763272,0.30849574,0.093214713,0.232197744,0.232355356,0.841253378,0.314110065,0.095110974,0.240855596,0.241042814,0.846172086,evaluation_test_50_percent_split,0.529402836,0.874596343,0.524550422,0.873114612,0.534068704,0.875995648,0.19742441,0.38742441,evaluation_selection_50_percent_split
without_leakage,pmt_train_and_evaluation_samples_seed_2_241016_with_holdout.csv,train_sample_n_1000,catboost,"learning_rate=NA,subsample=0.8,depth=6",1000,0.31394391,0.095025252,0.233035239,0.233250028,0.84189178,0.31282402,0.094645749,0.231196544,0.23141773,0.840944482,0.315073773,0.095405066,0.234855016,0.235080147,0.842918952,official_holdout_set,0.525274286,0.873143387,0.523336026,0.872543271,0.527119391,0.873725769,0.19742441,0.38742441,evaluation_selection_50_percent_split
without_leakage,pmt_train_and_evaluation_samples_seed_2_241016_with_holdout.csv,train_sample_n_10000,catboost,"learning_rate=NA,subsample=0.8,depth=6",1000,0.2908275,0.0882532,0.288893954,0.288935286,0.865176133,0.288168124,0.087348046,0.283725406,0.283789215,0.863102939,0.293427975,0.089132823,0.293872634,0.29390292,0.867315443,evaluation_selection_50_percent_split,0.554881314,0.880183395,0.550186907,0.878759883,0.559197773,0.881553893,0.241058057,0.511058057,evaluation_selection_50_percent_split
without_leakage,pmt_train_and_evaluation_samples_seed_2_241016_with_holdout.csv,train_sample_n_10000,catboost,"learning_rate=NA,subsample=0.8,depth=6",1000,0.286264933,0.08661613,0.297644802,0.297659056,0.86829105,0.283697162,0.085757575,0.292566587,0.292571095,0.866225403,0.288946943,0.087501522,0.302435208,0.302448134,0.870346643,evaluation_test_50_percent_split,0.560319399,0.882434677,0.555424176,0.881030409,0.564619151,0.883775884,0.241058057,0.511058057,evaluation_selection_50_percent_split
without_leakage,pmt_train_and_evaluation_samples_seed_2_241016_with_holdout.csv,train_sample_n_10000,catboost,"learning_rate=NA,subsample=0.8,depth=6",1000,0.288862865,0.087627561,0.292743247,0.292775888,0.866927442,0.287789172,0.087273158,0.290712271,0.290745206,0.866054277,0.289958021,0.087991409,0.29483216,0.294860912,0.867789328,official_holdout_set,0.558330048,0.880426095,0.556555172,0.879843814,0.560172191,0.881015664,0.241058057,0.511058057,evaluation_selection_50_percent_split
without_leakage,pmt_train_and_evaluation_samples_seed_2_241016_with_holdout.csv,train_sample_n_200,catboost,"learning_rate=NA,subsample=0.8,depth=6",1000,0.369202165,0.110920804,0.106248222,0.11507591,0.79962878,0.365775216,0.109776123,0.103017863,0.111957703,0.796932908,0.372584998,0.112054484,0.109406838,0.118094769,0.802368237,evaluation_selection_50_percent_split,0.464095037,0.864932776,0.459454624,0.863480215,0.468522854,0.866482166,0.093490625,0.283490625,evaluation_selection_50_percent_split
without_leakage,pmt_train_and_evaluation_samples_seed_2_241016_with_holdout.csv,train_sample_n_200,catboost,"learning_rate=NA,subsample=0.8,depth=6",1000,0.364918762,0.10962212,0.111093211,0.119387778,0.802458001,0.361418873,0.108468226,0.107784741,0.116121717,0.799464575,0.368398994,0.110757843,0.114260128,0.122380445,0.805203114,evaluation_test_50_percent_split,0.472106189,0.866486887,0.467388037,0.864971387,0.476510269,0.867939448,0.093490625,0.283490625,evaluation_selection_50_percent_split
without_leakage,pmt_train_and_evaluation_samples_seed_2_241016_with_holdout.csv,train_sample_n_200,catboost,"learning_rate=NA,subsample=0.8,depth=6",1000,0.367275275,0.110358392,0.109278886,0.117945826,0.80120696,0.365874244,0.109903191,0.108006265,0.116712819,0.800103734,0.368640777,0.110802225,0.110660122,0.119231817,0.802351035,official_holdout_set,0.46757081,0.865808852,0.465776767,0.865227361,0.469372456,0.86640743,0.093490625,0.283490625,evaluation_selection_50_percent_split
without_leakage,pmt_train_and_evaluation_samples_seed_2_241016_with_holdout.csv,train_sample_n_2000,catboost,"learning_rate=NA,subsample=0.8,depth=6",1000,0.304351731,0.092177397,0.257274474,0.257675275,0.852373407,0.301632217,0.091238261,0.252679704,0.253065925,0.850108562,0.307091116,0.093120556,0.261776488,0.262151499,0.854574917,evaluation_selection_50_percent_split,0.533596896,0.876876673,0.529013324,0.875438516,0.538216114,0.878324393,0.203276657,0.433276657,evaluation_selection_50_percent_split
without_leakage,pmt_train_and_evaluation_samples_seed_2_241016_with_holdout.csv,train_sample_n_2000,catboost,"learning_rate=NA,subsample=0.8,depth=6",1000,0.300702725,0.090979819,0.262260397,0.262560313,0.854807498,0.298009705,0.090074136,0.257529715,0.257816439,0.852483499,0.303460963,0.09188978,0.266606955,0.266968779,0.857025631,evaluation_test_50_percent_split,0.539641004,0.878425943,0.534618816,0.876992747,0.544171171,0.879781553,0.203276657,0.433276657,evaluation_selection_50_percent_split
without_leakage,pmt_train_and_evaluation_samples_seed_2_241016_with_holdout.csv,train_sample_n_2000,catboost,"learning_rate=NA,subsample=0.8,depth=6",1000,0.303030801,0.091752409,0.2594509,0.259822922,0.853106342,0.301947842,0.091381092,0.25762396,0.258008628,0.852217798,0.304145372,0.092122692,0.261296244,0.26168505,0.854037316,official_holdout_set,0.536953819,0.876849932,0.53516018,0.87626925,0.538736588,0.87744438,0.203276657,0.433276657,evaluation_selection_50_percent_split
without_leakage,pmt_train_and_evaluation_samples_seed_2_241016_with_holdout.csv,train_sample_n_400,catboost,"learning_rate=NA,subsample=0.8,depth=6",1000,0.34788266,0.104761412,0.155877928,0.165428404,0.823564523,0.344516203,0.103670876,0.152106613,0.161788645,0.821087053,0.351174349,0.10586013,0.159552676,0.16896026,0.826049662,evaluation_selection_50_percent_split,0.503500404,0.868065205,0.498969192,0.866602961,0.5079697,0.869609754,0.107410738,0.317410738,evaluation_selection_50_percent_split
without_leakage,pmt_train_and_evaluation_samples_seed_2_241016_with_holdout.csv,train_sample_n_400,catboost,"learning_rate=NA,subsample=0.8,depth=6",1000,0.343627138,0.103553301,0.160304212,0.169318435,0.826280032,0.340322221,0.102472487,0.156403383,0.165560936,0.823575664,0.347008941,0.104646229,0.163957866,0.172825107,0.828896844,evaluation_test_50_percent_split,0.512557749,0.869130327,0.507776938,0.867619669,0.517032353,0.870553961,0.107410738,0.317410738,evaluation_selection_50_percent_split
without_leakage,pmt_train_and_evaluation_samples_seed_2_241016_with_holdout.csv,train_sample_n_400,catboost,"learning_rate=NA,subsample=0.8,depth=6",1000,0.34590218,0.104258331,0.158513505,0.167903195,0.825396194,0.344558402,0.10382532,0.156996573,0.166413398,0.824356731,0.347189376,0.104689007,0.160070112,0.169396766,0.826455739,official_holdout_set,0.507183965,0.868865111,0.505399075,0.868274651,0.509101913,0.869450752,0.107410738,0.317410738,evaluation_selection_50_percent_split
without_leakage,pmt_train_and_evaluation_samples_seed_2_241016_with_holdout.csv,train_sample_n_4000,catboost,"learning_rate=NA,subsample=0.8,depth=6",1000,0.297497102,0.09022091,0.273038995,0.273407705,0.859620891,0.294834313,0.089302224,0.268096273,0.268459953,0.857399765,0.300118918,0.091110864,0.277865831,0.278259294,0.861807982,evaluation_selection_50_percent_split,0.543693621,0.878454991,0.539043811,0.877046004,0.548344707,0.879767271,0.21288378,0.46288378,evaluation_selection_50_percent_split
without_leakage,pmt_train_and_evaluation_samples_seed_2_241016_with_holdout.csv,train_sample_n_4000,catboost,"learning_rate=NA,subsample=0.8,depth=6",1000,0.293459195,0.088743287,0.280396055,0.280668317,0.861873264,0.290847562,0.087876572,0.275611873,0.275910508,0.859707563,0.296239656,0.089655471,0.284920769,0.285221139,0.863986258,evaluation_test_50_percent_split,0.548316934,0.8806627,0.543507553,0.879268237,0.552823501,0.882047601,0.21288378,0.46288378,evaluation_selection_50_percent_split
without_leakage,pmt_train_and_evaluation_samples_seed_2_241016_with_holdout.csv,train_sample_n_4000,catboost,"learning_rate=NA,subsample=0.8,depth=6",1000,0.295650324,0.089608933,0.276751261,0.277091946,0.860970724,0.294567167,0.089242603,0.274826523,0.275159717,0.860066998,0.296743994,0.089974299,0.278722516,0.279053557,0.86187301,official_holdout_set,0.548289166,0.878630725,0.546434491,0.878067758,0.550148275,0.879188771,0.21288378,0.46288378,evaluation_selection_50_percent_split
without_leakage,pmt_train_and_evaluation_samples_seed_2_241016_with_holdout.csv,train_sample_n_800,catboost,"learning_rate=NA,subsample=0.8,depth=6",1000,0.321871596,0.097402069,0.215176328,0.216402542,0.835715018,0.318857486,0.096410997,0.21120222,0.212418692,0.833284068,0.324768058,0.098376337,0.219213975,0.220399076,0.838096221,evaluation_selection_50_percent_split,0.516695372,0.871062072,0.512190961,0.869633114,0.521050504,0.872509671,0.156801485,0.396801485,evaluation_selection_50_percent_split
without_leakage,pmt_train_and_evaluation_samples_seed_2_241016_with_holdout.csv,train_sample_n_800,catboost,"learning_rate=NA,subsample=0.8,depth=6",1000,0.318068478,0.096281928,0.219266515,0.220307567,0.838458356,0.315170637,0.095341447,0.21513047,0.216174813,0.835893468,0.320974272,0.097253997,0.223089004,0.224110715,0.840924032,evaluation_test_50_percent_split,0.522264383,0.8718125,0.517542595,0.870350256,0.526742161,0.873216767,0.156801485,0.396801485,evaluation_selection_50_percent_split
without_leakage,pmt_train_and_evaluation_samples_seed_2_241016_with_holdout.csv,train_sample_n_800,catboost,"learning_rate=NA,subsample=0.8,depth=6",1000,0.320238415,0.096951468,0.217488426,0.218661935,0.836986071,0.319091996,0.096563779,0.215897049,0.217065913,0.836002693,0.321374991,0.09734524,0.219185733,0.220361166,0.838008798,official_holdout_set,0.519993961,0.871410374,0.518185978,0.870821615,0.521822387,0.872004012,0.156801485,0.396801485,evaluation_selection_50_percent_split
without_leakage,pmt_train_and_evaluation_samples_seed_2_241016_with_holdout.csv,train_sample_n_8000,catboost,"learning_rate=NA,subsample=0.8,depth=6",1000,0.291192628,0.08834122,0.288184725,0.288268011,0.864822356,0.288573398,0.087452805,0.283154488,0.283226455,0.862695898,0.293807524,0.089225463,0.293100198,0.2932052,0.86698005,evaluation_selection_50_percent_split,0.55298603,0.879951004,0.548378804,0.878595394,0.55736309,0.881364712,0.231207589,0.481207589,evaluation_selection_50_percent_split
without_leakage,pmt_train_and_evaluation_samples_seed_2_241016_with_holdout.csv,train_sample_n_8000,catboost,"learning_rate=NA,subsample=0.8,depth=6",1000,0.286973416,0.086808982,0.296080993,0.296122818,0.867512806,0.284438818,0.085949837,0.290928986,0.290995665,0.865389928,0.289753922,0.087728669,0.300806544,0.300863577,0.869559008,evaluation_test_50_percent_split,0.558429133,0.882454042,0.553636253,0.88099192,0.562908953,0.883795734,0.231207589,0.481207589,evaluation_selection_50_percent_split
without_leakage,pmt_train_and_evaluation_samples_seed_2_241016_with_holdout.csv,train_sample_n_8000,catboost,"learning_rate=NA,subsample=0.8,depth=6",1000,0.288986549,0.087639456,0.292647238,0.292717821,0.866788079,0.287927502,0.087285963,0.290624804,0.290687301,0.865882083,0.290093866,0.088014464,0.294639594,0.294701702,0.867664611,official_holdout_set,0.557941976,0.880565384,0.556164242,0.879995959,0.559727072,0.881132298,0.231207589,0.481207589,evaluation_selection_50_percent_split
without_leakage,pmt_train_and_evaluation_samples_seed_3_241016_with_holdout.csv,train_sample_n_100,catboost,"learning_rate=NA,subsample=0.8,depth=6",1000,0.395390174,0.119733869,0.030723353,0.030873348,0.747920019,0.391946858,0.118527636,0.028771793,0.028961747,0.745226587,0.398766678,0.120927425,0.032700578,0.032802709,0.750793591,evaluation_selection_50_percent_split,0.390541413,0.856615137,0.386545328,0.85514309,0.394363235,0.85816477,0.089450699,0.409450699,evaluation_selection_50_percent_split
without_leakage,pmt_train_and_evaluation_samples_seed_3_241016_with_holdout.csv,train_sample_n_100,catboost,"learning_rate=NA,subsample=0.8,depth=6",1000,0.395725808,0.119959544,0.031809168,0.0319964,0.749341515,0.392524146,0.118817449,0.029714091,0.029965808,0.746709036,0.399052823,0.121129948,0.033885778,0.034056211,0.752181205,evaluation_test_50_percent_split,0.39293384,0.856164881,0.389199964,0.854639698,0.396929672,0.857675539,0.089450699,0.409450699,evaluation_selection_50_percent_split
without_leakage,pmt_train_and_evaluation_samples_seed_3_241016_with_holdout.csv,train_sample_n_100,catboost,"learning_rate=NA,subsample=0.8,depth=6",1000,0.396156915,0.120079598,0.030817408,0.031004522,0.7483359,0.394852072,0.119617141,0.029944906,0.030153082,0.747225056,0.397468723,0.120544623,0.031664139,0.031816947,0.749475845,official_holdout_set,0.391874469,0.855915286,0.390201761,0.855310351,0.39349403,0.856511354,0.089450699,0.409450699,evaluation_selection_50_percent_split
without_leakage,pmt_train_and_evaluation_samples_seed_3_241016_with_holdout.csv,train_sample_n_1000,catboost,"learning_rate=NA,subsample=0.8,depth=6",1000,0.311420888,0.094884581,0.231884767,0.233547976,0.846311938,0.308596035,0.093953302,0.227992506,0.229670159,0.844082242,0.314128237,0.09578626,0.236057103,0.237694628,0.848637489,evaluation_selection_50_percent_split,0.525244596,0.872887305,0.520786075,0.871478317,0.529685505,0.874301255,0.193077979,0.383077979,evaluation_selection_50_percent_split
without_leakage,pmt_train_and_evaluation_samples_seed_3_241016_with_holdout.csv,train_sample_n_1000,catboost,"learning_rate=NA,subsample=0.8,depth=6",1000,0.310377419,0.094659588,0.236004558,0.23776068,0.848461975,0.307537982,0.093716085,0.232068759,0.233790968,0.846184916,0.313089183,0.095568061,0.240092264,0.24188343,0.850755211,evaluation_test_50_percent_split,0.531179097,0.872887305,0.526703479,0.871458952,0.53576869,0.874306218,0.193077979,0.383077979,evaluation_selection_50_percent_split
without_leakage,pmt_train_and_evaluation_samples_seed_3_241016_with_holdout.csv,train_sample_n_1000,catboost,"learning_rate=NA,subsample=0.8,depth=6",1000,0.311072327,0.094878413,0.234220401,0.235979811,0.847563674,0.30992727,0.094504539,0.232637719,0.234390192,0.846642107,0.312245805,0.095270175,0.235845552,0.237586234,0.848482397,official_holdout_set,0.528806271,0.872736858,0.526986255,0.872136782,0.530607321,0.873301343,0.193077979,0.383077979,evaluation_selection_50_percent_split
without_leakage,pmt_train_and_evaluation_samples_seed_3_241016_with_holdout.csv,train_sample_n_10000,catboost,"learning_rate=NA,subsample=0.8,depth=6",1000,0.28892691,0.087824239,0.289040064,0.289097987,0.866668723,0.286243655,0.086964764,0.284326512,0.284402087,0.864638347,0.291472932,0.088665998,0.294153472,0.294222255,0.868773081,evaluation_selection_50_percent_split,0.554462993,0.879994578,0.550175952,0.878590189,0.559008139,0.881452101,0.271006354,0.491006354,evaluation_selection_50_percent_split
without_leakage,pmt_train_and_evaluation_samples_seed_3_241016_with_holdout.csv,train_sample_n_10000,catboost,"learning_rate=NA,subsample=0.8,depth=6",1000,0.287841285,0.087588921,0.293071755,0.293149662,0.868596946,0.285294877,0.086704875,0.287972269,0.28802306,0.866547238,0.290250874,0.088393765,0.298050635,0.298119428,0.870629796,evaluation_test_50_percent_split,0.555482959,0.880144663,0.550799822,0.8787502,0.560020733,0.881543968,0.271006354,0.491006354,evaluation_selection_50_percent_split
without_leakage,pmt_train_and_evaluation_samples_seed_3_241016_with_holdout.csv,train_sample_n_10000,catboost,"learning_rate=NA,subsample=0.8,depth=6",1000,0.288299281,0.087691665,0.292225853,0.292303681,0.868158298,0.287203029,0.087335749,0.290226885,0.290298878,0.867310529,0.289373963,0.088050178,0.294335951,0.294413922,0.869034346,official_holdout_set,0.557860616,0.879853552,0.556092537,0.879263113,0.55970703,0.880430994,0.271006354,0.491006354,evaluation_selection_50_percent_split
without_leakage,pmt_train_and_evaluation_samples_seed_3_241016_with_holdout.csv,train_sample_n_200,catboost,"learning_rate=NA,subsample=0.8,depth=6",1000,0.366234939,0.112843582,0.086502005,0.092837757,0.793233079,0.363036535,0.111703193,0.08443606,0.090996461,0.790649626,0.369308408,0.113948957,0.088715885,0.094862701,0.795903171,evaluation_selection_50_percent_split,0.441259478,0.858716334,0.436893898,0.857302626,0.445433032,0.860251321,0.123723048,0.353723048,evaluation_selection_50_percent_split
without_leakage,pmt_train_and_evaluation_samples_seed_3_241016_with_holdout.csv,train_sample_n_200,catboost,"learning_rate=NA,subsample=0.8,depth=6",1000,0.366220547,0.11292787,0.088561655,0.095089062,0.795123742,0.363172172,0.111838167,0.08641911,0.093157098,0.792479938,0.369377254,0.114043597,0.090833027,0.097153153,0.79774062,evaluation_test_50_percent_split,0.445963264,0.85837259,0.441650573,0.856856969,0.450299816,0.859844637,0.123723048,0.353723048,evaluation_selection_50_percent_split
without_leakage,pmt_train_and_evaluation_samples_seed_3_241016_with_holdout.csv,train_sample_n_200,catboost,"learning_rate=NA,subsample=0.8,depth=6",1000,0.366820619,0.113083065,0.087287596,0.093822498,0.793639852,0.365555519,0.112638831,0.0864223,0.092991634,0.792573729,0.368047029,0.113513699,0.088167205,0.094630437,0.794655045,official_holdout_set,0.441580299,0.858261334,0.439762658,0.857669983,0.443279444,0.858856591,0.123723048,0.353723048,evaluation_selection_50_percent_split
without_leakage,pmt_train_and_evaluation_samples_seed_3_241016_with_holdout.csv,train_sample_n_2000,catboost,"learning_rate=NA,subsample=0.8,depth=6",1000,0.30222353,0.091832744,0.256590174,0.256611275,0.852662401,0.299460442,0.090921922,0.252424689,0.252438226,0.850455678,0.304840017,0.092699822,0.261125591,0.261154646,0.85497336,evaluation_selection_50_percent_split,0.53390771,0.875680831,0.529473758,0.874305613,0.538480277,0.877143075,0.222601582,0.462601582,evaluation_selection_50_percent_split
without_leakage,pmt_train_and_evaluation_samples_seed_3_241016_with_holdout.csv,train_sample_n_2000,catboost,"learning_rate=NA,subsample=0.8,depth=6",1000,0.301333373,0.091646151,0.26032594,0.260360193,0.854488262,0.298654956,0.090765573,0.255907878,0.255941449,0.852230987,0.303928311,0.092516643,0.264768646,0.264801439,0.856693576,evaluation_test_50_percent_split,0.536404808,0.875850282,0.531914692,0.874436574,0.540857228,0.877278757,0.222601582,0.462601582,evaluation_selection_50_percent_split
without_leakage,pmt_train_and_evaluation_samples_seed_3_241016_with_holdout.csv,train_sample_n_2000,catboost,"learning_rate=NA,subsample=0.8,depth=6",1000,0.301756127,0.09180089,0.259059606,0.259093801,0.854094427,0.300676695,0.091440424,0.257244888,0.25728529,0.853175788,0.302872032,0.09217592,0.260900863,0.260920376,0.85500145,official_holdout_set,0.537193809,0.874772744,0.535385376,0.874188864,0.539020769,0.875338039,0.222601582,0.462601582,evaluation_selection_50_percent_split
without_leakage,pmt_train_and_evaluation_samples_seed_3_241016_with_holdout.csv,train_sample_n_400,catboost,"learning_rate=NA,subsample=0.8,depth=6",1000,0.326944253,0.100914419,0.183071671,0.183383905,0.835081175,0.324206316,0.099924623,0.180260942,0.180586017,0.832844114,0.329551823,0.101861967,0.185993445,0.186266569,0.837455049,evaluation_selection_50_percent_split,0.499784409,0.868762376,0.495296412,0.867309573,0.504512725,0.870311645,0.18034838,0.33034838,evaluation_selection_50_percent_split
without_leakage,pmt_train_and_evaluation_samples_seed_3_241016_with_holdout.csv,train_sample_n_400,catboost,"learning_rate=NA,subsample=0.8,depth=6",1000,0.326668431,0.100944756,0.185277101,0.185636575,0.837006042,0.323922765,0.099960805,0.18256313,0.182953726,0.834744665,0.329326871,0.101891351,0.18825227,0.188588368,0.839412314,evaluation_test_50_percent_split,0.504704649,0.868733327,0.500133024,0.867212986,0.509312692,0.87018613,0.18034838,0.33034838,evaluation_selection_50_percent_split
without_leakage,pmt_train_and_evaluation_samples_seed_3_241016_with_holdout.csv,train_sample_n_400,catboost,"learning_rate=NA,subsample=0.8,depth=6",1000,0.327260599,0.101103353,0.183977867,0.184337524,0.835813307,0.326142825,0.100706769,0.182801273,0.183183722,0.834859743,0.328356229,0.101499647,0.185131261,0.18548725,0.836755217,official_holdout_set,0.501307469,0.868111169,0.49935796,0.867495564,0.503053756,0.868692639,0.18034838,0.33034838,evaluation_selection_50_percent_split
without_leakage,pmt_train_and_evaluation_samples_seed_3_241016_with_holdout.csv,train_sample_n_4000,catboost,"learning_rate=NA,subsample=0.8,depth=6",1000,0.296132997,0.089741281,0.273521115,0.273525592,0.85733854,0.293463714,0.088856456,0.268940215,0.268942128,0.855176125,0.298676758,0.090599369,0.278540309,0.278545575,0.859531408,evaluation_selection_50_percent_split,0.544390785,0.87795632,0.54009414,0.876561857,0.548633879,0.879345821,0.241833726,0.471833726,evaluation_selection_50_percent_split
without_leakage,pmt_train_and_evaluation_samples_seed_3_241016_with_holdout.csv,train_sample_n_4000,catboost,"learning_rate=NA,subsample=0.8,depth=6",1000,0.294694533,0.08935543,0.2788143,0.278825633,0.859561676,0.292055855,0.088472721,0.27380868,0.273810618,0.857421555,0.297177193,0.090175562,0.28380297,0.283829117,0.861768567,evaluation_test_50_percent_split,0.547140784,0.878663174,0.542743532,0.877297881,0.551649452,0.880062479,0.241833726,0.471833726,evaluation_selection_50_percent_split
without_leakage,pmt_train_and_evaluation_samples_seed_3_241016_with_holdout.csv,train_sample_n_4000,catboost,"learning_rate=NA,subsample=0.8,depth=6",1000,0.295389372,0.08957758,0.277004313,0.277015609,0.858962713,0.294310231,0.089215664,0.274985594,0.274997179,0.858067478,0.296459796,0.08993711,0.279036789,0.279048416,0.859867977,official_holdout_set,0.547205204,0.877759359,0.545490988,0.877168191,0.548989392,0.878349839,0.241833726,0.471833726,evaluation_selection_50_percent_split
without_leakage,pmt_train_and_evaluation_samples_seed_3_241016_with_holdout.csv,train_sample_n_800,catboost,"learning_rate=NA,subsample=0.8,depth=6",1000,0.315162618,0.096263862,0.220719129,0.221430316,0.84325241,0.312325527,0.095329333,0.216870328,0.217603787,0.841052823,0.31790569,0.097186574,0.224670096,0.225438991,0.845634349,evaluation_selection_50_percent_split,0.514505575,0.870776426,0.510286722,0.869314182,0.518901197,0.872214341,0.183268579,0.383268579,evaluation_selection_50_percent_split
without_leakage,pmt_train_and_evaluation_samples_seed_3_241016_with_holdout.csv,train_sample_n_800,catboost,"learning_rate=NA,subsample=0.8,depth=6",1000,0.314512793,0.096277922,0.222943017,0.223721296,0.845348727,0.311667531,0.095338193,0.219100006,0.219877413,0.843116515,0.317185139,0.097204883,0.226957699,0.22776946,0.847684951,evaluation_test_50_percent_split,0.52092568,0.87032617,0.516523964,0.868858842,0.5254244,0.871793376,0.183268579,0.383268579,evaluation_selection_50_percent_split
without_leakage,pmt_train_and_evaluation_samples_seed_3_241016_with_holdout.csv,train_sample_n_800,catboost,"learning_rate=NA,subsample=0.8,depth=6",1000,0.314942046,0.096357229,0.222284626,0.223063009,0.844545213,0.313785137,0.095977973,0.220637566,0.221411168,0.843631675,0.316122822,0.096756158,0.223888631,0.22463209,0.845449538,official_holdout_set,0.518218813,0.869846612,0.51641754,0.869214123,0.52001602,0.870420835,0.183268579,0.383268579,evaluation_selection_50_percent_split
without_leakage,pmt_train_and_evaluation_samples_seed_3_241016_with_holdout.csv,train_sample_n_8000,catboost,"learning_rate=NA,subsample=0.8,depth=6",1000,0.290792027,0.088231884,0.285740067,0.285796439,0.864157323,0.288110598,0.087356986,0.281022485,0.281056092,0.862073789,0.293449698,0.089093738,0.290914813,0.29096691,0.866292798,evaluation_selection_50_percent_split,0.5521315,0.879462016,0.547612977,0.877966003,0.556664466,0.8808612,0.260952986,0.500952986,evaluation_selection_50_percent_split
without_leakage,pmt_train_and_evaluation_samples_seed_3_241016_with_holdout.csv,train_sample_n_8000,catboost,"learning_rate=NA,subsample=0.8,depth=6",1000,0.289653939,0.087992441,0.289814956,0.289891118,0.866092118,0.287128458,0.087141973,0.284846328,0.284897122,0.864055688,0.292168656,0.088821623,0.29466028,0.294754941,0.868195435,evaluation_test_50_percent_split,0.553646668,0.8800672,0.549134151,0.878759883,0.558118324,0.881534285,0.260952986,0.500952986,evaluation_selection_50_percent_split
without_leakage,pmt_train_and_evaluation_samples_seed_3_241016_with_holdout.csv,train_sample_n_8000,catboost,"learning_rate=NA,subsample=0.8,depth=6",1000,0.290518752,0.088262318,0.287620013,0.287696241,0.865327797,0.289442407,0.087904492,0.285600114,0.285663024,0.864462757,0.291607131,0.088621171,0.289658459,0.28976176,0.866214605,official_holdout_set,0.553959116,0.878939266,0.552182042,0.878329391,0.555752519,0.879537723,0.260952986,0.500952986,evaluation_selection_50_percent_split
without_leakage,pmt_train_and_evaluation_samples_seed_4_241016_with_holdout.csv,train_sample_n_100,catboost,"learning_rate=NA,subsample=0.8,depth=6",1000,0.370871109,0.113620437,0.08396314,0.085640472,0.790897805,0.3678699,0.112537428,0.082079849,0.08387311,0.788128909,0.373829255,0.114697348,0.085906803,0.087432317,0.793702277,evaluation_selection_50_percent_split,0.451590046,0.86527652,0.447086445,0.863882178,0.456195239,0.866714436,0.121234733,0.211234733,evaluation_selection_50_percent_split
without_leakage,pmt_train_and_evaluation_samples_seed_4_241016_with_holdout.csv,train_sample_n_100,catboost,"learning_rate=NA,subsample=0.8,depth=6",1000,0.369727932,0.113115517,0.083303755,0.084795864,0.788913654,0.366666413,0.112008306,0.081469629,0.083051094,0.78607822,0.372750678,0.114193962,0.085257642,0.086665262,0.791697889,evaluation_test_50_percent_split,0.449233825,0.865629947,0.44471069,0.864158021,0.453947908,0.867092191,0.121234733,0.211234733,evaluation_selection_50_percent_split
without_leakage,pmt_train_and_evaluation_samples_seed_4_241016_with_holdout.csv,train_sample_n_100,catboost,"learning_rate=NA,subsample=0.8,depth=6",1000,0.370487308,0.1134556,0.084280808,0.085916822,0.7903593,0.369233865,0.113003803,0.08347892,0.085179886,0.789256901,0.371741967,0.113908359,0.085057947,0.086658294,0.791501372,official_holdout_set,0.451709062,0.865506789,0.449913747,0.864905093,0.453504738,0.866094131,0.121234733,0.211234733,evaluation_selection_50_percent_split
without_leakage,pmt_train_and_evaluation_samples_seed_4_241016_with_holdout.csv,train_sample_n_1000,catboost,"learning_rate=NA,subsample=0.8,depth=6",1000,0.31928007,0.097102777,0.217132716,0.21736629,0.840074055,0.316463082,0.096171584,0.21275833,0.213018096,0.83774372,0.32201187,0.098026915,0.221447554,0.221708363,0.842443175,evaluation_selection_50_percent_split,0.522721386,0.870679597,0.518184795,0.869318903,0.527147851,0.872098388,0.164450462,0.394450462,evaluation_selection_50_percent_split
without_leakage,pmt_train_and_evaluation_samples_seed_4_241016_with_holdout.csv,train_sample_n_1000,catboost,"learning_rate=NA,subsample=0.8,depth=6",1000,0.318248175,0.096671161,0.216569991,0.216740556,0.839250226,0.315488047,0.095753635,0.212244982,0.212430968,0.836907438,0.321044109,0.097614157,0.220844142,0.221032183,0.841664237,evaluation_test_50_percent_split,0.51984213,0.871430024,0.515137945,0.870006633,0.524273271,0.872843853,0.164450462,0.394450462,evaluation_selection_50_percent_split
without_leakage,pmt_train_and_evaluation_samples_seed_4_241016_with_holdout.csv,train_sample_n_1000,catboost,"learning_rate=NA,subsample=0.8,depth=6",1000,0.318934116,0.097024241,0.216901058,0.217120365,0.840176831,0.317757836,0.096637048,0.215126525,0.215335737,0.839195914,0.320131304,0.097417069,0.218698038,0.218922592,0.84120638,official_holdout_set,0.520611998,0.870609462,0.518781394,0.870001288,0.522345811,0.871185264,0.164450462,0.394450462,evaluation_selection_50_percent_split
without_leakage,pmt_train_and_evaluation_samples_seed_4_241016_with_holdout.csv,train_sample_n_10000,catboost,"learning_rate=NA,subsample=0.8,depth=6",1000,0.287744953,0.087661294,0.293252351,0.293253192,0.86981544,0.285244766,0.086800183,0.287949218,0.287949289,0.867700147,0.290360009,0.088521104,0.298205688,0.2982075,0.87187384,evaluation_selection_50_percent_split,0.559038253,0.880469041,0.554500277,0.879098785,0.563624102,0.881853701,0.240573612,0.480573612,evaluation_selection_50_percent_split
without_leakage,pmt_train_and_evaluation_samples_seed_4_241016_with_holdout.csv,train_sample_n_10000,catboost,"learning_rate=NA,subsample=0.8,depth=6",1000,0.287490743,0.087287906,0.292612561,0.292614089,0.86790361,0.285013805,0.086424143,0.287619193,0.287637526,0.865782058,0.290073208,0.088171751,0.297716116,0.297719025,0.869955237,evaluation_test_50_percent_split,0.556061434,0.881940847,0.551549514,0.88049809,0.560483322,0.883282175,0.240573612,0.480573612,evaluation_selection_50_percent_split
without_leakage,pmt_train_and_evaluation_samples_seed_4_241016_with_holdout.csv,train_sample_n_10000,catboost,"learning_rate=NA,subsample=0.8,depth=6",1000,0.287779679,0.087552532,0.293348815,0.293349024,0.868972924,0.286722899,0.08719311,0.291218429,0.29121851,0.868113586,0.288851509,0.08789813,0.295391676,0.295391909,0.869836598,official_holdout_set,0.558417448,0.880620451,0.556618569,0.880060704,0.560258997,0.881184106,0.240573612,0.480573612,evaluation_selection_50_percent_split
without_leakage,pmt_train_and_evaluation_samples_seed_4_241016_with_holdout.csv,train_sample_n_200,catboost,"learning_rate=NA,subsample=0.8,depth=6",1000,0.357684802,0.108876233,0.12221212,0.130837556,0.806603266,0.354408929,0.107781739,0.119365918,0.128051688,0.804073332,0.360806544,0.109933058,0.125089862,0.133510108,0.809221919,evaluation_selection_50_percent_split,0.48086046,0.864589032,0.476204852,0.86310246,0.485420149,0.866022106,0.120952617,0.270952617,evaluation_selection_50_percent_split
without_leakage,pmt_train_and_evaluation_samples_seed_4_241016_with_holdout.csv,train_sample_n_200,catboost,"learning_rate=NA,subsample=0.8,depth=6",1000,0.356702826,0.108540556,0.120379563,0.128631264,0.805639139,0.353434099,0.107462219,0.117579702,0.126046933,0.802942553,0.359918245,0.109615594,0.123244657,0.131347915,0.808324478,evaluation_test_50_percent_split,0.479912209,0.864090361,0.475164098,0.862623276,0.484402415,0.865542922,0.120952617,0.270952617,evaluation_selection_50_percent_split
without_leakage,pmt_train_and_evaluation_samples_seed_4_241016_with_holdout.csv,train_sample_n_200,catboost,"learning_rate=NA,subsample=0.8,depth=6",1000,0.357682922,0.10882359,0.121666537,0.130212942,0.805317022,0.356375597,0.108381624,0.120548177,0.129147271,0.804232076,0.358974749,0.109266856,0.122824851,0.131342697,0.806405713,official_holdout_set,0.479204525,0.863909825,0.477365535,0.86330246,0.481024177,0.864502714,0.120952617,0.270952617,evaluation_selection_50_percent_split
without_leakage,pmt_train_and_evaluation_samples_seed_4_241016_with_holdout.csv,train_sample_n_2000,catboost,"learning_rate=NA,subsample=0.8,depth=6",1000,0.302068176,0.091634447,0.261219786,0.26127644,0.853349204,0.299370684,0.090746059,0.256214056,0.256247545,0.85109942,0.30471757,0.092528135,0.266136704,0.266202286,0.855681742,evaluation_selection_50_percent_split,0.535825909,0.876910564,0.531293794,0.875501697,0.540306248,0.878275978,0.212885631,0.432885631,evaluation_selection_50_percent_split
without_leakage,pmt_train_and_evaluation_samples_seed_4_241016_with_holdout.csv,train_sample_n_2000,catboost,"learning_rate=NA,subsample=0.8,depth=6",1000,0.301199155,0.091142766,0.261372501,0.261401044,0.851615993,0.298578722,0.090241443,0.256723565,0.256752823,0.849403145,0.303862151,0.092044598,0.266203134,0.26624446,0.853915047,evaluation_test_50_percent_split,0.532646249,0.876929929,0.528183085,0.875530746,0.53713659,0.878343759,0.212885631,0.432885631,evaluation_selection_50_percent_split
without_leakage,pmt_train_and_evaluation_samples_seed_4_241016_with_holdout.csv,train_sample_n_2000,catboost,"learning_rate=NA,subsample=0.8,depth=6",1000,0.301882512,0.091523817,0.261295905,0.261345743,0.852683888,0.300822974,0.091157759,0.259258532,0.259311917,0.851753613,0.30299055,0.091892473,0.263292521,0.263345052,0.853626107,official_holdout_set,0.53677164,0.876080603,0.534941653,0.875485386,0.538574578,0.876658834,0.212885631,0.432885631,evaluation_selection_50_percent_split
without_leakage,pmt_train_and_evaluation_samples_seed_4_241016_with_holdout.csv,train_sample_n_400,catboost,"learning_rate=NA,subsample=0.8,depth=6",1000,0.348108709,0.10629558,0.143018002,0.143720034,0.810524627,0.345069797,0.105244811,0.140241997,0.140931208,0.808024157,0.351139171,0.107308123,0.145930939,0.146579447,0.813111129,evaluation_selection_50_percent_split,0.485933576,0.863795032,0.481361293,0.862356874,0.490367913,0.865232947,0.137727394,0.307727394,evaluation_selection_50_percent_split
without_leakage,pmt_train_and_evaluation_samples_seed_4_241016_with_holdout.csv,train_sample_n_400,catboost,"learning_rate=NA,subsample=0.8,depth=6",1000,0.346985523,0.105887923,0.141876696,0.142462823,0.810024509,0.343975391,0.104845859,0.139064138,0.139700947,0.80738908,0.350077101,0.106928589,0.14476116,0.145361303,0.812653572,evaluation_test_50_percent_split,0.478989211,0.86484563,0.474489355,0.863451288,0.483473788,0.866269142,0.137727394,0.307727394,evaluation_selection_50_percent_split
without_leakage,pmt_train_and_evaluation_samples_seed_4_241016_with_holdout.csv,train_sample_n_400,catboost,"learning_rate=NA,subsample=0.8,depth=6",1000,0.347829269,0.106214078,0.142728346,0.143404769,0.810261453,0.346558295,0.105777373,0.141531822,0.142211748,0.809214321,0.349090461,0.10663924,0.143957041,0.144626553,0.811406049,official_holdout_set,0.482466307,0.863624768,0.480637104,0.863039127,0.484345942,0.864242742,0.137727394,0.307727394,evaluation_selection_50_percent_split
without_leakage,pmt_train_and_evaluation_samples_seed_4_241016_with_holdout.csv,train_sample_n_4000,catboost,"learning_rate=NA,subsample=0.8,depth=6",1000,0.2957375,0.090033343,0.274128293,0.274129305,0.861368088,0.293196063,0.089151276,0.2688658,0.26887367,0.859088844,0.29832841,0.090917742,0.279089159,0.279090765,0.863570218,evaluation_selection_50_percent_split,0.547587848,0.8774286,0.54287272,0.876010051,0.552043975,0.878808418,0.241821423,0.461821423,evaluation_selection_50_percent_split
without_leakage,pmt_train_and_evaluation_samples_seed_4_241016_with_holdout.csv,train_sample_n_4000,catboost,"learning_rate=NA,subsample=0.8,depth=6",1000,0.295616908,0.089650257,0.273467904,0.273478105,0.858943414,0.293080458,0.08881313,0.268616353,0.268624298,0.856786837,0.298303039,0.090566835,0.278356625,0.278371282,0.861056866,evaluation_test_50_percent_split,0.543479248,0.878876199,0.538983892,0.877481857,0.548182115,0.880241492,0.241821423,0.461821423,evaluation_selection_50_percent_split
without_leakage,pmt_train_and_evaluation_samples_seed_4_241016_with_holdout.csv,train_sample_n_4000,catboost,"learning_rate=NA,subsample=0.8,depth=6",1000,0.295773528,0.089874546,0.274607448,0.274609617,0.860329997,0.294718819,0.089517329,0.272496308,0.27249822,0.859418502,0.296877561,0.090249338,0.276667943,0.276668281,0.861231131,official_holdout_set,0.546420314,0.877765028,0.54455545,0.877180297,0.548226154,0.878328703,0.241821423,0.461821423,evaluation_selection_50_percent_split
without_leakage,pmt_train_and_evaluation_samples_seed_4_241016_with_holdout.csv,train_sample_n_800,catboost,"learning_rate=NA,subsample=0.8,depth=6",1000,0.321684075,0.097417563,0.214594833,0.214687912,0.834942343,0.318855227,0.096487906,0.21018081,0.210284416,0.832572363,0.324484328,0.098353107,0.219057494,0.219166981,0.837342034,evaluation_selection_50_percent_split,0.518570448,0.871066914,0.513946784,0.869701499,0.52302716,0.872388876,0.164962165,0.394962165,evaluation_selection_50_percent_split
without_leakage,pmt_train_and_evaluation_samples_seed_4_241016_with_holdout.csv,train_sample_n_800,catboost,"learning_rate=NA,subsample=0.8,depth=6",1000,0.32053792,0.096997643,0.213924158,0.213978982,0.834155482,0.317705332,0.096077474,0.209401864,0.209455535,0.831760501,0.323346642,0.097934796,0.218277333,0.218350514,0.836637138,evaluation_test_50_percent_split,0.516559594,0.871570426,0.511987647,0.870127306,0.521159997,0.872965374,0.164962165,0.394962165,evaluation_selection_50_percent_split
without_leakage,pmt_train_and_evaluation_samples_seed_4_241016_with_holdout.csv,train_sample_n_800,catboost,"learning_rate=NA,subsample=0.8,depth=6",1000,0.321555007,0.097421687,0.213693206,0.213777345,0.834620818,0.320356992,0.097027446,0.211841805,0.211934329,0.833596328,0.322729743,0.09781976,0.215578733,0.215653321,0.835685885,official_holdout_set,0.516897349,0.870428063,0.515099376,0.869827925,0.518746456,0.871020142,0.164962165,0.394962165,evaluation_selection_50_percent_split
without_leakage,pmt_train_and_evaluation_samples_seed_4_241016_with_holdout.csv,train_sample_n_8000,catboost,"learning_rate=NA,subsample=0.8,depth=6",1000,0.290083361,0.088297984,0.288119195,0.288124476,0.867535567,0.287484697,0.087401713,0.282821781,0.282829237,0.865388826,0.292706594,0.08915681,0.293142266,0.293167335,0.869668773,evaluation_selection_50_percent_split,0.557042338,0.879897748,0.552264692,0.878546979,0.561483273,0.881282892,0.230642219,0.490642219,evaluation_selection_50_percent_split
without_leakage,pmt_train_and_evaluation_samples_seed_4_241016_with_holdout.csv,train_sample_n_8000,catboost,"learning_rate=NA,subsample=0.8,depth=6",1000,0.289721453,0.087904523,0.287615455,0.287615475,0.865741491,0.28717996,0.087038092,0.282649524,0.282649527,0.863595274,0.292356616,0.088790355,0.292607136,0.292616255,0.867768259,evaluation_test_50_percent_split,0.554993125,0.880953188,0.550497082,0.879534638,0.559520827,0.88231364,0.230642219,0.490642219,evaluation_selection_50_percent_split
without_leakage,pmt_train_and_evaluation_samples_seed_4_241016_with_holdout.csv,train_sample_n_8000,catboost,"learning_rate=NA,subsample=0.8,depth=6",1000,0.290189251,0.088220786,0.287955225,0.287958599,0.866772222,0.289114762,0.087855424,0.28580334,0.285807544,0.865893925,0.291280905,0.088580645,0.28997485,0.289981834,0.867657107,official_holdout_set,0.555926691,0.880006608,0.554091357,0.879408759,0.557743914,0.880577652,0.230642219,0.490642219,evaluation_selection_50_percent_split
without_leakage,pmt_train_and_evaluation_samples_seed_5_241016_with_holdout.csv,train_sample_n_100,catboost,"learning_rate=NA,subsample=0.8,depth=6",1000,0.375612174,0.11502653,0.072344114,0.077007936,0.754082671,0.372390208,0.113856333,0.069975013,0.074743248,0.75137262,0.378812416,0.116169016,0.074526802,0.079155952,0.756811957,evaluation_selection_50_percent_split,0.398172839,0.85497388,0.393661334,0.853395199,0.402108736,0.856533438,0.128716858,0.558716858,evaluation_selection_50_percent_split
without_leakage,pmt_train_and_evaluation_samples_seed_5_241016_with_holdout.csv,train_sample_n_100,catboost,"learning_rate=NA,subsample=0.8,depth=6",1000,0.375197287,0.114848814,0.069542748,0.073949927,0.751883414,0.372050353,0.11375753,0.06733886,0.071743464,0.749143867,0.378283529,0.115935467,0.07172484,0.076128742,0.754469737,evaluation_test_50_percent_split,0.394884055,0.855767881,0.390609007,0.854218248,0.399057412,0.857302747,0.128716858,0.558716858,evaluation_selection_50_percent_split
without_leakage,pmt_train_and_evaluation_samples_seed_5_241016_with_holdout.csv,train_sample_n_100,catboost,"learning_rate=NA,subsample=0.8,depth=6",1000,0.375383343,0.11498629,0.071926352,0.076544282,0.753866232,0.374096415,0.114531267,0.071020967,0.075666483,0.752752887,0.376616301,0.115425406,0.072847614,0.077423436,0.75497898,official_holdout_set,0.397404571,0.855101418,0.395653523,0.854496402,0.399047221,0.855704754,0.128716858,0.558716858,evaluation_selection_50_percent_split
without_leakage,pmt_train_and_evaluation_samples_seed_5_241016_with_holdout.csv,train_sample_n_1000,catboost,"learning_rate=NA,subsample=0.8,depth=6",1000,0.31385776,0.095728223,0.227979408,0.229383517,0.847740844,0.310993428,0.094736162,0.224081926,0.225538011,0.845446804,0.316639249,0.096702492,0.231640306,0.233130838,0.8501103,evaluation_selection_50_percent_split,0.5344302,0.873996001,0.529919589,0.872509308,0.539098177,0.875395306,0.165472239,0.345472239,evaluation_selection_50_percent_split
without_leakage,pmt_train_and_evaluation_samples_seed_5_241016_with_holdout.csv,train_sample_n_1000,catboost,"learning_rate=NA,subsample=0.8,depth=6",1000,0.313959239,0.095726342,0.224465049,0.225736482,0.846114041,0.31120114,0.094760883,0.220774081,0.22199096,0.843725972,0.316717102,0.096697646,0.228092076,0.229354004,0.848374602,evaluation_test_50_percent_split,0.526116389,0.874833575,0.521591504,0.873390697,0.530406796,0.87627149,0.165472239,0.345472239,evaluation_selection_50_percent_split
without_leakage,pmt_train_and_evaluation_samples_seed_5_241016_with_holdout.csv,train_sample_n_1000,catboost,"learning_rate=NA,subsample=0.8,depth=6",1000,0.313321568,0.095533964,0.228929334,0.23030692,0.84762958,0.312194498,0.095157172,0.227350143,0.228709725,0.846654594,0.314460906,0.095929349,0.230459484,0.231865183,0.848567674,official_holdout_set,0.531930335,0.874423712,0.530139175,0.87382566,0.533677718,0.874999676,0.165472239,0.345472239,evaluation_selection_50_percent_split
without_leakage,pmt_train_and_evaluation_samples_seed_5_241016_with_holdout.csv,train_sample_n_10000,catboost,"learning_rate=NA,subsample=0.8,depth=6",1000,0.285050735,0.086579192,0.30176371,0.30185979,0.87135022,0.282511659,0.085737606,0.296820733,0.296916316,0.869364231,0.287543554,0.087467816,0.306731709,0.306828938,0.873329724,evaluation_selection_50_percent_split,0.56272499,0.882134506,0.558373983,0.880729875,0.567139536,0.883441823,0.271162627,0.491162627,evaluation_selection_50_percent_split
without_leakage,pmt_train_and_evaluation_samples_seed_5_241016_with_holdout.csv,train_sample_n_10000,catboost,"learning_rate=NA,subsample=0.8,depth=6",1000,0.286049564,0.08691919,0.295816923,0.295880444,0.86943216,0.283538303,0.086054082,0.290865706,0.290900446,0.867339226,0.288582531,0.087769375,0.300525119,0.30060485,0.871429399,evaluation_test_50_percent_split,0.557381028,0.881384078,0.552860623,0.879960445,0.561583267,0.88280759,0.271162627,0.491162627,evaluation_selection_50_percent_split
without_leakage,pmt_train_and_evaluation_samples_seed_5_241016_with_holdout.csv,train_sample_n_10000,catboost,"learning_rate=NA,subsample=0.8,depth=6",1000,0.28530325,0.086693786,0.300279897,0.300369853,0.870967969,0.28428323,0.086349699,0.298272201,0.298361318,0.870144875,0.286341822,0.087047613,0.302316568,0.30241535,0.871844216,official_holdout_set,0.561671653,0.88129746,0.559873434,0.880703822,0.563571127,0.881851478,0.271162627,0.491162627,evaluation_selection_50_percent_split
without_leakage,pmt_train_and_evaluation_samples_seed_5_241016_with_holdout.csv,train_sample_n_200,catboost,"learning_rate=NA,subsample=0.8,depth=6",1000,0.397114665,0.120205657,0.03057594,0.053687937,0.76586218,0.393293148,0.118911029,0.028680387,0.052361607,0.763230512,0.400897014,0.121463886,0.032418094,0.054995317,0.768463072,evaluation_selection_50_percent_split,0.409894166,0.855007771,0.405597442,0.853453539,0.414270642,0.856629904,0.098219608,0.278219608,evaluation_selection_50_percent_split
without_leakage,pmt_train_and_evaluation_samples_seed_5_241016_with_holdout.csv,train_sample_n_200,catboost,"learning_rate=NA,subsample=0.8,depth=6",1000,0.395938111,0.11973807,0.029932026,0.052512553,0.764180601,0.392261805,0.1185317,0.028126526,0.051240661,0.761463305,0.399542107,0.120971261,0.031759433,0.053823209,0.766804407,evaluation_test_50_percent_split,0.406266139,0.855792088,0.401960781,0.854271747,0.410425891,0.857326833,0.098219608,0.278219608,evaluation_selection_50_percent_split
without_leakage,pmt_train_and_evaluation_samples_seed_5_241016_with_holdout.csv,train_sample_n_200,catboost,"learning_rate=NA,subsample=0.8,depth=6",1000,0.396751584,0.120123905,0.030459794,0.053478133,0.765764015,0.395227631,0.119633926,0.029734209,0.052960903,0.764666096,0.398189853,0.120596255,0.031210934,0.054011533,0.766827405,official_holdout_set,0.408055281,0.855133811,0.406378739,0.854518307,0.409746114,0.855747654,0.098219608,0.278219608,evaluation_selection_50_percent_split
without_leakage,pmt_train_and_evaluation_samples_seed_5_241016_with_holdout.csv,train_sample_n_2000,catboost,"learning_rate=NA,subsample=0.8,depth=6",1000,0.301808787,0.091685552,0.260582384,0.26251604,0.85564193,0.29904063,0.090728141,0.256014691,0.257876618,0.853484194,0.304571272,0.092602705,0.265148232,0.267127547,0.857933226,evaluation_selection_50_percent_split,0.544664514,0.876474832,0.540133807,0.875041758,0.54941175,0.877898465,0.202696344,0.412696344,evaluation_selection_50_percent_split
without_leakage,pmt_train_and_evaluation_samples_seed_5_241016_with_holdout.csv,train_sample_n_2000,catboost,"learning_rate=NA,subsample=0.8,depth=6",1000,0.302459728,0.091918958,0.255310885,0.25709911,0.853879519,0.299717155,0.090977476,0.25072769,0.25251849,0.851579562,0.30506395,0.092823536,0.259650633,0.261434767,0.85601887,evaluation_test_50_percent_split,0.53694992,0.876315063,0.53227544,0.874949528,0.541131518,0.877762662,0.202696344,0.412696344,evaluation_selection_50_percent_split
without_leakage,pmt_train_and_evaluation_samples_seed_5_241016_with_holdout.csv,train_sample_n_2000,catboost,"learning_rate=NA,subsample=0.8,depth=6",1000,0.30148655,0.091599787,0.260682744,0.262587898,0.85560196,0.300392611,0.091235502,0.258812571,0.260701032,0.854671457,0.302606798,0.091980916,0.262606222,0.264489074,0.856551653,official_holdout_set,0.542178794,0.876360801,0.540246487,0.875761494,0.544094472,0.876935104,0.202696344,0.412696344,evaluation_selection_50_percent_split
without_leakage,pmt_train_and_evaluation_samples_seed_5_241016_with_holdout.csv,train_sample_n_400,catboost,"learning_rate=NA,subsample=0.8,depth=6",1000,0.349387474,0.106783751,0.138819753,0.146107377,0.819529819,0.346206616,0.105694107,0.135845418,0.143172497,0.816839293,0.352580084,0.10788268,0.141873537,0.14907496,0.822146783,evaluation_selection_50_percent_split,0.491504923,0.867033973,0.486977723,0.8655474,0.495847847,0.868467652,0.119299988,0.269299988,evaluation_selection_50_percent_split
without_leakage,pmt_train_and_evaluation_samples_seed_5_241016_with_holdout.csv,train_sample_n_400,catboost,"learning_rate=NA,subsample=0.8,depth=6",1000,0.348419854,0.106369562,0.138238109,0.145213336,0.818195547,0.345139148,0.105246683,0.135171417,0.142212939,0.81560635,0.351579941,0.107465295,0.141400767,0.148195301,0.820794445,evaluation_test_50_percent_split,0.48454321,0.86725668,0.48003463,0.865789716,0.488782268,0.868709362,0.119299988,0.269299988,evaluation_selection_50_percent_split
without_leakage,pmt_train_and_evaluation_samples_seed_5_241016_with_holdout.csv,train_sample_n_400,catboost,"learning_rate=NA,subsample=0.8,depth=6",1000,0.348748139,0.106524121,0.140225939,0.147445572,0.819138111,0.347521723,0.106100136,0.138939302,0.146214059,0.818055734,0.350005359,0.106947375,0.141442361,0.148654382,0.82021683,official_holdout_set,0.490753842,0.867222797,0.488875866,0.866636467,0.492513184,0.867809126,0.119299988,0.269299988,evaluation_selection_50_percent_split
without_leakage,pmt_train_and_evaluation_samples_seed_5_241016_with_holdout.csv,train_sample_n_4000,catboost,"learning_rate=NA,subsample=0.8,depth=6",1000,0.295038477,0.089624371,0.277205219,0.277493264,0.861671596,0.292423501,0.088710196,0.272196346,0.272445369,0.859583934,0.297690542,0.090529507,0.282119685,0.282428706,0.863767175,evaluation_selection_50_percent_split,0.548255864,0.878784211,0.543807297,0.877336492,0.552795994,0.880173833,0.221326828,0.471326828,evaluation_selection_50_percent_split
without_leakage,pmt_train_and_evaluation_samples_seed_5_241016_with_holdout.csv,train_sample_n_4000,catboost,"learning_rate=NA,subsample=0.8,depth=6",1000,0.295776851,0.089958642,0.271192554,0.271422164,0.860200992,0.293109538,0.089055181,0.266186742,0.266414101,0.858082162,0.298394771,0.090836471,0.275935613,0.276162789,0.862266189,evaluation_test_50_percent_split,0.54234203,0.877951479,0.537773291,0.876532687,0.546649123,0.879404403,0.221326828,0.471326828,evaluation_selection_50_percent_split
without_leakage,pmt_train_and_evaluation_samples_seed_5_241016_with_holdout.csv,train_sample_n_4000,catboost,"learning_rate=NA,subsample=0.8,depth=6",1000,0.29493785,0.089675972,0.276210173,0.276487495,0.861795136,0.293867882,0.089320214,0.27420017,0.274460488,0.860916782,0.296044454,0.09004372,0.27820029,0.278470275,0.862722099,official_holdout_set,0.546732151,0.878016072,0.544938757,0.877426442,0.548536292,0.878585436,0.221326828,0.471326828,evaluation_selection_50_percent_split
without_leakage,pmt_train_and_evaluation_samples_seed_5_241016_with_holdout.csv,train_sample_n_800,catboost,"learning_rate=NA,subsample=0.8,depth=6",1000,0.314589085,0.095677623,0.228387482,0.230576202,0.844111003,0.311886743,0.09471183,0.224520697,0.226721667,0.841738429,0.317317757,0.096624834,0.232220234,0.234392495,0.846441151,evaluation_selection_50_percent_split,0.529336607,0.874020208,0.524841882,0.872524195,0.533982384,0.875414914,0.179092016,0.349092016,evaluation_selection_50_percent_split
without_leakage,pmt_train_and_evaluation_samples_seed_5_241016_with_holdout.csv,train_sample_n_800,catboost,"learning_rate=NA,subsample=0.8,depth=6",1000,0.315204646,0.095835131,0.223583688,0.225613442,0.841756122,0.31250106,0.094875347,0.219710508,0.221688425,0.839306506,0.3178856,0.096795465,0.227398098,0.229408442,0.84406798,evaluation_test_50_percent_split,0.523318592,0.87442205,0.518633978,0.872955086,0.527618762,0.875850404,0.179092016,0.349092016,evaluation_selection_50_percent_split
without_leakage,pmt_train_and_evaluation_samples_seed_5_241016_with_holdout.csv,train_sample_n_800,catboost,"learning_rate=NA,subsample=0.8,depth=6",1000,0.314607645,0.095652131,0.227975592,0.230134843,0.843380043,0.313533959,0.095285238,0.226357,0.228506908,0.842389874,0.31569423,0.096031491,0.229548278,0.231739708,0.844343805,official_holdout_set,0.527996596,0.874037428,0.526106713,0.873446199,0.529772141,0.874605152,0.179092016,0.349092016,evaluation_selection_50_percent_split
without_leakage,pmt_train_and_evaluation_samples_seed_5_241016_with_holdout.csv,train_sample_n_8000,catboost,"learning_rate=NA,subsample=0.8,depth=6",1000,0.286895152,0.087031717,0.298114232,0.298170607,0.869380115,0.284362683,0.086181745,0.293107208,0.293153091,0.867368811,0.289454181,0.087905776,0.303035007,0.303114697,0.871425893,evaluation_selection_50_percent_split,0.560473439,0.881756871,0.555891295,0.880333238,0.565081502,0.883097957,0.281336811,0.501336811,evaluation_selection_50_percent_split
without_leakage,pmt_train_and_evaluation_samples_seed_5_241016_with_holdout.csv,train_sample_n_8000,catboost,"learning_rate=NA,subsample=0.8,depth=6",1000,0.288036148,0.087453438,0.291488669,0.29152069,0.867358747,0.285452654,0.086581209,0.286610297,0.286662542,0.865241405,0.290598853,0.088307441,0.29614967,0.296211063,0.869322744,evaluation_test_50_percent_split,0.552199126,0.881122639,0.547463837,0.879776591,0.556507083,0.882536589,0.281336811,0.501336811,evaluation_selection_50_percent_split
without_leakage,pmt_train_and_evaluation_samples_seed_5_241016_with_holdout.csv,train_sample_n_8000,catboost,"learning_rate=NA,subsample=0.8,depth=6",1000,0.287072165,0.087117034,0.296863791,0.29691542,0.868958832,0.286022804,0.08676201,0.29489991,0.294948319,0.868095143,0.288124469,0.087468098,0.298915309,0.298971567,0.869856711,official_holdout_set,0.559182966,0.881088527,0.55736731,0.880494848,0.561073311,0.881653781,0.281336811,0.501336811,evaluation_selection_50_percent_split