feature_set,sampling_file,training_set,model,grid_row,step,estimate_LogLoss,estimate_MSE,estimate_In_Sample_R2,estimate_R2_Holdout,estimate_AUC,ci_lower_LogLoss,ci_lower_MSE,ci_lower_In_Sample_R2,ci_lower_R2_Holdout,ci_lower_AUC,ci_upper_LogLoss,ci_upper_MSE,ci_upper_In_Sample_R2,ci_upper_R2_Holdout,ci_upper_AUC,evaluation_set,estimate_F1_Score,estimate_Accuracy,ci_lower_F1_Score,ci_lower_Accuracy,ci_upper_F1_Score,ci_upper_Accuracy,threshold_F1_Score,threshold_Accuracy,selection_set
ego_AS,pmt_train_and_evaluation_samples_seed_2_241016_with_holdout.csv,train_sample_n_300,catboost,"learning_rate=NA,subsample=0.8,depth=6",1000,0.413527204,0.127966783,-0.031100897,-0.018919453,0.710508825,0.410062196,0.126864141,-0.034976435,-0.023048634,0.707811841,0.416856283,0.129024406,-0.027200455,-0.01480974,0.713246826,evaluation_selection_50_percent_split,0.370628999,0.854814112,0.367041985,0.853318099,0.37404084,0.856339295,0.104800395,0.764800395,evaluation_selection_50_percent_split
ego_AS,pmt_train_and_evaluation_samples_seed_2_241016_with_holdout.csv,train_sample_n_300,catboost,"learning_rate=NA,subsample=0.8,depth=6",1000,0.411469337,0.127186473,-0.031333086,-0.019757184,0.710195683,0.408006757,0.126045333,-0.035228767,-0.023816603,0.707400938,0.414951426,0.128286074,-0.027314185,-0.015500116,0.7130636,evaluation_test_50_percent_split,0.367300813,0.855917966,0.363523425,0.854295954,0.371016287,0.857506088,0.104800395,0.764800395,evaluation_selection_50_percent_split
ego_AS,pmt_train_and_evaluation_samples_seed_2_241016_with_holdout.csv,train_sample_n_300,catboost,"learning_rate=NA,subsample=0.8,depth=6",1000,0.413479666,0.127986502,-0.033000545,-0.020960398,0.709770737,0.412115111,0.127543061,-0.034565047,-0.022648343,0.708579785,0.414842961,0.128433408,-0.031435297,-0.019288158,0.710947833,official_holdout_set,0.36914039,0.855108706,0.367728769,0.85450452,0.370585371,0.855714451,0.104800395,0.764800395,evaluation_selection_50_percent_split
ego_AS,pmt_train_and_evaluation_samples_seed_2_241016_with_holdout.csv,train_sample_n_3000,catboost,"learning_rate=NA,subsample=0.8,depth=6",1000,0.366074115,0.113228261,0.087655728,0.087968052,0.746832665,0.363246285,0.112249599,0.084856323,0.085110213,0.744174514,0.36870527,0.114145606,0.090444605,0.090769807,0.749421405,evaluation_selection_50_percent_split,0.383691587,0.854814112,0.379814388,0.853318099,0.387595911,0.856339295,0.200857968,0.560857968,evaluation_selection_50_percent_split
ego_AS,pmt_train_and_evaluation_samples_seed_2_241016_with_holdout.csv,train_sample_n_3000,catboost,"learning_rate=NA,subsample=0.8,depth=6",1000,0.363983923,0.112599259,0.086952104,0.087169176,0.747144997,0.361238125,0.111633901,0.084075591,0.084252203,0.74444384,0.366807688,0.113580457,0.089750792,0.090019647,0.749915422,evaluation_test_50_percent_split,0.381571791,0.855917966,0.377452757,0.854295954,0.38539608,0.857506088,0.200857968,0.560857968,evaluation_selection_50_percent_split
ego_AS,pmt_train_and_evaluation_samples_seed_2_241016_with_holdout.csv,train_sample_n_3000,catboost,"learning_rate=NA,subsample=0.8,depth=6",1000,0.365682855,0.113142359,0.086809028,0.087094517,0.746540368,0.364581146,0.112763746,0.085675177,0.085948705,0.745459777,0.366759136,0.113508894,0.087914608,0.088218667,0.747643386,official_holdout_set,0.382867962,0.855108706,0.381174309,0.85450452,0.384521863,0.855714451,0.200857968,0.560857968,evaluation_selection_50_percent_split
ego_AS,pmt_train_and_evaluation_samples_seed_2_241016_with_holdout.csv,train_sample_n_500,catboost,"learning_rate=NA,subsample=0.8,depth=6",1000,0.378329872,0.115905344,0.066084959,0.068846738,0.733177262,0.37518043,0.114875841,0.062865842,0.065638506,0.73047877,0.381203949,0.11685299,0.069171105,0.072026265,0.735891365,evaluation_selection_50_percent_split,0.381624413,0.854814112,0.37795489,0.853318099,0.385168832,0.856339295,0.125193781,0.505193781,evaluation_selection_50_percent_split
ego_AS,pmt_train_and_evaluation_samples_seed_2_241016_with_holdout.csv,train_sample_n_500,catboost,"learning_rate=NA,subsample=0.8,depth=6",1000,0.376927555,0.115369747,0.064486701,0.066960433,0.73240036,0.373818469,0.114345148,0.061389719,0.063683073,0.729777105,0.380042845,0.116389488,0.067530658,0.07016563,0.735187852,evaluation_test_50_percent_split,0.379190161,0.855917966,0.375467917,0.854295954,0.382876872,0.857506088,0.125193781,0.505193781,evaluation_selection_50_percent_split
ego_AS,pmt_train_and_evaluation_samples_seed_2_241016_with_holdout.csv,train_sample_n_500,catboost,"learning_rate=NA,subsample=0.8,depth=6",1000,0.378346615,0.115842109,0.065018889,0.067704317,0.73215333,0.377122332,0.115445494,0.063775972,0.06641595,0.731060696,0.379539121,0.116244424,0.066296286,0.069025691,0.733288964,official_holdout_set,0.380698014,0.855108706,0.379199088,0.85450452,0.382190676,0.855714451,0.125193781,0.505193781,evaluation_selection_50_percent_split
ego_AS,pmt_train_and_evaluation_samples_seed_2_241016_with_holdout.csv,train_sample_n_5000,catboost,"learning_rate=NA,subsample=0.8,depth=6",1000,0.368321813,0.113202852,0.087860465,0.088714685,0.745242591,0.365392974,0.112205294,0.085136029,0.085912631,0.74242423,0.37109029,0.114146843,0.090379541,0.091290876,0.747920254,evaluation_selection_50_percent_split,0.386994838,0.854814112,0.383212716,0.853318099,0.390708045,0.856339295,0.180458837,0.570458837,evaluation_selection_50_percent_split
ego_AS,pmt_train_and_evaluation_samples_seed_2_241016_with_holdout.csv,train_sample_n_5000,catboost,"learning_rate=NA,subsample=0.8,depth=6",1000,0.365783322,0.112453004,0.088138065,0.088830677,0.746341573,0.362978509,0.111467254,0.08556108,0.086215338,0.7436267,0.36867964,0.113457004,0.090671399,0.091446242,0.749000496,evaluation_test_50_percent_split,0.384762694,0.855917966,0.380925953,0.854295954,0.388562139,0.857506088,0.180458837,0.570458837,evaluation_selection_50_percent_split
ego_AS,pmt_train_and_evaluation_samples_seed_2_241016_with_holdout.csv,train_sample_n_5000,catboost,"learning_rate=NA,subsample=0.8,depth=6",1000,0.367505291,0.113034106,0.087682751,0.088492508,0.745716886,0.366354326,0.112650055,0.086621262,0.087391916,0.744619295,0.368641716,0.113423809,0.088742282,0.08957245,0.746826588,official_holdout_set,0.386458385,0.855108706,0.384949131,0.85450452,0.388015697,0.855714451,0.180458837,0.570458837,evaluation_selection_50_percent_split
ego_AS,pmt_train_and_evaluation_samples_seed_2_241016_with_holdout.csv,train_sample_n_600,catboost,"learning_rate=NA,subsample=0.8,depth=6",1000,0.376007021,0.115810567,0.066848626,0.068979191,0.731277243,0.373027409,0.114789764,0.063819874,0.06584814,0.728560548,0.378752576,0.116790554,0.069869451,0.072024072,0.733983245,evaluation_selection_50_percent_split,0.373996333,0.854814112,0.370122425,0.853318099,0.377670856,0.856339295,0.126306829,0.606306829,evaluation_selection_50_percent_split
ego_AS,pmt_train_and_evaluation_samples_seed_2_241016_with_holdout.csv,train_sample_n_600,catboost,"learning_rate=NA,subsample=0.8,depth=6",1000,0.374578009,0.115268404,0.065308471,0.067184516,0.73043661,0.371635791,0.114242872,0.062239929,0.063963316,0.727693594,0.377574403,0.116293034,0.068280249,0.070243142,0.733251628,evaluation_test_50_percent_split,0.369941289,0.855917966,0.36602193,0.854295954,0.373630622,0.857506088,0.126306829,0.606306829,evaluation_selection_50_percent_split
ego_AS,pmt_train_and_evaluation_samples_seed_2_241016_with_holdout.csv,train_sample_n_600,catboost,"learning_rate=NA,subsample=0.8,depth=6",1000,0.376334394,0.115870679,0.064788298,0.066853203,0.729657168,0.375194361,0.115467569,0.063545093,0.065583883,0.728556906,0.37748166,0.116269674,0.066073115,0.068151196,0.730813697,official_holdout_set,0.371800362,0.855108706,0.370286873,0.85450452,0.373332671,0.855714451,0.126306829,0.606306829,evaluation_selection_50_percent_split
ego_AS,pmt_train_and_evaluation_samples_seed_2_241016_with_holdout.csv,train_sample_n_6000,catboost,"learning_rate=NA,subsample=0.8,depth=6",1000,0.365632692,0.112643168,0.092370155,0.092713439,0.748326643,0.362775498,0.111646384,0.089616844,0.089906633,0.745635757,0.368355072,0.113556023,0.09491049,0.095313726,0.750978354,evaluation_selection_50_percent_split,0.389984735,0.854814112,0.386084399,0.853318099,0.393855677,0.856339295,0.18034617,0.54034617,evaluation_selection_50_percent_split
ego_AS,pmt_train_and_evaluation_samples_seed_2_241016_with_holdout.csv,train_sample_n_6000,catboost,"learning_rate=NA,subsample=0.8,depth=6",1000,0.363151855,0.111930451,0.092375355,0.092618513,0.74936847,0.360452037,0.110962018,0.089784815,0.089964763,0.746704545,0.366043641,0.112903959,0.09485995,0.095149782,0.752080657,evaluation_test_50_percent_split,0.386078163,0.855917966,0.382172715,0.854295954,0.38978723,0.857506088,0.18034617,0.54034617,evaluation_selection_50_percent_split
ego_AS,pmt_train_and_evaluation_samples_seed_2_241016_with_holdout.csv,train_sample_n_6000,catboost,"learning_rate=NA,subsample=0.8,depth=6",1000,0.364824255,0.112472471,0.092215807,0.092530803,0.748783065,0.363700194,0.112092789,0.091199855,0.091484533,0.747714503,0.365915169,0.112848637,0.093265346,0.093596975,0.749878649,official_holdout_set,0.388565904,0.855108706,0.387045106,0.85450452,0.39009632,0.855714451,0.18034617,0.54034617,evaluation_selection_50_percent_split
ego_AS,pmt_train_and_evaluation_samples_seed_2_241016_with_holdout.csv,train_sample_n_700,catboost,"learning_rate=NA,subsample=0.8,depth=6",1000,0.372644016,0.114824657,0.074792661,0.076201458,0.731242622,0.36982276,0.113817272,0.072218081,0.073528563,0.728549562,0.375317159,0.115779982,0.077397422,0.078880868,0.733981633,evaluation_selection_50_percent_split,0.367608851,0.854814112,0.363296077,0.853318099,0.37178008,0.856339295,0.188195485,0.458195485,evaluation_selection_50_percent_split
ego_AS,pmt_train_and_evaluation_samples_seed_2_241016_with_holdout.csv,train_sample_n_700,catboost,"learning_rate=NA,subsample=0.8,depth=6",1000,0.371041871,0.114259108,0.073492679,0.074694008,0.730822574,0.36825431,0.113243431,0.07080326,0.07196858,0.728009188,0.37396225,0.115293009,0.076000834,0.077227895,0.733510092,evaluation_test_50_percent_split,0.364207564,0.855917966,0.359991577,0.854295954,0.368326229,0.857506088,0.188195485,0.458195485,evaluation_selection_50_percent_split
ego_AS,pmt_train_and_evaluation_samples_seed_2_241016_with_holdout.csv,train_sample_n_700,catboost,"learning_rate=NA,subsample=0.8,depth=6",1000,0.372807758,0.114854147,0.072992898,0.074346997,0.729681418,0.371680528,0.114456298,0.071931319,0.073247759,0.728555707,0.373935,0.115254212,0.074106242,0.075497284,0.730844373,official_holdout_set,0.365848478,0.855108706,0.364162663,0.85450452,0.367593035,0.855714451,0.188195485,0.458195485,evaluation_selection_50_percent_split
ego_AS,pmt_train_and_evaluation_samples_seed_2_241016_with_holdout.csv,train_sample_n_7000,catboost,"learning_rate=NA,subsample=0.8,depth=6",1000,0.363917124,0.112478163,0.093699692,0.093767309,0.751310548,0.361125908,0.11152766,0.090876946,0.090935365,0.748639267,0.36655274,0.113366048,0.096380586,0.09647831,0.753895293,evaluation_selection_50_percent_split,0.396688041,0.854814112,0.392862122,0.853318099,0.400621233,0.856339295,0.200328334,0.510328334,evaluation_selection_50_percent_split
ego_AS,pmt_train_and_evaluation_samples_seed_2_241016_with_holdout.csv,train_sample_n_7000,catboost,"learning_rate=NA,subsample=0.8,depth=6",1000,0.361959039,0.111876981,0.092808935,0.092836597,0.751524832,0.359286795,0.110913265,0.090042579,0.090051545,0.748814197,0.364798014,0.112858143,0.095445797,0.09548294,0.754107649,evaluation_test_50_percent_split,0.393740461,0.855917966,0.389760109,0.854295954,0.397485551,0.857506088,0.200328334,0.510328334,evaluation_selection_50_percent_split
ego_AS,pmt_train_and_evaluation_samples_seed_2_241016_with_holdout.csv,train_sample_n_7000,catboost,"learning_rate=NA,subsample=0.8,depth=6",1000,0.363351534,0.112377664,0.092981004,0.093036301,0.751167595,0.362254635,0.112002933,0.091912316,0.091965873,0.750110011,0.364418696,0.112750061,0.094039398,0.0941054,0.752192244,official_holdout_set,0.39549555,0.855108706,0.39391371,0.85450452,0.397054424,0.855714451,0.200328334,0.510328334,evaluation_selection_50_percent_split
ego_AS,pmt_train_and_evaluation_samples_seed_2_241016_with_holdout.csv,train_sample_n_900,catboost,"learning_rate=NA,subsample=0.8,depth=6",1000,0.36929648,0.11422292,0.079641201,0.080328458,0.739064177,0.366530784,0.113225385,0.076965375,0.077608423,0.736339627,0.371948344,0.115175119,0.082315413,0.083000589,0.741702093,evaluation_selection_50_percent_split,0.389074016,0.854814112,0.385232974,0.853318099,0.39283464,0.856339295,0.155720196,0.545720196,evaluation_selection_50_percent_split
ego_AS,pmt_train_and_evaluation_samples_seed_2_241016_with_holdout.csv,train_sample_n_900,catboost,"learning_rate=NA,subsample=0.8,depth=6",1000,0.367557191,0.113569637,0.079083474,0.079626051,0.738820439,0.364861858,0.11256497,0.076167852,0.076700977,0.73603597,0.370407765,0.114575604,0.081805532,0.082436008,0.741517602,evaluation_test_50_percent_split,0.386120681,0.855917966,0.382178123,0.854295954,0.389863146,0.857506088,0.155720196,0.545720196,evaluation_selection_50_percent_split
ego_AS,pmt_train_and_evaluation_samples_seed_2_241016_with_holdout.csv,train_sample_n_900,catboost,"learning_rate=NA,subsample=0.8,depth=6",1000,0.369438285,0.114231403,0.078019168,0.07866728,0.737600947,0.368325715,0.113833947,0.076919047,0.077550753,0.736486726,0.370542926,0.114620858,0.079191986,0.079837069,0.738778828,official_holdout_set,0.387470914,0.855108706,0.385938607,0.85450452,0.388991543,0.855714451,0.155720196,0.545720196,evaluation_selection_50_percent_split
ego_AS,pmt_train_and_evaluation_samples_seed_2_241016_with_holdout.csv,train_sample_n_9000,catboost,"learning_rate=NA,subsample=0.8,depth=6",1000,0.362897273,0.112157238,0.096285571,0.096399958,0.752864445,0.360140493,0.111187454,0.093602612,0.093679129,0.750177458,0.365561291,0.1130499,0.098813298,0.098978825,0.755426937,evaluation_selection_50_percent_split,0.39837752,0.854814112,0.394642652,0.853318099,0.402222176,0.856339295,0.200249357,0.550249357,evaluation_selection_50_percent_split
ego_AS,pmt_train_and_evaluation_samples_seed_2_241016_with_holdout.csv,train_sample_n_9000,catboost,"learning_rate=NA,subsample=0.8,depth=6",1000,0.360778525,0.111506514,0.095812989,0.095872949,0.75328462,0.358122013,0.110544449,0.09312622,0.093163257,0.750633851,0.363597623,0.112474393,0.098355943,0.09842474,0.755935156,evaluation_test_50_percent_split,0.397036614,0.855917966,0.392993369,0.854295954,0.400870684,0.857506088,0.200249357,0.550249357,evaluation_selection_50_percent_split
ego_AS,pmt_train_and_evaluation_samples_seed_2_241016_with_holdout.csv,train_sample_n_9000,catboost,"learning_rate=NA,subsample=0.8,depth=6",1000,0.362405069,0.112076107,0.095414922,0.095513199,0.752548298,0.361281676,0.111699446,0.094391964,0.094479003,0.751446609,0.363490439,0.112444395,0.096507721,0.09662741,0.753610667,official_holdout_set,0.397866076,0.855108706,0.396266329,0.85450452,0.399463782,0.855714451,0.200249357,0.550249357,evaluation_selection_50_percent_split
ego_AS,pmt_train_and_evaluation_samples_seed_3_241016_with_holdout.csv,train_sample_n_300,catboost,"learning_rate=NA,subsample=0.8,depth=6",1000,0.376879686,0.116275542,0.058719403,0.059171657,0.731323346,0.373967485,0.115267113,0.055928793,0.056329724,0.728877663,0.379770726,0.117228874,0.061595713,0.062068615,0.733934841,evaluation_selection_50_percent_split,0.380022722,0.855627478,0.376563611,0.854136307,0.383622645,0.857191514,0.147171294,0.487171294,evaluation_selection_50_percent_split
ego_AS,pmt_train_and_evaluation_samples_seed_3_241016_with_holdout.csv,train_sample_n_300,catboost,"learning_rate=NA,subsample=0.8,depth=6",1000,0.377171387,0.116608029,0.058859177,0.059373231,0.732294309,0.374290258,0.115631515,0.055943762,0.056446107,0.729621875,0.38018755,0.117586138,0.061800008,0.062360523,0.735000704,evaluation_test_50_percent_split,0.382868787,0.8551046,0.379031015,0.853598783,0.386677228,0.856571564,0.147171294,0.487171294,evaluation_selection_50_percent_split
ego_AS,pmt_train_and_evaluation_samples_seed_3_241016_with_holdout.csv,train_sample_n_300,catboost,"learning_rate=NA,subsample=0.8,depth=6",1000,0.377230811,0.116541201,0.059376404,0.059889676,0.731909033,0.375999359,0.116142498,0.058163346,0.058674645,0.730808656,0.378414054,0.116941591,0.06055995,0.061098303,0.73296282,official_holdout_set,0.381413386,0.855108706,0.379983827,0.85450452,0.382838636,0.855714451,0.147171294,0.487171294,evaluation_selection_50_percent_split
ego_AS,pmt_train_and_evaluation_samples_seed_3_241016_with_holdout.csv,train_sample_n_3000,catboost,"learning_rate=NA,subsample=0.8,depth=6",1000,0.368438178,0.113488563,0.08128072,0.081322581,0.743509135,0.365642693,0.112537247,0.078321055,0.078339836,0.741071821,0.371165981,0.11439167,0.084265561,0.084323007,0.746049655,evaluation_selection_50_percent_split,0.391308936,0.855627478,0.387658701,0.854136307,0.395031017,0.857191514,0.160882155,0.600882155,evaluation_selection_50_percent_split
ego_AS,pmt_train_and_evaluation_samples_seed_3_241016_with_holdout.csv,train_sample_n_3000,catboost,"learning_rate=NA,subsample=0.8,depth=6",1000,0.367398389,0.113407588,0.084689865,0.084751792,0.746579819,0.36468439,0.112499884,0.081497664,0.081525342,0.743970699,0.370237858,0.114334715,0.08773151,0.087832643,0.749154253,evaluation_test_50_percent_split,0.393414361,0.8551046,0.389518544,0.853598783,0.397291148,0.856571564,0.160882155,0.600882155,evaluation_selection_50_percent_split
ego_AS,pmt_train_and_evaluation_samples_seed_3_241016_with_holdout.csv,train_sample_n_3000,catboost,"learning_rate=NA,subsample=0.8,depth=6",1000,0.36794983,0.113514686,0.08380391,0.083865723,0.745737167,0.366776629,0.113132381,0.082589744,0.082640579,0.744678751,0.369084628,0.113885786,0.08507179,0.085131673,0.7468295,official_holdout_set,0.392185493,0.855108706,0.390631084,0.85450452,0.393651322,0.855714451,0.160882155,0.600882155,evaluation_selection_50_percent_split
ego_AS,pmt_train_and_evaluation_samples_seed_3_241016_with_holdout.csv,train_sample_n_500,catboost,"learning_rate=NA,subsample=0.8,depth=6",1000,0.374916579,0.116011046,0.060860569,0.063419822,0.738536402,0.371890425,0.114989019,0.057989091,0.060453559,0.73612087,0.377870732,0.117017469,0.063872781,0.066481038,0.741104464,evaluation_selection_50_percent_split,0.387481177,0.855627478,0.383820048,0.854136307,0.391156345,0.857191514,0.134500878,0.574500878,evaluation_selection_50_percent_split
ego_AS,pmt_train_and_evaluation_samples_seed_3_241016_with_holdout.csv,train_sample_n_500,catboost,"learning_rate=NA,subsample=0.8,depth=6",1000,0.375267387,0.116296655,0.061372263,0.06406927,0.739553662,0.372311296,0.115313366,0.058461566,0.061080601,0.736920271,0.378362517,0.117331509,0.064424211,0.067186731,0.742230514,evaluation_test_50_percent_split,0.388891982,0.8551046,0.38517801,0.853598783,0.392728209,0.856571564,0.134500878,0.574500878,evaluation_selection_50_percent_split
ego_AS,pmt_train_and_evaluation_samples_seed_3_241016_with_holdout.csv,train_sample_n_500,catboost,"learning_rate=NA,subsample=0.8,depth=6",1000,0.374997656,0.116202919,0.062106735,0.064800527,0.740056941,0.373727844,0.115780121,0.060879384,0.063540886,0.73892952,0.376202648,0.116613396,0.063246207,0.065969638,0.741100917,official_holdout_set,0.388379285,0.855108706,0.386898641,0.85450452,0.389859001,0.855714451,0.134500878,0.574500878,evaluation_selection_50_percent_split
ego_AS,pmt_train_and_evaluation_samples_seed_3_241016_with_holdout.csv,train_sample_n_5000,catboost,"learning_rate=NA,subsample=0.8,depth=6",1000,0.364171487,0.11263919,0.088156613,0.088213351,0.746825833,0.361403185,0.111701397,0.085413356,0.085441809,0.744347325,0.36674556,0.113514457,0.090837937,0.090932936,0.749370614,evaluation_selection_50_percent_split,0.389817348,0.855627478,0.386217395,0.854136307,0.393401259,0.857191514,0.160656851,0.520656851,evaluation_selection_50_percent_split
ego_AS,pmt_train_and_evaluation_samples_seed_3_241016_with_holdout.csv,train_sample_n_5000,catboost,"learning_rate=NA,subsample=0.8,depth=6",1000,0.363474818,0.112621028,0.091038171,0.091117833,0.749625937,0.360860174,0.111722941,0.088138442,0.088204461,0.746995388,0.366177809,0.113552884,0.093893752,0.094015699,0.752234537,evaluation_test_50_percent_split,0.391398523,0.8551046,0.387578865,0.853598783,0.395283876,0.856571564,0.160656851,0.520656851,evaluation_selection_50_percent_split
ego_AS,pmt_train_and_evaluation_samples_seed_3_241016_with_holdout.csv,train_sample_n_5000,catboost,"learning_rate=NA,subsample=0.8,depth=6",1000,0.363754992,0.112741328,0.090045816,0.090125368,0.748885686,0.362612984,0.112364784,0.088890186,0.088968111,0.747791995,0.364854644,0.113115191,0.091210156,0.091291094,0.749976773,official_holdout_set,0.391787945,0.855108706,0.390284216,0.85450452,0.393246413,0.855714451,0.160656851,0.520656851,evaluation_selection_50_percent_split
ego_AS,pmt_train_and_evaluation_samples_seed_3_241016_with_holdout.csv,train_sample_n_600,catboost,"learning_rate=NA,subsample=0.8,depth=6",1000,0.374455775,0.115615773,0.064060399,0.064510087,0.740523542,0.371485254,0.114621376,0.06092227,0.061345867,0.738146151,0.377347872,0.116585413,0.067226033,0.067729854,0.743047009,evaluation_selection_50_percent_split,0.389071078,0.855627478,0.38544581,0.854136307,0.39271854,0.857191514,0.133298991,0.633298991,evaluation_selection_50_percent_split
ego_AS,pmt_train_and_evaluation_samples_seed_3_241016_with_holdout.csv,train_sample_n_600,catboost,"learning_rate=NA,subsample=0.8,depth=6",1000,0.37474857,0.115903495,0.064545453,0.065056402,0.741418647,0.371831872,0.114953285,0.061236637,0.061739485,0.738671596,0.377868998,0.116896267,0.067949676,0.068461514,0.744107627,evaluation_test_50_percent_split,0.391177157,0.8551046,0.387434114,0.853598783,0.395041342,0.856571564,0.133298991,0.633298991,evaluation_selection_50_percent_split
ego_AS,pmt_train_and_evaluation_samples_seed_3_241016_with_holdout.csv,train_sample_n_600,catboost,"learning_rate=NA,subsample=0.8,depth=6",1000,0.374480258,0.115833087,0.06509171,0.065601863,0.741795348,0.3731962,0.115417689,0.063735535,0.064225693,0.740657736,0.37571736,0.116226086,0.066369483,0.066879088,0.742862889,official_holdout_set,0.391139926,0.855108706,0.38967969,0.85450452,0.392589114,0.855714451,0.133298991,0.633298991,evaluation_selection_50_percent_split
ego_AS,pmt_train_and_evaluation_samples_seed_3_241016_with_holdout.csv,train_sample_n_6000,catboost,"learning_rate=NA,subsample=0.8,depth=6",1000,0.363782757,0.112505595,0.089238098,0.089425281,0.7485123,0.361060828,0.11155384,0.086512148,0.086656037,0.745996184,0.366372483,0.11339344,0.091973743,0.092167461,0.751041801,evaluation_selection_50_percent_split,0.388349705,0.855627478,0.384589993,0.854136307,0.392122067,0.857191514,0.180617153,0.530617153,evaluation_selection_50_percent_split
ego_AS,pmt_train_and_evaluation_samples_seed_3_241016_with_holdout.csv,train_sample_n_6000,catboost,"learning_rate=NA,subsample=0.8,depth=6",1000,0.363185129,0.112534487,0.091736643,0.091963369,0.750813216,0.360598276,0.111655466,0.08888139,0.089017016,0.748201035,0.365936658,0.113471832,0.094630493,0.094887442,0.753427004,evaluation_test_50_percent_split,0.390346214,0.8551046,0.386574348,0.853598783,0.394332124,0.856571564,0.180617153,0.530617153,evaluation_selection_50_percent_split
ego_AS,pmt_train_and_evaluation_samples_seed_3_241016_with_holdout.csv,train_sample_n_6000,catboost,"learning_rate=NA,subsample=0.8,depth=6",1000,0.363466059,0.112597642,0.091205527,0.091432057,0.750345864,0.36234688,0.112218393,0.089991769,0.090188732,0.749267023,0.364565297,0.112969454,0.092440699,0.092655681,0.751449744,official_holdout_set,0.3906376,0.855108706,0.389032463,0.85450452,0.392248607,0.855714451,0.180617153,0.530617153,evaluation_selection_50_percent_split
ego_AS,pmt_train_and_evaluation_samples_seed_3_241016_with_holdout.csv,train_sample_n_700,catboost,"learning_rate=NA,subsample=0.8,depth=6",1000,0.374519613,0.115287065,0.066721376,0.066865799,0.738588146,0.371535834,0.114333314,0.063561547,0.063641228,0.736141985,0.377400758,0.116227331,0.06980235,0.069981609,0.741111399,evaluation_selection_50_percent_split,0.385284383,0.855627478,0.381787386,0.854136307,0.388712182,0.857191514,0.142371352,0.622371352,evaluation_selection_50_percent_split
ego_AS,pmt_train_and_evaluation_samples_seed_3_241016_with_holdout.csv,train_sample_n_700,catboost,"learning_rate=NA,subsample=0.8,depth=6",1000,0.375085076,0.115644134,0.06663875,0.066819246,0.73907618,0.372217295,0.114716978,0.063329427,0.06347764,0.736381535,0.37812477,0.116615496,0.069992722,0.070230711,0.741776053,evaluation_test_50_percent_split,0.385194416,0.8551046,0.381643109,0.853598783,0.388874903,0.856571564,0.142371352,0.622371352,evaluation_selection_50_percent_split
ego_AS,pmt_train_and_evaluation_samples_seed_3_241016_with_holdout.csv,train_sample_n_700,catboost,"learning_rate=NA,subsample=0.8,depth=6",1000,0.374893926,0.115626107,0.066762279,0.066942453,0.739107766,0.373628474,0.115228787,0.065411743,0.065578174,0.738007638,0.376118165,0.11601646,0.06805309,0.068222278,0.740178947,official_holdout_set,0.386169786,0.855108706,0.384779255,0.85450452,0.387576154,0.855714451,0.142371352,0.622371352,evaluation_selection_50_percent_split
ego_AS,pmt_train_and_evaluation_samples_seed_3_241016_with_holdout.csv,train_sample_n_7000,catboost,"learning_rate=NA,subsample=0.8,depth=6",1000,0.363857772,0.112538441,0.088972204,0.089132207,0.748206583,0.361171044,0.111607082,0.086253507,0.086415495,0.745743744,0.366429585,0.113426006,0.091653629,0.091894167,0.750751725,evaluation_selection_50_percent_split,0.386897752,0.855627478,0.383311733,0.854136307,0.390383073,0.857191514,0.150573375,0.470573375,evaluation_selection_50_percent_split
ego_AS,pmt_train_and_evaluation_samples_seed_3_241016_with_holdout.csv,train_sample_n_7000,catboost,"learning_rate=NA,subsample=0.8,depth=6",1000,0.36327104,0.112541945,0.091676451,0.091873203,0.750617764,0.360720952,0.111652541,0.088827225,0.088967665,0.748007218,0.365975785,0.113481292,0.094527398,0.094792584,0.753181966,evaluation_test_50_percent_split,0.389859481,0.8551046,0.386110406,0.853598783,0.393570378,0.856571564,0.150573375,0.470573375,evaluation_selection_50_percent_split
ego_AS,pmt_train_and_evaluation_samples_seed_3_241016_with_holdout.csv,train_sample_n_7000,catboost,"learning_rate=NA,subsample=0.8,depth=6",1000,0.363576929,0.112625142,0.090983574,0.091180169,0.749949151,0.362455678,0.112248405,0.089807228,0.090002202,0.748828912,0.364661151,0.112996017,0.092149641,0.09236468,0.751076021,official_holdout_set,0.388923962,0.855108706,0.387458553,0.85450452,0.390306173,0.855714451,0.150573375,0.470573375,evaluation_selection_50_percent_split
ego_AS,pmt_train_and_evaluation_samples_seed_3_241016_with_holdout.csv,train_sample_n_900,catboost,"learning_rate=NA,subsample=0.8,depth=6",1000,0.377201443,0.115085297,0.06835474,0.069910067,0.742031898,0.374103415,0.114099458,0.065331368,0.066813458,0.739581359,0.38018008,0.116043214,0.071320682,0.07298392,0.744529651,evaluation_selection_50_percent_split,0.381916436,0.855627478,0.378252711,0.854136307,0.385451339,0.857191514,0.141254294,0.601254294,evaluation_selection_50_percent_split
ego_AS,pmt_train_and_evaluation_samples_seed_3_241016_with_holdout.csv,train_sample_n_900,catboost,"learning_rate=NA,subsample=0.8,depth=6",1000,0.377280212,0.115294726,0.069458812,0.071122183,0.743322977,0.374266528,0.114338324,0.066303412,0.067857903,0.740689582,0.38051926,0.116280193,0.072592375,0.074356327,0.745904796,evaluation_test_50_percent_split,0.382258248,0.8551046,0.378636866,0.853598783,0.386007569,0.856571564,0.141254294,0.601254294,evaluation_selection_50_percent_split
ego_AS,pmt_train_and_evaluation_samples_seed_3_241016_with_holdout.csv,train_sample_n_900,catboost,"learning_rate=NA,subsample=0.8,depth=6",1000,0.37710606,0.115313236,0.069287509,0.07095031,0.743108834,0.375761676,0.114904812,0.067959852,0.069577677,0.742002481,0.378401758,0.115715683,0.070551628,0.072240593,0.744197204,official_holdout_set,0.383285087,0.855108706,0.381851055,0.85450452,0.384701614,0.855714451,0.141254294,0.601254294,evaluation_selection_50_percent_split
ego_AS,pmt_train_and_evaluation_samples_seed_3_241016_with_holdout.csv,train_sample_n_9000,catboost,"learning_rate=NA,subsample=0.8,depth=6",1000,0.362552632,0.111963573,0.093625907,0.09375913,0.750451154,0.359886185,0.111018545,0.091063425,0.091152077,0.748012252,0.365100976,0.1128258,0.096396639,0.096545442,0.753030262,evaluation_selection_50_percent_split,0.392276804,0.855627478,0.388523137,0.854136307,0.395963262,0.857191514,0.190422131,0.440422131,evaluation_selection_50_percent_split
ego_AS,pmt_train_and_evaluation_samples_seed_3_241016_with_holdout.csv,train_sample_n_9000,catboost,"learning_rate=NA,subsample=0.8,depth=6",1000,0.361944647,0.111965022,0.096332776,0.096499689,0.752890605,0.359369285,0.111085203,0.093590595,0.093716709,0.75028516,0.364651305,0.112889851,0.099122502,0.099331249,0.755533146,evaluation_test_50_percent_split,0.395609122,0.8551046,0.39189608,0.853598783,0.399391225,0.856571564,0.190422131,0.440422131,evaluation_selection_50_percent_split
ego_AS,pmt_train_and_evaluation_samples_seed_3_241016_with_holdout.csv,train_sample_n_9000,catboost,"learning_rate=NA,subsample=0.8,depth=6",1000,0.362264734,0.112039292,0.095712063,0.095878808,0.752257276,0.361142894,0.111667769,0.094587318,0.094717331,0.751135049,0.363359367,0.11240358,0.096880445,0.097064468,0.753382085,official_holdout_set,0.394426427,0.855108706,0.392964904,0.85450452,0.395933989,0.855714451,0.190422131,0.440422131,evaluation_selection_50_percent_split
ego_AS,pmt_train_and_evaluation_samples_seed_4_241016_with_holdout.csv,train_sample_n_300,catboost,"learning_rate=NA,subsample=0.8,depth=6",1000,0.394593328,0.119855501,0.033694466,0.034769021,0.730604364,0.391449247,0.118855478,0.029669732,0.030665912,0.727941785,0.397759728,0.1208632,0.037608788,0.038747703,0.733390542,evaluation_selection_50_percent_split,0.368738869,0.854915783,0.36527726,0.853424369,0.372245126,0.856411917,0.066201381,0.626201381,evaluation_selection_50_percent_split
ego_AS,pmt_train_and_evaluation_samples_seed_4_241016_with_holdout.csv,train_sample_n_300,catboost,"learning_rate=NA,subsample=0.8,depth=6",1000,0.394854393,0.11972643,0.029728437,0.030653288,0.727746087,0.391488646,0.118660156,0.025793889,0.026632726,0.725061017,0.398057188,0.120743718,0.033682858,0.034707062,0.730575653,evaluation_test_50_percent_split,0.365855278,0.855816295,0.362396555,0.854286271,0.369497676,0.857322233,0.066201381,0.626201381,evaluation_selection_50_percent_split
ego_AS,pmt_train_and_evaluation_samples_seed_4_241016_with_holdout.csv,train_sample_n_300,catboost,"learning_rate=NA,subsample=0.8,depth=6",1000,0.395520867,0.120188456,0.029938791,0.030983583,0.729165423,0.394168409,0.119757183,0.028357888,0.029397898,0.728082074,0.396824942,0.120608993,0.031648097,0.03270024,0.730268009,official_holdout_set,0.369037685,0.855108706,0.36766934,0.85450452,0.370411418,0.855714451,0.066201381,0.626201381,evaluation_selection_50_percent_split
ego_AS,pmt_train_and_evaluation_samples_seed_4_241016_with_holdout.csv,train_sample_n_3000,catboost,"learning_rate=NA,subsample=0.8,depth=6",1000,0.365286284,0.113003368,0.088938109,0.088970015,0.752308533,0.362594522,0.112111441,0.085721971,0.085760096,0.749715564,0.368012462,0.113926368,0.091896939,0.091949526,0.754962723,evaluation_selection_50_percent_split,0.391219769,0.854915783,0.387592515,0.853424369,0.394839722,0.856411917,0.151001607,0.571001607,evaluation_selection_50_percent_split
ego_AS,pmt_train_and_evaluation_samples_seed_4_241016_with_holdout.csv,train_sample_n_3000,catboost,"learning_rate=NA,subsample=0.8,depth=6",1000,0.366074418,0.113084438,0.083555616,0.083566022,0.748053631,0.363307956,0.112153479,0.08061272,0.080612944,0.745484757,0.368782693,0.113998469,0.086788673,0.086826811,0.750634595,evaluation_test_50_percent_split,0.38584543,0.855816295,0.382390336,0.854286271,0.389682288,0.857322233,0.151001607,0.571001607,evaluation_selection_50_percent_split
ego_AS,pmt_train_and_evaluation_samples_seed_4_241016_with_holdout.csv,train_sample_n_3000,catboost,"learning_rate=NA,subsample=0.8,depth=6",1000,0.365826048,0.113177596,0.086524624,0.086550996,0.75036076,0.364642621,0.112786204,0.085249151,0.085272326,0.749280374,0.366929368,0.113543523,0.087843048,0.087877056,0.751466321,official_holdout_set,0.388721831,0.855108706,0.387284991,0.85450452,0.390133605,0.855714451,0.151001607,0.571001607,evaluation_selection_50_percent_split
ego_AS,pmt_train_and_evaluation_samples_seed_4_241016_with_holdout.csv,train_sample_n_500,catboost,"learning_rate=NA,subsample=0.8,depth=6",1000,0.378331489,0.116696942,0.059159574,0.059540096,0.735208514,0.375540842,0.115746902,0.055649149,0.056017104,0.732552753,0.381242385,0.11766614,0.062679687,0.063070445,0.737985401,evaluation_selection_50_percent_split,0.372636466,0.854915783,0.36925748,0.853424369,0.375936848,0.856411917,0.08407884,0.61407884,evaluation_selection_50_percent_split
ego_AS,pmt_train_and_evaluation_samples_seed_4_241016_with_holdout.csv,train_sample_n_500,catboost,"learning_rate=NA,subsample=0.8,depth=6",1000,0.378795288,0.116649944,0.054660506,0.054953362,0.731634923,0.375818425,0.115627603,0.051262403,0.051517448,0.728914104,0.38164193,0.117620401,0.058469224,0.058821962,0.734525286,evaluation_test_50_percent_split,0.370313122,0.855816295,0.367021637,0.854286271,0.373773685,0.857322233,0.08407884,0.61407884,evaluation_selection_50_percent_split
ego_AS,pmt_train_and_evaluation_samples_seed_4_241016_with_holdout.csv,train_sample_n_500,catboost,"learning_rate=NA,subsample=0.8,depth=6",1000,0.379270562,0.117019683,0.055514494,0.055876376,0.733390212,0.378045194,0.116608821,0.054053463,0.054399173,0.732276525,0.380455351,0.117429765,0.057027821,0.057404004,0.734536027,official_holdout_set,0.372830289,0.855108706,0.371527714,0.85450452,0.374145338,0.855714451,0.08407884,0.61407884,evaluation_selection_50_percent_split
ego_AS,pmt_train_and_evaluation_samples_seed_4_241016_with_holdout.csv,train_sample_n_5000,catboost,"learning_rate=NA,subsample=0.8,depth=6",1000,0.364488276,0.112897739,0.089789716,0.089791437,0.752761929,0.361793066,0.11199376,0.08677277,0.086783153,0.750281152,0.36707112,0.11380079,0.092786508,0.092792241,0.755310798,evaluation_selection_50_percent_split,0.393138102,0.854915783,0.38941067,0.853424369,0.396671185,0.856411917,0.18039324,0.58039324,evaluation_selection_50_percent_split
ego_AS,pmt_train_and_evaluation_samples_seed_4_241016_with_holdout.csv,train_sample_n_5000,catboost,"learning_rate=NA,subsample=0.8,depth=6",1000,0.364702992,0.112782428,0.086003128,0.086004412,0.749749742,0.36200489,0.111844343,0.083122409,0.083132572,0.747231478,0.367439052,0.113667764,0.089221052,0.089221541,0.752328643,evaluation_test_50_percent_split,0.388478224,0.855816295,0.384973124,0.854286271,0.392298154,0.857322233,0.18039324,0.58039324,evaluation_selection_50_percent_split
ego_AS,pmt_train_and_evaluation_samples_seed_4_241016_with_holdout.csv,train_sample_n_5000,catboost,"learning_rate=NA,subsample=0.8,depth=6",1000,0.364709379,0.112929638,0.088525928,0.088526552,0.751648326,0.363578987,0.112559124,0.08725762,0.087258049,0.75057446,0.365769263,0.113286022,0.089874486,0.089875364,0.752756698,official_holdout_set,0.392375667,0.855108706,0.390904235,0.85450452,0.393860059,0.855714451,0.18039324,0.58039324,evaluation_selection_50_percent_split
ego_AS,pmt_train_and_evaluation_samples_seed_4_241016_with_holdout.csv,train_sample_n_600,catboost,"learning_rate=NA,subsample=0.8,depth=6",1000,0.371039083,0.114918554,0.073497393,0.073520292,0.744820553,0.36835052,0.114002775,0.070030117,0.070060352,0.742279161,0.373825069,0.11586813,0.076938184,0.076983414,0.747494993,evaluation_selection_50_percent_split,0.384967991,0.854915783,0.381473499,0.853424369,0.388226041,0.856411917,0.10304232,0.62304232,evaluation_selection_50_percent_split
ego_AS,pmt_train_and_evaluation_samples_seed_4_241016_with_holdout.csv,train_sample_n_600,catboost,"learning_rate=NA,subsample=0.8,depth=6",1000,0.371526293,0.114851282,0.069236991,0.069242445,0.741377333,0.368678669,0.113857023,0.065915358,0.065921383,0.738765142,0.37428267,0.115791322,0.072917572,0.072931464,0.744094202,evaluation_test_50_percent_split,0.381254717,0.855816295,0.377919828,0.854286271,0.384869499,0.857322233,0.10304232,0.62304232,evaluation_selection_50_percent_split
ego_AS,pmt_train_and_evaluation_samples_seed_4_241016_with_holdout.csv,train_sample_n_600,catboost,"learning_rate=NA,subsample=0.8,depth=6",1000,0.371841423,0.11517258,0.070422775,0.070440985,0.74313612,0.37064544,0.114771491,0.069009568,0.069028224,0.742039936,0.372934473,0.115553318,0.071910371,0.071926856,0.744254,official_holdout_set,0.384027159,0.855108706,0.382707277,0.85450452,0.385356455,0.855714451,0.10304232,0.62304232,evaluation_selection_50_percent_split
ego_AS,pmt_train_and_evaluation_samples_seed_4_241016_with_holdout.csv,train_sample_n_6000,catboost,"learning_rate=NA,subsample=0.8,depth=6",1000,0.365402536,0.11308153,0.088307948,0.088462388,0.750533506,0.362704966,0.112190235,0.085240796,0.085356118,0.747969865,0.368031445,0.113985003,0.09120252,0.091410368,0.753156653,evaluation_selection_50_percent_split,0.392708176,0.854915783,0.388558138,0.853424369,0.396485027,0.856411917,0.210633705,0.510633705,evaluation_selection_50_percent_split
ego_AS,pmt_train_and_evaluation_samples_seed_4_241016_with_holdout.csv,train_sample_n_6000,catboost,"learning_rate=NA,subsample=0.8,depth=6",1000,0.365624285,0.112970445,0.084479431,0.084580099,0.747439376,0.362898933,0.112030874,0.08166214,0.081760303,0.744940711,0.368363283,0.113879452,0.08758562,0.087749815,0.750096961,evaluation_test_50_percent_split,0.385750614,0.855816295,0.3819418,0.854286271,0.390080888,0.857322233,0.210633705,0.510633705,evaluation_selection_50_percent_split
ego_AS,pmt_train_and_evaluation_samples_seed_4_241016_with_holdout.csv,train_sample_n_6000,catboost,"learning_rate=NA,subsample=0.8,depth=6",1000,0.365685218,0.113118664,0.087000272,0.087142349,0.749196704,0.364525876,0.11273316,0.085760316,0.085894799,0.748131867,0.366762327,0.113480812,0.088283403,0.088436072,0.750290554,official_holdout_set,0.390259494,0.855108706,0.388650799,0.85450452,0.39190078,0.855714451,0.210633705,0.510633705,evaluation_selection_50_percent_split
ego_AS,pmt_train_and_evaluation_samples_seed_4_241016_with_holdout.csv,train_sample_n_700,catboost,"learning_rate=NA,subsample=0.8,depth=6",1000,0.372014698,0.114609683,0.075987591,0.076457164,0.745285549,0.369266247,0.113676225,0.072678332,0.073068707,0.742672244,0.374867675,0.11556369,0.079274257,0.079813907,0.747941323,evaluation_selection_50_percent_split,0.379298556,0.854915783,0.375414953,0.853424369,0.382966309,0.856411917,0.152281114,0.582281114,evaluation_selection_50_percent_split
ego_AS,pmt_train_and_evaluation_samples_seed_4_241016_with_holdout.csv,train_sample_n_700,catboost,"learning_rate=NA,subsample=0.8,depth=6",1000,0.372450068,0.11451567,0.071956811,0.0723295,0.741848819,0.369457594,0.113509733,0.068713085,0.069070824,0.739269864,0.375312877,0.115460661,0.075519541,0.075918048,0.744525379,evaluation_test_50_percent_split,0.376457053,0.855816295,0.372569315,0.854286271,0.380463878,0.857322233,0.152281114,0.582281114,evaluation_selection_50_percent_split
ego_AS,pmt_train_and_evaluation_samples_seed_4_241016_with_holdout.csv,train_sample_n_700,catboost,"learning_rate=NA,subsample=0.8,depth=6",1000,0.372574129,0.114777329,0.07361291,0.0740616,0.74385123,0.371331882,0.114359201,0.072273277,0.072685513,0.742736585,0.373706792,0.115170239,0.075036456,0.07548617,0.744993287,official_holdout_set,0.379479939,0.855108706,0.378038065,0.85450452,0.380943846,0.855714451,0.152281114,0.582281114,evaluation_selection_50_percent_split
ego_AS,pmt_train_and_evaluation_samples_seed_4_241016_with_holdout.csv,train_sample_n_7000,catboost,"learning_rate=NA,subsample=0.8,depth=6",1000,0.365519643,0.113039178,0.088649399,0.08869579,0.748433849,0.362867858,0.112169397,0.085654069,0.085672842,0.745867255,0.368163499,0.113923194,0.091512887,0.091592653,0.751026629,evaluation_selection_50_percent_split,0.39269193,0.854915783,0.388808306,0.853424369,0.396248123,0.856411917,0.170591278,0.540591278,evaluation_selection_50_percent_split
ego_AS,pmt_train_and_evaluation_samples_seed_4_241016_with_holdout.csv,train_sample_n_7000,catboost,"learning_rate=NA,subsample=0.8,depth=6",1000,0.365635501,0.11290154,0.085037839,0.085057113,0.745537544,0.362941429,0.111971867,0.082281421,0.082300832,0.743071428,0.36835674,0.113809111,0.088164285,0.088202751,0.74813997,evaluation_test_50_percent_split,0.387151769,0.855816295,0.383508592,0.854286271,0.391024656,0.857322233,0.170591278,0.540591278,evaluation_selection_50_percent_split
ego_AS,pmt_train_and_evaluation_samples_seed_4_241016_with_holdout.csv,train_sample_n_7000,catboost,"learning_rate=NA,subsample=0.8,depth=6",1000,0.365614329,0.113035141,0.087674398,0.087714025,0.747360216,0.364464446,0.112656303,0.086490252,0.086524031,0.746290582,0.366692956,0.113395387,0.08893591,0.088979377,0.74847894,official_holdout_set,0.390561625,0.855108706,0.389060138,0.85450452,0.392069932,0.855714451,0.170591278,0.540591278,evaluation_selection_50_percent_split
ego_AS,pmt_train_and_evaluation_samples_seed_4_241016_with_holdout.csv,train_sample_n_900,catboost,"learning_rate=NA,subsample=0.8,depth=6",1000,0.375251738,0.114875447,0.073844928,0.074373694,0.742417998,0.372392568,0.113946119,0.070473808,0.070969316,0.739806048,0.378119958,0.115803029,0.077067166,0.077701734,0.745095426,evaluation_selection_50_percent_split,0.385659278,0.854915783,0.381539925,0.853424369,0.389430872,0.856411917,0.181647062,0.601647062,evaluation_selection_50_percent_split
ego_AS,pmt_train_and_evaluation_samples_seed_4_241016_with_holdout.csv,train_sample_n_900,catboost,"learning_rate=NA,subsample=0.8,depth=6",1000,0.375308717,0.114635634,0.070984618,0.071409845,0.74005668,0.372226366,0.113631798,0.067806239,0.068160097,0.737448517,0.378264571,0.115590616,0.074484259,0.074940708,0.742811222,evaluation_test_50_percent_split,0.381148054,0.855816295,0.377430553,0.854286271,0.385178078,0.857322233,0.181647062,0.601647062,evaluation_selection_50_percent_split
ego_AS,pmt_train_and_evaluation_samples_seed_4_241016_with_holdout.csv,train_sample_n_900,catboost,"learning_rate=NA,subsample=0.8,depth=6",1000,0.375574206,0.11496577,0.07209197,0.072598304,0.74143949,0.374296466,0.114553919,0.070767183,0.071249601,0.740327119,0.376750149,0.115353514,0.073489759,0.074025046,0.74253736,official_holdout_set,0.38389252,0.855108706,0.382351564,0.85450452,0.385434811,0.855714451,0.181647062,0.601647062,evaluation_selection_50_percent_split
ego_AS,pmt_train_and_evaluation_samples_seed_4_241016_with_holdout.csv,train_sample_n_9000,catboost,"learning_rate=NA,subsample=0.8,depth=6",1000,0.36436864,0.112932235,0.089511598,0.089520227,0.750978737,0.361692829,0.112071448,0.086492564,0.086496935,0.748396421,0.366985176,0.113837936,0.092305013,0.092339933,0.753442638,evaluation_selection_50_percent_split,0.392233293,0.854915783,0.388110271,0.853424369,0.395919478,0.856411917,0.200699381,0.620699381,evaluation_selection_50_percent_split
ego_AS,pmt_train_and_evaluation_samples_seed_4_241016_with_holdout.csv,train_sample_n_9000,catboost,"learning_rate=NA,subsample=0.8,depth=6",1000,0.364446416,0.112783602,0.085993619,0.085993868,0.748103086,0.36175008,0.111869961,0.083121014,0.083129297,0.745634269,0.367093558,0.11367283,0.08900252,0.089007346,0.750733047,evaluation_test_50_percent_split,0.387434117,0.855816295,0.383728677,0.854286271,0.39157965,0.857322233,0.200699381,0.620699381,evaluation_selection_50_percent_split
ego_AS,pmt_train_and_evaluation_samples_seed_4_241016_with_holdout.csv,train_sample_n_9000,catboost,"learning_rate=NA,subsample=0.8,depth=6",1000,0.364451682,0.112885454,0.088882548,0.08888839,0.750112873,0.363367633,0.112507202,0.087664095,0.087665845,0.749046355,0.365496393,0.113246619,0.090110491,0.090114587,0.751242498,official_holdout_set,0.390848887,0.855108706,0.389285441,0.85450452,0.392446162,0.855714451,0.200699381,0.620699381,evaluation_selection_50_percent_split
ego_AS,pmt_train_and_evaluation_samples_seed_5_241016_with_holdout.csv,train_sample_n_300,catboost,"learning_rate=NA,subsample=0.8,depth=6",1000,0.38448415,0.117983923,0.048493591,0.05209257,0.706438656,0.381396556,0.116919897,0.045963461,0.04941904,0.703703392,0.387547134,0.119026445,0.051125772,0.054816054,0.709168574,evaluation_selection_50_percent_split,0.3589613,0.854969039,0.355764449,0.8533906,0.362230043,0.856523876,0.104866031,0.444866031,evaluation_selection_50_percent_split
ego_AS,pmt_train_and_evaluation_samples_seed_5_241016_with_holdout.csv,train_sample_n_300,catboost,"learning_rate=NA,subsample=0.8,depth=6",1000,0.385268971,0.117842743,0.045287179,0.048655017,0.701751313,0.382194019,0.116801305,0.042622206,0.045879637,0.698986876,0.388428043,0.118911189,0.047910315,0.051403831,0.704499573,evaluation_test_50_percent_split,0.354296251,0.855763039,0.351186251,0.854213286,0.357552719,0.857307588,0.104866031,0.444866031,evaluation_selection_50_percent_split
ego_AS,pmt_train_and_evaluation_samples_seed_5_241016_with_holdout.csv,train_sample_n_300,catboost,"learning_rate=NA,subsample=0.8,depth=6",1000,0.38520285,0.11806553,0.047073285,0.050634393,0.704131681,0.3839571,0.117653642,0.046000568,0.04954244,0.703054307,0.38639588,0.118478674,0.048160612,0.051759891,0.705265921,official_holdout_set,0.356651557,0.855108706,0.355404345,0.85450452,0.357913975,0.855714451,0.104866031,0.444866031,evaluation_selection_50_percent_split
ego_AS,pmt_train_and_evaluation_samples_seed_5_241016_with_holdout.csv,train_sample_n_3000,catboost,"learning_rate=NA,subsample=0.8,depth=6",1000,0.365954404,0.113311914,0.086171994,0.087122787,0.747651515,0.363104237,0.112292838,0.083426843,0.084275108,0.745056765,0.368846599,0.11429775,0.088836791,0.089961527,0.750081551,evaluation_selection_50_percent_split,0.395452759,0.854969039,0.391666565,0.8533906,0.399163387,0.856523876,0.161421782,0.521421782,evaluation_selection_50_percent_split
ego_AS,pmt_train_and_evaluation_samples_seed_5_241016_with_holdout.csv,train_sample_n_3000,catboost,"learning_rate=NA,subsample=0.8,depth=6",1000,0.367037615,0.113255025,0.082454962,0.083284772,0.743351849,0.364304515,0.112305409,0.079505812,0.080244179,0.740472354,0.369828019,0.114239319,0.085093568,0.085975779,0.745936254,evaluation_test_50_percent_split,0.390444585,0.855763039,0.386660008,0.854213286,0.394011467,0.857307588,0.161421782,0.521421782,evaluation_selection_50_percent_split
ego_AS,pmt_train_and_evaluation_samples_seed_5_241016_with_holdout.csv,train_sample_n_3000,catboost,"learning_rate=NA,subsample=0.8,depth=6",1000,0.36635084,0.113345377,0.085170433,0.086099783,0.746255806,0.365213994,0.112959144,0.083953861,0.08488415,0.74511439,0.367471301,0.113726371,0.086302862,0.087289671,0.747396106,official_holdout_set,0.394186721,0.855108706,0.392736603,0.85450452,0.395607828,0.855714451,0.161421782,0.521421782,evaluation_selection_50_percent_split
ego_AS,pmt_train_and_evaluation_samples_seed_5_241016_with_holdout.csv,train_sample_n_500,catboost,"learning_rate=NA,subsample=0.8,depth=6",1000,0.383419741,0.118482776,0.044470485,0.047253323,0.703037764,0.380399611,0.117436531,0.042003195,0.044754254,0.700136967,0.386504572,0.119573684,0.047075842,0.049907513,0.705812171,evaluation_selection_50_percent_split,0.340278839,0.854969039,0.337296416,0.8533906,0.343360227,0.856523876,0.09416982,0.51416982,evaluation_selection_50_percent_split
ego_AS,pmt_train_and_evaluation_samples_seed_5_241016_with_holdout.csv,train_sample_n_500,catboost,"learning_rate=NA,subsample=0.8,depth=6",1000,0.383700733,0.118272423,0.041806088,0.044380983,0.698456736,0.380819165,0.117212471,0.039295006,0.041795872,0.695609549,0.386763384,0.119346299,0.04428425,0.046992917,0.701213342,evaluation_test_50_percent_split,0.335353884,0.855763039,0.332280614,0.854213286,0.338388288,0.857307588,0.09416982,0.51416982,evaluation_selection_50_percent_split
ego_AS,pmt_train_and_evaluation_samples_seed_5_241016_with_holdout.csv,train_sample_n_500,catboost,"learning_rate=NA,subsample=0.8,depth=6",1000,0.383378222,0.118374691,0.044577998,0.047322135,0.702141408,0.382218189,0.117963765,0.043562397,0.046256116,0.701043984,0.384523438,0.118789589,0.045589615,0.048363478,0.703247268,official_holdout_set,0.338541794,0.855108706,0.337314146,0.85450452,0.339793935,0.855714451,0.09416982,0.51416982,evaluation_selection_50_percent_split
ego_AS,pmt_train_and_evaluation_samples_seed_5_241016_with_holdout.csv,train_sample_n_5000,catboost,"learning_rate=NA,subsample=0.8,depth=6",1000,0.361222526,0.111984897,0.096874006,0.097043956,0.752060167,0.358505294,0.111030266,0.094277766,0.094412488,0.749511718,0.363833327,0.112919756,0.09942745,0.099660926,0.754485661,evaluation_selection_50_percent_split,0.400223059,0.854969039,0.396148231,0.8533906,0.404238181,0.856523876,0.211423791,0.411423791,evaluation_selection_50_percent_split
ego_AS,pmt_train_and_evaluation_samples_seed_5_241016_with_holdout.csv,train_sample_n_5000,catboost,"learning_rate=NA,subsample=0.8,depth=6",1000,0.362241947,0.111963015,0.092922286,0.093042034,0.747807087,0.359644267,0.111017939,0.090129124,0.090224976,0.74510233,0.364869135,0.112904225,0.095559477,0.095722982,0.750411474,evaluation_test_50_percent_split,0.395402444,0.855763039,0.391219527,0.854213286,0.399356616,0.857307588,0.211423791,0.411423791,evaluation_selection_50_percent_split
ego_AS,pmt_train_and_evaluation_samples_seed_5_241016_with_holdout.csv,train_sample_n_5000,catboost,"learning_rate=NA,subsample=0.8,depth=6",1000,0.361579706,0.112012799,0.095925891,0.096086455,0.75097704,0.360507285,0.111630674,0.094805489,0.094971703,0.74989241,0.362592743,0.112367508,0.097031054,0.097208905,0.752074177,official_holdout_set,0.398246836,0.855108706,0.396710164,0.85450452,0.399892383,0.855714451,0.211423791,0.411423791,evaluation_selection_50_percent_split
ego_AS,pmt_train_and_evaluation_samples_seed_5_241016_with_holdout.csv,train_sample_n_600,catboost,"learning_rate=NA,subsample=0.8,depth=6",1000,0.373481266,0.116078052,0.063863886,0.067404728,0.730398415,0.370605666,0.115050074,0.06155458,0.064984921,0.727726078,0.376470116,0.117119696,0.066146404,0.069857926,0.73292031,evaluation_selection_50_percent_split,0.377545815,0.854969039,0.373779237,0.8533906,0.381511579,0.856523876,0.153322624,0.503322624,evaluation_selection_50_percent_split
ego_AS,pmt_train_and_evaluation_samples_seed_5_241016_with_holdout.csv,train_sample_n_600,catboost,"learning_rate=NA,subsample=0.8,depth=6",1000,0.374008708,0.115895324,0.061064355,0.064376538,0.726019883,0.371144892,0.114870427,0.058729269,0.061931508,0.723255497,0.376930404,0.116935147,0.06336986,0.06678854,0.728590452,evaluation_test_50_percent_split,0.371563944,0.855763039,0.367829646,0.854213286,0.375265499,0.857307588,0.153322624,0.503322624,evaluation_selection_50_percent_split
ego_AS,pmt_train_and_evaluation_samples_seed_5_241016_with_holdout.csv,train_sample_n_600,catboost,"learning_rate=NA,subsample=0.8,depth=6",1000,0.373622166,0.115986166,0.063856179,0.067354569,0.729318257,0.372505052,0.115583972,0.06288361,0.066353995,0.728253728,0.37472866,0.116385603,0.064782879,0.068296668,0.730389936,official_holdout_set,0.376801569,0.855108706,0.375311773,0.85450452,0.37833259,0.855714451,0.153322624,0.503322624,evaluation_selection_50_percent_split
ego_AS,pmt_train_and_evaluation_samples_seed_5_241016_with_holdout.csv,train_sample_n_6000,catboost,"learning_rate=NA,subsample=0.8,depth=6",1000,0.362022536,0.112133493,0.09567562,0.096002658,0.751904798,0.359225818,0.111158009,0.093033605,0.093307994,0.749349184,0.364691397,0.113086816,0.098289081,0.098702512,0.754419629,evaluation_selection_50_percent_split,0.396449704,0.854969039,0.392613721,0.8533906,0.400249404,0.856523876,0.171171755,0.441171755,evaluation_selection_50_percent_split
ego_AS,pmt_train_and_evaluation_samples_seed_5_241016_with_holdout.csv,train_sample_n_6000,catboost,"learning_rate=NA,subsample=0.8,depth=6",1000,0.363383667,0.112200511,0.090998195,0.091254791,0.747126239,0.360735237,0.111257668,0.088128257,0.088297247,0.744374518,0.3661166,0.113173114,0.093740041,0.094020402,0.74973628,evaluation_test_50_percent_split,0.390229547,0.855763039,0.386450095,0.854213286,0.393951508,0.857307588,0.171171755,0.441171755,evaluation_selection_50_percent_split
ego_AS,pmt_train_and_evaluation_samples_seed_5_241016_with_holdout.csv,train_sample_n_6000,catboost,"learning_rate=NA,subsample=0.8,depth=6",1000,0.362585033,0.11220283,0.094392123,0.094706364,0.750379999,0.361494194,0.111827761,0.093292465,0.093598654,0.74931825,0.363645583,0.11256578,0.095534761,0.095867726,0.751463285,official_holdout_set,0.394514795,0.855108706,0.393059277,0.85450452,0.395973544,0.855714451,0.171171755,0.441171755,evaluation_selection_50_percent_split
ego_AS,pmt_train_and_evaluation_samples_seed_5_241016_with_holdout.csv,train_sample_n_700,catboost,"learning_rate=NA,subsample=0.8,depth=6",1000,0.36999244,0.114894081,0.073412277,0.077071911,0.734507183,0.367107591,0.113860834,0.071299127,0.074894557,0.731980986,0.372922605,0.115915765,0.075510374,0.079330965,0.737070413,evaluation_selection_50_percent_split,0.383947471,0.854969039,0.380454616,0.8533906,0.387651617,0.856523876,0.152849367,0.462849367,evaluation_selection_50_percent_split
ego_AS,pmt_train_and_evaluation_samples_seed_5_241016_with_holdout.csv,train_sample_n_700,catboost,"learning_rate=NA,subsample=0.8,depth=6",1000,0.370839752,0.114770379,0.070178189,0.073608807,0.729815757,0.367944505,0.113744037,0.067928946,0.071304272,0.727163572,0.373747171,0.115769584,0.072240408,0.075790051,0.732369001,evaluation_test_50_percent_split,0.377898338,0.855763039,0.374296388,0.854213286,0.381359933,0.857307588,0.152849367,0.462849367,evaluation_selection_50_percent_split
ego_AS,pmt_train_and_evaluation_samples_seed_5_241016_with_holdout.csv,train_sample_n_700,catboost,"learning_rate=NA,subsample=0.8,depth=6",1000,0.370406201,0.114867325,0.072886536,0.076505326,0.733124814,0.369285019,0.114481483,0.072010208,0.075585038,0.732059796,0.371498408,0.115254629,0.073744036,0.07741566,0.734160223,official_holdout_set,0.381414938,0.855108706,0.380007016,0.85450452,0.38284138,0.855714451,0.152849367,0.462849367,evaluation_selection_50_percent_split
ego_AS,pmt_train_and_evaluation_samples_seed_5_241016_with_holdout.csv,train_sample_n_7000,catboost,"learning_rate=NA,subsample=0.8,depth=6",1000,0.361070348,0.111844558,0.098005799,0.098169568,0.754286022,0.358365725,0.11090032,0.095346556,0.09547085,0.751631308,0.363673734,0.112805219,0.100682186,0.100903421,0.756731567,evaluation_selection_50_percent_split,0.397683549,0.854969039,0.393786946,0.8533906,0.401535033,0.856523876,0.191356639,0.451356639,evaluation_selection_50_percent_split
ego_AS,pmt_train_and_evaluation_samples_seed_5_241016_with_holdout.csv,train_sample_n_7000,catboost,"learning_rate=NA,subsample=0.8,depth=6",1000,0.362577611,0.111915978,0.093303361,0.09341803,0.749340068,0.359937191,0.110994399,0.090480526,0.090552461,0.746571865,0.365288577,0.112878914,0.096038762,0.096190475,0.751995906,evaluation_test_50_percent_split,0.391896898,0.855763039,0.388051048,0.854213286,0.395687629,0.857307588,0.191356639,0.451356639,evaluation_selection_50_percent_split
ego_AS,pmt_train_and_evaluation_samples_seed_5_241016_with_holdout.csv,train_sample_n_7000,catboost,"learning_rate=NA,subsample=0.8,depth=6",1000,0.36188358,0.11200298,0.096005148,0.096159886,0.751973416,0.360806792,0.111632502,0.094872397,0.095017416,0.750904769,0.362940225,0.11235799,0.097145252,0.097327631,0.753056412,official_holdout_set,0.395513098,0.855108706,0.394056926,0.85450452,0.397053878,0.855714451,0.191356639,0.451356639,evaluation_selection_50_percent_split
ego_AS,pmt_train_and_evaluation_samples_seed_5_241016_with_holdout.csv,train_sample_n_900,catboost,"learning_rate=NA,subsample=0.8,depth=6",1000,0.371983021,0.115168909,0.071195866,0.074028299,0.739905241,0.368980826,0.114122162,0.068713115,0.071466799,0.737272982,0.374943719,0.116167799,0.073678623,0.076635199,0.742434474,evaluation_selection_50_percent_split,0.39000669,0.854969039,0.386175245,0.8533906,0.393953282,0.856523876,0.171940126,0.591940126,evaluation_selection_50_percent_split
ego_AS,pmt_train_and_evaluation_samples_seed_5_241016_with_holdout.csv,train_sample_n_900,catboost,"learning_rate=NA,subsample=0.8,depth=6",1000,0.372998589,0.115102435,0.067488009,0.07011717,0.735161683,0.370052359,0.114083602,0.064812503,0.067341811,0.732437716,0.375998736,0.116120243,0.070047623,0.072777152,0.737877511,evaluation_test_50_percent_split,0.383792842,0.855763039,0.379853418,0.854213286,0.387563864,0.857307588,0.171940126,0.591940126,evaluation_selection_50_percent_split
ego_AS,pmt_train_and_evaluation_samples_seed_5_241016_with_holdout.csv,train_sample_n_900,catboost,"learning_rate=NA,subsample=0.8,depth=6",1000,0.372431975,0.115130744,0.070760434,0.073556047,0.738464679,0.371263172,0.11472571,0.069668159,0.072436299,0.737379042,0.373593847,0.115523003,0.071796454,0.074636454,0.739603117,official_holdout_set,0.387920833,0.855108706,0.386346318,0.85450452,0.389467915,0.855714451,0.171940126,0.591940126,evaluation_selection_50_percent_split
ego_AS,pmt_train_and_evaluation_samples_seed_5_241016_with_holdout.csv,train_sample_n_9000,catboost,"learning_rate=NA,subsample=0.8,depth=6",1000,0.360792935,0.111837473,0.098062939,0.098129757,0.754662705,0.358077815,0.110880659,0.095362115,0.095420196,0.752149401,0.363364478,0.112765104,0.100788965,0.100883051,0.757189956,evaluation_selection_50_percent_split,0.398707001,0.854969039,0.394803461,0.8533906,0.402574605,0.856523876,0.190706844,0.460706844,evaluation_selection_50_percent_split
ego_AS,pmt_train_and_evaluation_samples_seed_5_241016_with_holdout.csv,train_sample_n_9000,catboost,"learning_rate=NA,subsample=0.8,depth=6",1000,0.362458357,0.111888537,0.093525676,0.093562424,0.749704679,0.359841092,0.110955553,0.090671487,0.090695048,0.747018506,0.365096342,0.112842374,0.096342516,0.096419433,0.752327328,evaluation_test_50_percent_split,0.393583589,0.855763039,0.389709414,0.854213286,0.397500698,0.857307588,0.190706844,0.460706844,evaluation_selection_50_percent_split
ego_AS,pmt_train_and_evaluation_samples_seed_5_241016_with_holdout.csv,train_sample_n_9000,catboost,"learning_rate=NA,subsample=0.8,depth=6",1000,0.361575444,0.11194098,0.096505557,0.096566513,0.752718948,0.360504641,0.111571464,0.095375116,0.095438063,0.751687937,0.362620792,0.112297369,0.097655832,0.097732455,0.753812739,official_holdout_set,0.397132285,0.855108706,0.395689765,0.85450452,0.398629945,0.855714451,0.190706844,0.460706844,evaluation_selection_50_percent_split
prefer_official_train,pmt_train_and_evaluation_samples_seed_2_241016_with_holdout.csv,train_sample_n_300,catboost,"learning_rate=NA,subsample=0.8,depth=6",1000,0.375367684,0.111528942,0.10134811,0.111964799,0.771068194,0.371835564,0.110373752,0.098062915,0.108838245,0.768238838,0.378921513,0.112692416,0.104646388,0.115037319,0.773864902,evaluation_selection_50_percent_split,0.433998376,0.863296361,0.429259494,0.861780982,0.438589166,0.86477797,0.100706388,0.320706388,evaluation_selection_50_percent_split
prefer_official_train,pmt_train_and_evaluation_samples_seed_2_241016_with_holdout.csv,train_sample_n_300,catboost,"learning_rate=NA,subsample=0.8,depth=6",1000,0.370627179,0.110225949,0.106196867,0.116229103,0.776147376,0.367150273,0.109084716,0.102675359,0.112864968,0.773119656,0.374215004,0.111386679,0.109492182,0.119343298,0.77896304,evaluation_test_50_percent_split,0.439904546,0.864584191,0.435221389,0.863088057,0.444451139,0.866046435,0.100706388,0.320706388,evaluation_selection_50_percent_split
prefer_official_train,pmt_train_and_evaluation_samples_seed_2_241016_with_holdout.csv,train_sample_n_300,catboost,"learning_rate=NA,subsample=0.8,depth=6",1000,0.373116207,0.110875316,0.10510671,0.115537147,0.772932692,0.371772436,0.110421972,0.103786857,0.114251124,0.771753915,0.374500931,0.111325394,0.106490215,0.116889118,0.77412712,official_holdout_set,0.43795101,0.864176256,0.436080908,0.863589096,0.439805416,0.864763395,0.100706388,0.320706388,evaluation_selection_50_percent_split
prefer_official_train,pmt_train_and_evaluation_samples_seed_2_241016_with_holdout.csv,train_sample_n_3000,catboost,"learning_rate=NA,subsample=0.8,depth=6",1000,0.307052358,0.093214487,0.248918051,0.24917517,0.847495109,0.304337163,0.092309841,0.244327581,0.244595238,0.845145663,0.30979009,0.094148109,0.253434298,0.253732461,0.849757814,evaluation_selection_50_percent_split,0.526276689,0.874606026,0.52174657,0.873124416,0.530927199,0.8760391,0.211863638,0.441863638,evaluation_selection_50_percent_split
prefer_official_train,pmt_train_and_evaluation_samples_seed_2_241016_with_holdout.csv,train_sample_n_3000,catboost,"learning_rate=NA,subsample=0.8,depth=6",1000,0.302786261,0.091791694,0.255677043,0.255854002,0.850706835,0.300098012,0.090915226,0.251027575,0.251209762,0.848397802,0.305506146,0.092702924,0.259920962,0.260121801,0.852918601,evaluation_test_50_percent_split,0.531981209,0.87640221,0.527295915,0.874940087,0.536653562,0.877811318,0.211863638,0.441863638,evaluation_selection_50_percent_split
prefer_official_train,pmt_train_and_evaluation_samples_seed_2_241016_with_holdout.csv,train_sample_n_3000,catboost,"learning_rate=NA,subsample=0.8,depth=6",1000,0.305714819,0.09277298,0.251213705,0.251447797,0.84855037,0.304633111,0.092397543,0.249339538,0.249581524,0.847613294,0.306847568,0.093146978,0.25308119,0.25332665,0.849491749,official_holdout_set,0.527916541,0.875437606,0.526125031,0.874888447,0.529738982,0.876021506,0.211863638,0.441863638,evaluation_selection_50_percent_split
prefer_official_train,pmt_train_and_evaluation_samples_seed_2_241016_with_holdout.csv,train_sample_n_500,catboost,"learning_rate=NA,subsample=0.8,depth=6",1000,0.33801362,0.103125983,0.169055506,0.17151278,0.820607664,0.334972558,0.102095073,0.165417145,0.16781641,0.818115718,0.341009939,0.104181151,0.172826936,0.17514738,0.823093236,evaluation_selection_50_percent_split,0.489191926,0.865058654,0.484660022,0.863567483,0.493578759,0.866569313,0.135525319,0.375525319,evaluation_selection_50_percent_split
prefer_official_train,pmt_train_and_evaluation_samples_seed_2_241016_with_holdout.csv,train_sample_n_500,catboost,"learning_rate=NA,subsample=0.8,depth=6",1000,0.334050323,0.101832856,0.174255004,0.176438481,0.823179846,0.331102424,0.100842,0.170648576,0.172818952,0.820638413,0.337083275,0.102884897,0.177654114,0.179824706,0.825701084,evaluation_test_50_percent_split,0.497529188,0.866259338,0.49290428,0.864690703,0.501909922,0.867673288,0.135525319,0.375525319,evaluation_selection_50_percent_split
prefer_official_train,pmt_train_and_evaluation_samples_seed_2_241016_with_holdout.csv,train_sample_n_500,catboost,"learning_rate=NA,subsample=0.8,depth=6",1000,0.33667978,0.102672567,0.171312476,0.17369261,0.821237255,0.33546756,0.102262728,0.169829789,0.172212288,0.820198499,0.337919768,0.103098236,0.172830506,0.175181385,0.822306073,official_holdout_set,0.491111367,0.865766741,0.489332943,0.865181991,0.492900319,0.866355844,0.135525319,0.375525319,evaluation_selection_50_percent_split
prefer_official_train,pmt_train_and_evaluation_samples_seed_2_241016_with_holdout.csv,train_sample_n_5000,catboost,"learning_rate=NA,subsample=0.8,depth=6",1000,0.301797335,0.091699918,0.261121791,0.261813752,0.854262616,0.299104182,0.090794822,0.256600722,0.257284399,0.852076762,0.30441371,0.092588271,0.265742658,0.266415341,0.85648385,evaluation_selection_50_percent_split,0.532766725,0.876983186,0.528262052,0.875584002,0.53720795,0.878406698,0.21149928,0.44149928,evaluation_selection_50_percent_split
prefer_official_train,pmt_train_and_evaluation_samples_seed_2_241016_with_holdout.csv,train_sample_n_5000,catboost,"learning_rate=NA,subsample=0.8,depth=6",1000,0.297910406,0.090369554,0.267208936,0.267765534,0.856836944,0.295241405,0.089483174,0.262521733,0.263062938,0.854590358,0.300629498,0.091310352,0.271648869,0.27222585,0.859025683,evaluation_test_50_percent_split,0.538240402,0.878198394,0.53361591,0.87677004,0.542765249,0.87956405,0.21149928,0.44149928,evaluation_selection_50_percent_split
prefer_official_train,pmt_train_and_evaluation_samples_seed_2_241016_with_holdout.csv,train_sample_n_5000,catboost,"learning_rate=NA,subsample=0.8,depth=6",1000,0.300284014,0.091228635,0.26367837,0.264331916,0.855548158,0.299203991,0.090869222,0.261767416,0.262427837,0.854619032,0.301430666,0.09160257,0.265523901,0.266183996,0.856435473,official_holdout_set,0.535912206,0.877006227,0.534102457,0.876419067,0.537786003,0.877581361,0.21149928,0.44149928,evaluation_selection_50_percent_split
prefer_official_train,pmt_train_and_evaluation_samples_seed_2_241016_with_holdout.csv,train_sample_n_600,catboost,"learning_rate=NA,subsample=0.8,depth=6",1000,0.333441866,0.101307896,0.183704864,0.185568623,0.824581986,0.330397865,0.1002928,0.1798334,0.181715504,0.822106877,0.336460378,0.102335721,0.187555193,0.189398245,0.827130457,evaluation_selection_50_percent_split,0.499390717,0.86646268,0.494858354,0.864961704,0.503790958,0.867968376,0.144764532,0.374764532,evaluation_selection_50_percent_split
prefer_official_train,pmt_train_and_evaluation_samples_seed_2_241016_with_holdout.csv,train_sample_n_600,catboost,"learning_rate=NA,subsample=0.8,depth=6",1000,0.329419241,0.100001675,0.189103736,0.190731308,0.827332119,0.326380617,0.09900189,0.185046844,0.186710099,0.824730329,0.33251545,0.10101168,0.193024677,0.194635624,0.829812461,evaluation_test_50_percent_split,0.506753454,0.867837656,0.502138028,0.86630279,0.511480365,0.869285496,0.144764532,0.374764532,evaluation_selection_50_percent_split
prefer_official_train,pmt_train_and_evaluation_samples_seed_2_241016_with_holdout.csv,train_sample_n_600,catboost,"learning_rate=NA,subsample=0.8,depth=6",1000,0.332213544,0.100881428,0.185769056,0.187566841,0.82513205,0.330963907,0.100462275,0.184118639,0.18590154,0.824095182,0.333440944,0.101299385,0.187380651,0.189183439,0.826160077,official_holdout_set,0.501613341,0.86720984,0.499776854,0.866598365,0.503401811,0.86779378,0.144764532,0.374764532,evaluation_selection_50_percent_split
prefer_official_train,pmt_train_and_evaluation_samples_seed_2_241016_with_holdout.csv,train_sample_n_6000,catboost,"learning_rate=NA,subsample=0.8,depth=6",1000,0.299711111,0.091225626,0.26494343,0.265221443,0.855916154,0.297076314,0.090329634,0.260254129,0.260450208,0.853743991,0.302291439,0.092099534,0.269615974,0.269929597,0.858102554,evaluation_selection_50_percent_split,0.535301228,0.876988027,0.530735052,0.875598526,0.540027291,0.87841166,0.230990812,0.450990812,evaluation_selection_50_percent_split
prefer_official_train,pmt_train_and_evaluation_samples_seed_2_241016_with_holdout.csv,train_sample_n_6000,catboost,"learning_rate=NA,subsample=0.8,depth=6",1000,0.295063029,0.089606082,0.273399795,0.273594455,0.859274079,0.292431162,0.088741534,0.268569394,0.268735409,0.857110595,0.297742642,0.090517013,0.277830832,0.27805723,0.861453706,evaluation_test_50_percent_split,0.542685479,0.878542138,0.538015568,0.877128309,0.547325083,0.879902711,0.230990812,0.450990812,evaluation_selection_50_percent_split
prefer_official_train,pmt_train_and_evaluation_samples_seed_2_241016_with_holdout.csv,train_sample_n_6000,catboost,"learning_rate=NA,subsample=0.8,depth=6",1000,0.297546902,0.090527478,0.269337523,0.269591059,0.857884908,0.296521091,0.090169226,0.267470605,0.267722202,0.856970758,0.298638422,0.090893008,0.271198224,0.271455477,0.858767386,official_holdout_set,0.540066331,0.877446769,0.538244367,0.876862706,0.541885502,0.87802662,0.230990812,0.450990812,evaluation_selection_50_percent_split
prefer_official_train,pmt_train_and_evaluation_samples_seed_2_241016_with_holdout.csv,train_sample_n_700,catboost,"learning_rate=NA,subsample=0.8,depth=6",1000,0.33342649,0.101940217,0.178609895,0.179860612,0.828316496,0.330416894,0.100886803,0.175247725,0.176460617,0.825939386,0.336304396,0.102958199,0.182179627,0.183440392,0.830775735,evaluation_selection_50_percent_split,0.49798185,0.867246997,0.493480662,0.865784753,0.502342893,0.868762618,0.137862668,0.357862668,evaluation_selection_50_percent_split
prefer_official_train,pmt_train_and_evaluation_samples_seed_2_241016_with_holdout.csv,train_sample_n_700,catboost,"learning_rate=NA,subsample=0.8,depth=6",1000,0.329522077,0.100719915,0.183279646,0.184338623,0.831476864,0.326646379,0.099724177,0.179744717,0.180842769,0.829023002,0.332447329,0.101716969,0.186655912,0.187718725,0.833954851,evaluation_test_50_percent_split,0.504248982,0.867987741,0.499531234,0.866477204,0.508728651,0.869425657,0.137862668,0.357862668,evaluation_selection_50_percent_split
prefer_official_train,pmt_train_and_evaluation_samples_seed_2_241016_with_holdout.csv,train_sample_n_700,catboost,"learning_rate=NA,subsample=0.8,depth=6",1000,0.33209319,0.101496221,0.180806957,0.182003569,0.829086082,0.330914743,0.101093911,0.179354106,0.180538048,0.828081044,0.333305671,0.101913731,0.182235365,0.183448718,0.830070658,official_holdout_set,0.49992177,0.867592074,0.49815048,0.867008903,0.501759161,0.868176825,0.137862668,0.357862668,evaluation_selection_50_percent_split
prefer_official_train,pmt_train_and_evaluation_samples_seed_2_241016_with_holdout.csv,train_sample_n_7000,catboost,"learning_rate=NA,subsample=0.8,depth=6",1000,0.298724287,0.090764552,0.268658562,0.268713126,0.857194382,0.296060042,0.089869645,0.263913211,0.263968301,0.855045374,0.301384331,0.091661709,0.273502238,0.273570102,0.859395997,evaluation_selection_50_percent_split,0.539961628,0.877220417,0.535432343,0.875801868,0.544273771,0.878624564,0.210902421,0.470902421,evaluation_selection_50_percent_split
prefer_official_train,pmt_train_and_evaluation_samples_seed_2_241016_with_holdout.csv,train_sample_n_7000,catboost,"learning_rate=NA,subsample=0.8,depth=6",1000,0.294455831,0.089309256,0.275806705,0.275828787,0.860183172,0.291803885,0.088407919,0.270761999,0.270770063,0.85804456,0.297270426,0.090219007,0.280411009,0.28043936,0.862316345,evaluation_test_50_percent_split,0.543599018,0.879311931,0.539060065,0.877887814,0.548004453,0.880706394,0.210902421,0.470902421,evaluation_selection_50_percent_split
prefer_official_train,pmt_train_and_evaluation_samples_seed_2_241016_with_holdout.csv,train_sample_n_7000,catboost,"learning_rate=NA,subsample=0.8,depth=6",1000,0.296749325,0.090171931,0.27220721,0.27225158,0.858975303,0.295700874,0.08981237,0.270258163,0.270305649,0.858051422,0.297863664,0.090546085,0.274153289,0.274195595,0.859869091,official_holdout_set,0.542793885,0.877701052,0.54102861,0.877114682,0.544560354,0.878277664,0.210902421,0.470902421,evaluation_selection_50_percent_split
prefer_official_train,pmt_train_and_evaluation_samples_seed_2_241016_with_holdout.csv,train_sample_n_900,catboost,"learning_rate=NA,subsample=0.8,depth=6",1000,0.325024236,0.098407692,0.207073458,0.207665558,0.829575033,0.322031782,0.097384871,0.203111518,0.203659247,0.827035387,0.327953551,0.099398805,0.211257226,0.211854599,0.832104078,evaluation_selection_50_percent_split,0.508759517,0.87112017,0.504241261,0.869633719,0.513475358,0.872567768,0.155822857,0.365822857,evaluation_selection_50_percent_split
prefer_official_train,pmt_train_and_evaluation_samples_seed_2_241016_with_holdout.csv,train_sample_n_900,catboost,"learning_rate=NA,subsample=0.8,depth=6",1000,0.321131812,0.097152385,0.212208134,0.212672278,0.832529176,0.318233476,0.096187786,0.207938176,0.208395034,0.829964652,0.324018934,0.098137241,0.216326271,0.216738482,0.835121661,evaluation_test_50_percent_split,0.514502575,0.872393476,0.509736829,0.870936073,0.519246531,0.87385112,0.155822857,0.365822857,evaluation_selection_50_percent_split
prefer_official_train,pmt_train_and_evaluation_samples_seed_2_241016_with_holdout.csv,train_sample_n_900,catboost,"learning_rate=NA,subsample=0.8,depth=6",1000,0.323988584,0.097963185,0.209322689,0.2098785,0.829516004,0.322822242,0.097569535,0.207572865,0.208120191,0.8285171,0.325164164,0.098357951,0.211066633,0.21161246,0.830504824,official_holdout_set,0.509633884,0.871601491,0.507804432,0.87102002,0.511423864,0.872201608,0.155822857,0.365822857,evaluation_selection_50_percent_split
prefer_official_train,pmt_train_and_evaluation_samples_seed_2_241016_with_holdout.csv,train_sample_n_9000,catboost,"learning_rate=NA,subsample=0.8,depth=6",1000,0.297894728,0.090462681,0.271090912,0.271183173,0.857467843,0.295233333,0.089579058,0.266042459,0.266127775,0.855329727,0.300456505,0.091342637,0.276026388,0.276129217,0.859683371,evaluation_selection_50_percent_split,0.539604968,0.877786869,0.535052043,0.876382844,0.543965105,0.879181574,0.220969843,0.480969843,evaluation_selection_50_percent_split
prefer_official_train,pmt_train_and_evaluation_samples_seed_2_241016_with_holdout.csv,train_sample_n_9000,catboost,"learning_rate=NA,subsample=0.8,depth=6",1000,0.293014982,0.088798105,0.279951543,0.279999292,0.8611213,0.290345822,0.087916373,0.274875428,0.274915776,0.858958084,0.295718781,0.089717658,0.28483432,0.284884816,0.863199596,evaluation_test_50_percent_split,0.546774733,0.879495907,0.542044286,0.878057628,0.551146985,0.880827431,0.220969843,0.480969843,evaluation_selection_50_percent_split
prefer_official_train,pmt_train_and_evaluation_samples_seed_2_241016_with_holdout.csv,train_sample_n_9000,catboost,"learning_rate=NA,subsample=0.8,depth=6",1000,0.295806759,0.089776538,0.275398493,0.275477216,0.859203612,0.294733317,0.08941799,0.273362706,0.273440041,0.858303786,0.296913594,0.090143779,0.277510642,0.277591354,0.86009698,official_holdout_set,0.544088421,0.878351337,0.542331203,0.877777134,0.54596264,0.878948194,0.220969843,0.480969843,evaluation_selection_50_percent_split
prefer_official_train,pmt_train_and_evaluation_samples_seed_3_241016_with_holdout.csv,train_sample_n_300,catboost,"learning_rate=NA,subsample=0.8,depth=6",1000,0.348952098,0.107008326,0.133739916,0.134156125,0.792576285,0.346080257,0.105961706,0.131032292,0.131482831,0.790091201,0.35171275,0.10798538,0.136661243,0.137073943,0.795210903,evaluation_selection_50_percent_split,0.437301218,0.860299493,0.433106053,0.858818004,0.441399493,0.861844042,0.15125506,0.40125506,evaluation_selection_50_percent_split
prefer_official_train,pmt_train_and_evaluation_samples_seed_3_241016_with_holdout.csv,train_sample_n_300,catboost,"learning_rate=NA,subsample=0.8,depth=6",1000,0.348085348,0.106843163,0.137671195,0.138142202,0.795874683,0.345251574,0.105822073,0.135032413,0.135516075,0.793440942,0.350874979,0.107850913,0.140659521,0.141169768,0.798527191,evaluation_test_50_percent_split,0.442334599,0.859979956,0.438095287,0.858469419,0.446764686,0.861456725,0.15125506,0.40125506,evaluation_selection_50_percent_split
prefer_official_train,pmt_train_and_evaluation_samples_seed_3_241016_with_holdout.csv,train_sample_n_300,catboost,"learning_rate=NA,subsample=0.8,depth=6",1000,0.349018354,0.107039838,0.136063494,0.13653492,0.79348014,0.347873863,0.106629802,0.134837171,0.135345418,0.792402679,0.350123744,0.107441792,0.137189827,0.137654644,0.794528179,official_holdout_set,0.440242751,0.860137686,0.438424091,0.859527851,0.441922608,0.860736972,0.15125506,0.40125506,evaluation_selection_50_percent_split
prefer_official_train,pmt_train_and_evaluation_samples_seed_3_241016_with_holdout.csv,train_sample_n_3000,catboost,"learning_rate=NA,subsample=0.8,depth=6",1000,0.303121224,0.092484257,0.251316011,0.251350124,0.850711688,0.300503205,0.091589997,0.246748279,0.246765634,0.848511534,0.305692151,0.093353918,0.255884566,0.255961612,0.853057491,evaluation_selection_50_percent_split,0.52983967,0.872916354,0.525249499,0.871516807,0.534251157,0.874364194,0.241452624,0.471452624,evaluation_selection_50_percent_split
prefer_official_train,pmt_train_and_evaluation_samples_seed_3_241016_with_holdout.csv,train_sample_n_3000,catboost,"learning_rate=NA,subsample=0.8,depth=6",1000,0.301784169,0.091954923,0.25783385,0.257884063,0.852297958,0.299166822,0.091051075,0.253226768,0.253262543,0.850115762,0.304327467,0.092806508,0.262481072,0.262565695,0.854515671,evaluation_test_50_percent_split,0.531727165,0.873870123,0.527137278,0.872451452,0.5362104,0.875288672,0.241452624,0.471452624,evaluation_selection_50_percent_split
prefer_official_train,pmt_train_and_evaluation_samples_seed_3_241016_with_holdout.csv,train_sample_n_3000,catboost,"learning_rate=NA,subsample=0.8,depth=6",1000,0.301943332,0.092010447,0.257368237,0.257418341,0.852257939,0.300866469,0.091653762,0.255411541,0.255457786,0.851348084,0.30305041,0.092383783,0.259219417,0.259276296,0.853179561,official_holdout_set,0.533565075,0.873838213,0.531745786,0.873263929,0.535404886,0.87443181,0.241452624,0.471452624,evaluation_selection_50_percent_split
prefer_official_train,pmt_train_and_evaluation_samples_seed_3_241016_with_holdout.csv,train_sample_n_500,catboost,"learning_rate=NA,subsample=0.8,depth=6",1000,0.336829065,0.103715321,0.160397638,0.162685642,0.820571477,0.333915106,0.10268081,0.157554957,0.159920712,0.818248878,0.339687078,0.104714538,0.163400833,0.165658917,0.82298289,evaluation_selection_50_percent_split,0.470192695,0.865150642,0.465961645,0.863635021,0.474520587,0.866699911,0.15816204,0.32816204,evaluation_selection_50_percent_split
prefer_official_train,pmt_train_and_evaluation_samples_seed_3_241016_with_holdout.csv,train_sample_n_500,catboost,"learning_rate=NA,subsample=0.8,depth=6",1000,0.335858386,0.103608911,0.163774764,0.166177533,0.823905123,0.332961659,0.102597337,0.160923607,0.163340566,0.821561339,0.338714971,0.104594218,0.166793119,0.169162193,0.826400535,evaluation_test_50_percent_split,0.478015908,0.865136118,0.473388634,0.86369324,0.482585479,0.866622448,0.15816204,0.32816204,evaluation_selection_50_percent_split
prefer_official_train,pmt_train_and_evaluation_samples_seed_3_241016_with_holdout.csv,train_sample_n_500,catboost,"learning_rate=NA,subsample=0.8,depth=6",1000,0.337104571,0.103850865,0.161802232,0.164209681,0.821053153,0.335928499,0.103445215,0.160600929,0.162984879,0.820047264,0.33827639,0.104260204,0.162960509,0.165372399,0.822030544,official_holdout_set,0.472660867,0.865199058,0.470871008,0.864573837,0.474472994,0.865786298,0.15816204,0.32816204,evaluation_selection_50_percent_split
prefer_official_train,pmt_train_and_evaluation_samples_seed_3_241016_with_holdout.csv,train_sample_n_5000,catboost,"learning_rate=NA,subsample=0.8,depth=6",1000,0.299806845,0.091259966,0.261226966,0.261272934,0.854330933,0.297153697,0.090369939,0.256529494,0.256555819,0.852178206,0.302422846,0.092127712,0.266160562,0.266233114,0.856554127,evaluation_selection_50_percent_split,0.536406868,0.875327404,0.531993975,0.873903771,0.541010492,0.87682378,0.251128027,0.491128027,evaluation_selection_50_percent_split
prefer_official_train,pmt_train_and_evaluation_samples_seed_3_241016_with_holdout.csv,train_sample_n_5000,catboost,"learning_rate=NA,subsample=0.8,depth=6",1000,0.297870629,0.090614732,0.2686505,0.268714596,0.856587491,0.295323527,0.089716642,0.26394823,0.264049651,0.854427372,0.30039016,0.091464801,0.273435368,0.273549105,0.858844957,evaluation_test_50_percent_split,0.538887827,0.876610393,0.534210843,0.875230575,0.543343134,0.878106527,0.251128027,0.491128027,evaluation_selection_50_percent_split
prefer_official_train,pmt_train_and_evaluation_samples_seed_3_241016_with_holdout.csv,train_sample_n_5000,catboost,"learning_rate=NA,subsample=0.8,depth=6",1000,0.298690769,0.090873313,0.266546236,0.266610357,0.855893689,0.297615572,0.090512116,0.264541239,0.264588481,0.854956715,0.29981085,0.091242114,0.268533887,0.268596764,0.856808947,official_holdout_set,0.539203033,0.875862762,0.537409179,0.875283741,0.541079604,0.87645476,0.251128027,0.491128027,evaluation_selection_50_percent_split
prefer_official_train,pmt_train_and_evaluation_samples_seed_3_241016_with_holdout.csv,train_sample_n_600,catboost,"learning_rate=NA,subsample=0.8,depth=6",1000,0.335822193,0.10336274,0.163251875,0.163653905,0.825665403,0.332749329,0.102307205,0.160122276,0.160574075,0.82343118,0.338773685,0.10435093,0.166463698,0.166808081,0.827995676,evaluation_selection_50_percent_split,0.480365467,0.864230764,0.47609913,0.862811851,0.484734523,0.865751226,0.144250773,0.334250773,evaluation_selection_50_percent_split
prefer_official_train,pmt_train_and_evaluation_samples_seed_3_241016_with_holdout.csv,train_sample_n_600,catboost,"learning_rate=NA,subsample=0.8,depth=6",1000,0.334735957,0.103206626,0.167021602,0.167476578,0.828597319,0.331688388,0.102176903,0.16385189,0.164315596,0.826240878,0.337660911,0.104193374,0.170264525,0.170709301,0.830998206,evaluation_test_50_percent_split,0.486789304,0.864511569,0.482400947,0.863024875,0.491155407,0.866046677,0.144250773,0.334250773,evaluation_selection_50_percent_split
prefer_official_train,pmt_train_and_evaluation_samples_seed_3_241016_with_holdout.csv,train_sample_n_600,catboost,"learning_rate=NA,subsample=0.8,depth=6",1000,0.335818153,0.103418876,0.16528889,0.165744369,0.826539445,0.334590135,0.103010516,0.163938269,0.164424086,0.825561142,0.337060804,0.10383353,0.166503448,0.166973716,0.827491262,official_holdout_set,0.483065981,0.864238612,0.481318981,0.863620679,0.484823914,0.8648347,0.144250773,0.334250773,evaluation_selection_50_percent_split
prefer_official_train,pmt_train_and_evaluation_samples_seed_3_241016_with_holdout.csv,train_sample_n_6000,catboost,"learning_rate=NA,subsample=0.8,depth=6",1000,0.297226167,0.090436083,0.26789651,0.268046975,0.8566312,0.294646707,0.089565079,0.263264295,0.26341582,0.854499285,0.299762319,0.09128881,0.272698154,0.272888074,0.858867401,evaluation_selection_50_percent_split,0.538562914,0.87679921,0.534176284,0.875414308,0.543140934,0.878198515,0.261246399,0.481246399,evaluation_selection_50_percent_split
prefer_official_train,pmt_train_and_evaluation_samples_seed_3_241016_with_holdout.csv,train_sample_n_6000,catboost,"learning_rate=NA,subsample=0.8,depth=6",1000,0.295813809,0.089982886,0.273750112,0.273931403,0.858396052,0.293280128,0.089106015,0.269012803,0.269164573,0.856296171,0.298264236,0.090809467,0.278570207,0.278759286,0.860640179,evaluation_test_50_percent_split,0.542081085,0.877515747,0.537490901,0.876126004,0.546592621,0.878939138,0.261246399,0.481246399,evaluation_selection_50_percent_split
prefer_official_train,pmt_train_and_evaluation_samples_seed_3_241016_with_holdout.csv,train_sample_n_6000,catboost,"learning_rate=NA,subsample=0.8,depth=6",1000,0.296604879,0.090240296,0.271655418,0.271836968,0.85769812,0.295540715,0.089887513,0.269600303,0.26978911,0.856778593,0.297677616,0.090603542,0.273604675,0.273815729,0.858597118,official_holdout_set,0.541690927,0.876708213,0.539767134,0.876106477,0.543527065,0.877267009,0.261246399,0.481246399,evaluation_selection_50_percent_split
prefer_official_train,pmt_train_and_evaluation_samples_seed_3_241016_with_holdout.csv,train_sample_n_700,catboost,"learning_rate=NA,subsample=0.8,depth=6",1000,0.322099492,0.099238653,0.196637428,0.196761747,0.82930565,0.319403517,0.098269411,0.193269819,0.193383355,0.827103469,0.324637904,0.100148219,0.200271448,0.200390736,0.831686747,evaluation_selection_50_percent_split,0.485074425,0.865445972,0.480760484,0.864041946,0.489444269,0.866903374,0.194401737,0.434401737,evaluation_selection_50_percent_split
prefer_official_train,pmt_train_and_evaluation_samples_seed_3_241016_with_holdout.csv,train_sample_n_700,catboost,"learning_rate=NA,subsample=0.8,depth=6",1000,0.321084047,0.09898731,0.20107561,0.201230109,0.83186006,0.318474532,0.098075429,0.197459104,0.197596465,0.829510052,0.323629966,0.099897554,0.204695224,0.204887935,0.834288356,evaluation_test_50_percent_split,0.492491445,0.865058654,0.488075206,0.863639984,0.497030603,0.866525982,0.194401737,0.434401737,evaluation_selection_50_percent_split
prefer_official_train,pmt_train_and_evaluation_samples_seed_3_241016_with_holdout.csv,train_sample_n_700,catboost,"learning_rate=NA,subsample=0.8,depth=6",1000,0.321923655,0.099216473,0.199207186,0.19936179,0.830462765,0.320833904,0.09884164,0.197685053,0.197844295,0.829516137,0.323005132,0.099599498,0.20064607,0.20080996,0.831371348,official_holdout_set,0.489292061,0.864854075,0.487572841,0.864233692,0.491033406,0.865464759,0.194401737,0.434401737,evaluation_selection_50_percent_split
prefer_official_train,pmt_train_and_evaluation_samples_seed_3_241016_with_holdout.csv,train_sample_n_7000,catboost,"learning_rate=NA,subsample=0.8,depth=6",1000,0.296253642,0.090145624,0.270247849,0.270376015,0.857770551,0.29365342,0.08925977,0.265540305,0.265596368,0.855650228,0.298808331,0.090979128,0.275156541,0.275282075,0.859940422,evaluation_selection_50_percent_split,0.541114616,0.876852466,0.536768285,0.875443599,0.545621059,0.878280699,0.271052324,0.511052324,evaluation_selection_50_percent_split
prefer_official_train,pmt_train_and_evaluation_samples_seed_3_241016_with_holdout.csv,train_sample_n_7000,catboost,"learning_rate=NA,subsample=0.8,depth=6",1000,0.295132399,0.08984071,0.274897618,0.275054682,0.859490542,0.292549618,0.088971109,0.270087924,0.270225966,0.857414826,0.297598045,0.090652475,0.279803579,0.27999882,0.861637207,evaluation_test_50_percent_split,0.5421289,0.877133271,0.537583701,0.875734087,0.546716523,0.878571429,0.271052324,0.511052324,evaluation_selection_50_percent_split
prefer_official_train,pmt_train_and_evaluation_samples_seed_3_241016_with_holdout.csv,train_sample_n_7000,catboost,"learning_rate=NA,subsample=0.8,depth=6",1000,0.29548484,0.089908957,0.274329709,0.274486651,0.859042068,0.294407642,0.089565593,0.272332323,0.272471329,0.85814253,0.296568225,0.090268205,0.276344941,0.27650344,0.859958012,official_holdout_set,0.543547259,0.876609415,0.54170272,0.876015757,0.545395696,0.877188497,0.271052324,0.511052324,evaluation_selection_50_percent_split
prefer_official_train,pmt_train_and_evaluation_samples_seed_3_241016_with_holdout.csv,train_sample_n_900,catboost,"learning_rate=NA,subsample=0.8,depth=6",1000,0.322616014,0.099154165,0.197321383,0.198661408,0.835792308,0.319694191,0.098167903,0.193720705,0.195070307,0.833478508,0.325379455,0.100086223,0.200933593,0.202271739,0.838085026,evaluation_selection_50_percent_split,0.500860021,0.866249655,0.496503358,0.86485035,0.505228081,0.86775051,0.172184365,0.392184365,evaluation_selection_50_percent_split
prefer_official_train,pmt_train_and_evaluation_samples_seed_3_241016_with_holdout.csv,train_sample_n_900,catboost,"learning_rate=NA,subsample=0.8,depth=6",1000,0.321373452,0.098883485,0.201913577,0.203340181,0.838331261,0.318547359,0.097929998,0.198266387,0.199650285,0.836043611,0.324188229,0.099833643,0.205647839,0.207076345,0.840655748,evaluation_test_50_percent_split,0.506584735,0.866622448,0.502115535,0.865160204,0.511151707,0.86807985,0.172184365,0.392184365,evaluation_selection_50_percent_split
prefer_official_train,pmt_train_and_evaluation_samples_seed_3_241016_with_holdout.csv,train_sample_n_900,catboost,"learning_rate=NA,subsample=0.8,depth=6",1000,0.322304424,0.09915014,0.199742576,0.201172307,0.837114858,0.321115971,0.098758783,0.198253811,0.199703294,0.836178902,0.323497196,0.099544294,0.201195143,0.20264098,0.838015035,official_holdout_set,0.504497479,0.865948951,0.502745462,0.865347093,0.506330253,0.866531251,0.172184365,0.392184365,evaluation_selection_50_percent_split
prefer_official_train,pmt_train_and_evaluation_samples_seed_3_241016_with_holdout.csv,train_sample_n_9000,catboost,"learning_rate=NA,subsample=0.8,depth=6",1000,0.294632569,0.089770011,0.273288533,0.273395349,0.860077921,0.292054922,0.088905454,0.268582944,0.268678026,0.857980314,0.297135114,0.09061177,0.278286621,0.278406404,0.862234104,evaluation_selection_50_percent_split,0.541807893,0.877399552,0.537454653,0.875995405,0.546230448,0.878827905,0.261252722,0.511252722,evaluation_selection_50_percent_split
prefer_official_train,pmt_train_and_evaluation_samples_seed_3_241016_with_holdout.csv,train_sample_n_9000,catboost,"learning_rate=NA,subsample=0.8,depth=6",1000,0.293169092,0.089252568,0.279644496,0.279777549,0.861829176,0.290636672,0.088382382,0.274822384,0.274930669,0.859797047,0.295579701,0.090054072,0.284734471,0.284904271,0.863969269,evaluation_test_50_percent_split,0.546341463,0.877840125,0.541879699,0.876465028,0.550854941,0.879282882,0.261252722,0.511252722,evaluation_selection_50_percent_split
prefer_official_train,pmt_train_and_evaluation_samples_seed_3_241016_with_holdout.csv,train_sample_n_9000,catboost,"learning_rate=NA,subsample=0.8,depth=6",1000,0.293891662,0.089463945,0.277921478,0.278054625,0.861156662,0.292852509,0.089115075,0.275846016,0.275986374,0.860236375,0.29495407,0.089814246,0.280002505,0.280146151,0.862081912,official_holdout_set,0.545237758,0.877279946,0.54339351,0.876703293,0.547045273,0.877871175,0.261252722,0.511252722,evaluation_selection_50_percent_split
prefer_official_train,pmt_train_and_evaluation_samples_seed_4_241016_with_holdout.csv,train_sample_n_300,catboost,"learning_rate=NA,subsample=0.8,depth=6",1000,0.347327721,0.10685384,0.138517163,0.139475153,0.810000413,0.344411538,0.105826088,0.135860557,0.136838108,0.807514219,0.350196782,0.107856302,0.141189488,0.142098111,0.812552387,evaluation_selection_50_percent_split,0.467846716,0.862323226,0.463444626,0.860899472,0.472142737,0.86381936,0.139236626,0.319236626,evaluation_selection_50_percent_split
prefer_official_train,pmt_train_and_evaluation_samples_seed_4_241016_with_holdout.csv,train_sample_n_300,catboost,"learning_rate=NA,subsample=0.8,depth=6",1000,0.345929144,0.106371636,0.137956643,0.138778332,0.810036477,0.342997339,0.105334523,0.135366756,0.136189502,0.807518333,0.348846934,0.107381415,0.140612826,0.141405429,0.812552359,evaluation_test_50_percent_split,0.464329409,0.863209214,0.459834841,0.86175157,0.468814109,0.864666738,0.139236626,0.319236626,evaluation_selection_50_percent_split
prefer_official_train,pmt_train_and_evaluation_samples_seed_4_241016_with_holdout.csv,train_sample_n_300,catboost,"learning_rate=NA,subsample=0.8,depth=6",1000,0.34756627,0.106872484,0.137414236,0.138343273,0.808416876,0.346374598,0.106454147,0.136333884,0.137304694,0.807372268,0.348747356,0.107297129,0.138543971,0.139428983,0.809495532,official_holdout_set,0.464767919,0.86236226,0.463038998,0.86177836,0.466523032,0.862971487,0.139236626,0.319236626,evaluation_selection_50_percent_split
prefer_official_train,pmt_train_and_evaluation_samples_seed_4_241016_with_holdout.csv,train_sample_n_3000,catboost,"learning_rate=NA,subsample=0.8,depth=6",1000,0.302820248,0.092360358,0.255367303,0.255393381,0.853087065,0.300276141,0.091458391,0.250538381,0.250566171,0.850855037,0.305381601,0.09324308,0.260261038,0.260309224,0.855295937,evaluation_selection_50_percent_split,0.533748851,0.874969136,0.529152098,0.873584355,0.538166236,0.876349075,0.202405429,0.452405429,evaluation_selection_50_percent_split
prefer_official_train,pmt_train_and_evaluation_samples_seed_4_241016_with_holdout.csv,train_sample_n_3000,catboost,"learning_rate=NA,subsample=0.8,depth=6",1000,0.302620264,0.091997034,0.254449453,0.254457919,0.850677756,0.300098132,0.091117955,0.249717722,0.24971881,0.848526268,0.305250517,0.092901728,0.259149756,0.259168476,0.852907045,evaluation_test_50_percent_split,0.528829722,0.87610688,0.524412327,0.874751149,0.533300884,0.877501222,0.202405429,0.452405429,evaluation_selection_50_percent_split
prefer_official_train,pmt_train_and_evaluation_samples_seed_4_241016_with_holdout.csv,train_sample_n_3000,catboost,"learning_rate=NA,subsample=0.8,depth=6",1000,0.302894943,0.092189044,0.255926745,0.255948226,0.85180422,0.30185258,0.091816148,0.253842099,0.253864076,0.850844002,0.303992537,0.092559603,0.257919838,0.257945841,0.852707007,official_holdout_set,0.531215523,0.87551211,0.529392118,0.874945195,0.533004371,0.876077424,0.202405429,0.452405429,evaluation_selection_50_percent_split
prefer_official_train,pmt_train_and_evaluation_samples_seed_4_241016_with_holdout.csv,train_sample_n_500,catboost,"learning_rate=NA,subsample=0.8,depth=6",1000,0.346473503,0.104555778,0.157044729,0.157385662,0.798170171,0.343483388,0.10355532,0.153435117,0.153794001,0.795607374,0.349463749,0.105543678,0.160623503,0.160931679,0.800868064,evaluation_selection_50_percent_split,0.455637616,0.865484703,0.45124381,0.864017618,0.460085501,0.866942106,0.154931143,0.384931143,evaluation_selection_50_percent_split
prefer_official_train,pmt_train_and_evaluation_samples_seed_4_241016_with_holdout.csv,train_sample_n_500,catboost,"learning_rate=NA,subsample=0.8,depth=6",1000,0.345565175,0.10416934,0.155804208,0.156065731,0.796968152,0.342529544,0.103179504,0.152222913,0.15249032,0.794354221,0.348651078,0.105177336,0.159313792,0.159580279,0.79954202,evaluation_test_50_percent_split,0.45263625,0.866486887,0.448231098,0.865063375,0.457377772,0.867910399,0.154931143,0.384931143,evaluation_selection_50_percent_split
prefer_official_train,pmt_train_and_evaluation_samples_seed_4_241016_with_holdout.csv,train_sample_n_500,catboost,"learning_rate=NA,subsample=0.8,depth=6",1000,0.346757464,0.104601222,0.155745972,0.15606945,0.796721094,0.345504897,0.104185849,0.154267722,0.154586769,0.79561268,0.348028968,0.105016783,0.157269293,0.157572447,0.797836343,official_holdout_set,0.452262024,0.865777269,0.450430431,0.865181039,0.454011176,0.866373316,0.154931143,0.384931143,evaluation_selection_50_percent_split
prefer_official_train,pmt_train_and_evaluation_samples_seed_4_241016_with_holdout.csv,train_sample_n_5000,catboost,"learning_rate=NA,subsample=0.8,depth=6",1000,0.297182135,0.090725758,0.268545869,0.268547251,0.858935709,0.294613831,0.089857238,0.263447838,0.263447924,0.856709515,0.299789753,0.091613656,0.273514976,0.273515589,0.861142444,evaluation_selection_50_percent_split,0.539760826,0.87630538,0.535325951,0.87489143,0.544222246,0.877636784,0.241706381,0.491706381,evaluation_selection_50_percent_split
prefer_official_train,pmt_train_and_evaluation_samples_seed_4_241016_with_holdout.csv,train_sample_n_5000,catboost,"learning_rate=NA,subsample=0.8,depth=6",1000,0.297574159,0.090499879,0.266582503,0.266583533,0.856057902,0.295127104,0.089651582,0.26162455,0.261631128,0.853884515,0.300202345,0.091400081,0.271380993,0.271394462,0.858147556,evaluation_test_50_percent_split,0.535669103,0.877147795,0.53120307,0.875762894,0.540101455,0.878542259,0.241706381,0.491706381,evaluation_selection_50_percent_split
prefer_official_train,pmt_train_and_evaluation_samples_seed_4_241016_with_holdout.csv,train_sample_n_5000,catboost,"learning_rate=NA,subsample=0.8,depth=6",1000,0.297618464,0.090671625,0.268174096,0.268174597,0.857483736,0.296587388,0.090326836,0.266019042,0.26601907,0.856554542,0.298747441,0.091038885,0.270224962,0.270225111,0.858384657,official_holdout_set,0.539135909,0.876351083,0.537202953,0.875780059,0.540987191,0.876920386,0.241706381,0.491706381,evaluation_selection_50_percent_split
prefer_official_train,pmt_train_and_evaluation_samples_seed_4_241016_with_holdout.csv,train_sample_n_600,catboost,"learning_rate=NA,subsample=0.8,depth=6",1000,0.334216821,0.100797115,0.187348024,0.187368109,0.81521165,0.331273471,0.099831899,0.183146952,0.183157513,0.812720731,0.337079531,0.101758776,0.191433556,0.19143578,0.817844016,evaluation_selection_50_percent_split,0.483668207,0.867987741,0.479030138,0.866597756,0.487796787,0.869387046,0.143456957,0.423456957,evaluation_selection_50_percent_split
prefer_official_train,pmt_train_and_evaluation_samples_seed_4_241016_with_holdout.csv,train_sample_n_600,catboost,"learning_rate=NA,subsample=0.8,depth=6",1000,0.333317954,0.100399365,0.186356357,0.186361125,0.813833478,0.330456982,0.099439945,0.182187082,0.182193831,0.811253169,0.336260842,0.101374653,0.190494814,0.190500445,0.816427069,evaluation_test_50_percent_split,0.47933018,0.868607449,0.474940364,0.867208265,0.483904898,0.869982547,0.143456957,0.423456957,evaluation_selection_50_percent_split
prefer_official_train,pmt_train_and_evaluation_samples_seed_4_241016_with_holdout.csv,train_sample_n_600,catboost,"learning_rate=NA,subsample=0.8,depth=6",1000,0.334258426,0.10077684,0.186613201,0.186629136,0.814212548,0.333010698,0.100370642,0.184826998,0.184835733,0.813118786,0.335501281,0.101189923,0.188440369,0.188455379,0.815302489,official_holdout_set,0.480814026,0.868214016,0.479042001,0.867603351,0.482584773,0.868810205,0.143456957,0.423456957,evaluation_selection_50_percent_split
prefer_official_train,pmt_train_and_evaluation_samples_seed_4_241016_with_holdout.csv,train_sample_n_6000,catboost,"learning_rate=NA,subsample=0.8,depth=6",1000,0.298080854,0.09096899,0.266584863,0.266709103,0.858843891,0.295466373,0.090091333,0.261517506,0.261652502,0.856648416,0.3007241,0.091848703,0.27146141,0.271596964,0.861066002,evaluation_selection_50_percent_split,0.538897942,0.876426417,0.53432999,0.875065965,0.543490747,0.877801514,0.231233189,0.481233189,evaluation_selection_50_percent_split
prefer_official_train,pmt_train_and_evaluation_samples_seed_4_241016_with_holdout.csv,train_sample_n_6000,catboost,"learning_rate=NA,subsample=0.8,depth=6",1000,0.298111719,0.09064957,0.265369399,0.265450177,0.85646769,0.295563213,0.089771295,0.260572648,0.260640304,0.854312971,0.300746223,0.091553694,0.270077593,0.270193701,0.85854833,evaluation_test_50_percent_split,0.534703825,0.877113905,0.530101844,0.875719442,0.539108947,0.878489003,0.231233189,0.481233189,evaluation_selection_50_percent_split
prefer_official_train,pmt_train_and_evaluation_samples_seed_4_241016_with_holdout.csv,train_sample_n_6000,catboost,"learning_rate=NA,subsample=0.8,depth=6",1000,0.298396461,0.090905031,0.266290237,0.266404414,0.857749316,0.297344905,0.090545019,0.264163909,0.264277387,0.856829711,0.299513263,0.091277895,0.268306411,0.268430508,0.858642793,official_holdout_set,0.539150762,0.876646667,0.537226671,0.876070885,0.540975594,0.877214371,0.231233189,0.481233189,evaluation_selection_50_percent_split
prefer_official_train,pmt_train_and_evaluation_samples_seed_4_241016_with_holdout.csv,train_sample_n_700,catboost,"learning_rate=NA,subsample=0.8,depth=6",1000,0.335743231,0.101722197,0.179889776,0.180306548,0.81668909,0.332845897,0.100755464,0.175611675,0.176053433,0.814347231,0.33862144,0.102676951,0.183939341,0.184373718,0.819177702,evaluation_selection_50_percent_split,0.479961832,0.866138301,0.475363261,0.864709948,0.484334854,0.867610349,0.152990765,0.452990765,evaluation_selection_50_percent_split
prefer_official_train,pmt_train_and_evaluation_samples_seed_4_241016_with_holdout.csv,train_sample_n_700,catboost,"learning_rate=NA,subsample=0.8,depth=6",1000,0.334682255,0.101191388,0.179937747,0.180267073,0.815052789,0.331792145,0.100226672,0.175700426,0.176013253,0.812509556,0.337608244,0.102157247,0.184212469,0.184537707,0.817564347,evaluation_test_50_percent_split,0.477257727,0.867227631,0.472770023,0.865788869,0.481791303,0.868651385,0.152990765,0.452990765,evaluation_selection_50_percent_split
prefer_official_train,pmt_train_and_evaluation_samples_seed_4_241016_with_holdout.csv,train_sample_n_700,catboost,"learning_rate=NA,subsample=0.8,depth=6",1000,0.335759839,0.101623188,0.17978219,0.180179458,0.815399354,0.334500252,0.10121361,0.178035192,0.178427021,0.814325251,0.337011891,0.102045791,0.181498856,0.181903312,0.816462798,official_holdout_set,0.477609846,0.866729617,0.475743605,0.866114073,0.479327796,0.867333074,0.152990765,0.452990765,evaluation_selection_50_percent_split
prefer_official_train,pmt_train_and_evaluation_samples_seed_4_241016_with_holdout.csv,train_sample_n_7000,catboost,"learning_rate=NA,subsample=0.8,depth=6",1000,0.297075556,0.090599108,0.269566951,0.269604133,0.85972802,0.294555461,0.089734519,0.264276265,0.264296146,0.857535768,0.299751497,0.091474559,0.274738447,0.274799297,0.861876737,evaluation_selection_50_percent_split,0.541648696,0.876576502,0.53710036,0.875148149,0.546090512,0.877947243,0.221043736,0.501043736,evaluation_selection_50_percent_split
prefer_official_train,pmt_train_and_evaluation_samples_seed_4_241016_with_holdout.csv,train_sample_n_7000,catboost,"learning_rate=NA,subsample=0.8,depth=6",1000,0.297348501,0.090359574,0.267719546,0.267734971,0.857043466,0.294821205,0.089496507,0.262487837,0.262518241,0.854899593,0.299957751,0.091257722,0.272746059,0.272804633,0.859144206,evaluation_test_50_percent_split,0.537372691,0.877995052,0.532945493,0.876581223,0.541726303,0.879360588,0.221043736,0.501043736,evaluation_selection_50_percent_split
prefer_official_train,pmt_train_and_evaluation_samples_seed_4_241016_with_holdout.csv,train_sample_n_7000,catboost,"learning_rate=NA,subsample=0.8,depth=6",1000,0.297615611,0.090603743,0.268721978,0.268753742,0.858345195,0.296564941,0.090255879,0.266530643,0.266554939,0.85742921,0.298727004,0.090972122,0.270830442,0.270863803,0.859223656,official_holdout_set,0.540074396,0.876760851,0.538259307,0.87618183,0.54186348,0.877330195,0.221043736,0.501043736,evaluation_selection_50_percent_split
prefer_official_train,pmt_train_and_evaluation_samples_seed_4_241016_with_holdout.csv,train_sample_n_900,catboost,"learning_rate=NA,subsample=0.8,depth=6",1000,0.326624463,0.099332893,0.199152957,0.199610182,0.828696201,0.323768627,0.098367915,0.194547746,0.194961617,0.826357339,0.329394414,0.100281166,0.203488794,0.204023025,0.831093579,evaluation_selection_50_percent_split,0.498651651,0.86801679,0.494093337,0.866661059,0.503167762,0.869440181,0.153810738,0.433810738,evaluation_selection_50_percent_split
prefer_official_train,pmt_train_and_evaluation_samples_seed_4_241016_with_holdout.csv,train_sample_n_900,catboost,"learning_rate=NA,subsample=0.8,depth=6",1000,0.325357492,0.098731128,0.199875874,0.200242105,0.827383249,0.322523124,0.097785236,0.195586485,0.195917053,0.825076862,0.328234479,0.099702243,0.204232815,0.204635008,0.829817275,evaluation_test_50_percent_split,0.494604996,0.869464389,0.48995886,0.868026231,0.499049775,0.870849048,0.153810738,0.433810738,evaluation_selection_50_percent_split
prefer_official_train,pmt_train_and_evaluation_samples_seed_4_241016_with_holdout.csv,train_sample_n_900,catboost,"learning_rate=NA,subsample=0.8,depth=6",1000,0.326444153,0.099164022,0.199630526,0.200067266,0.827674784,0.325267296,0.098771963,0.197796485,0.198229563,0.826638201,0.327670709,0.099577776,0.201400273,0.201856026,0.828699685,official_holdout_set,0.4970061,0.868582484,0.495126219,0.867945055,0.498732262,0.869182682,0.153810738,0.433810738,evaluation_selection_50_percent_split
prefer_official_train,pmt_train_and_evaluation_samples_seed_4_241016_with_holdout.csv,train_sample_n_9000,catboost,"learning_rate=NA,subsample=0.8,depth=6",1000,0.295148016,0.09020995,0.272704439,0.272711331,0.861535778,0.292634204,0.089359185,0.267682122,0.267685028,0.859381999,0.297684676,0.091074639,0.277653128,0.277674679,0.863693774,evaluation_selection_50_percent_split,0.543352084,0.87679921,0.538544938,0.875419271,0.547777574,0.878145137,0.240705488,0.490705488,evaluation_selection_50_percent_split
prefer_official_train,pmt_train_and_evaluation_samples_seed_4_241016_with_holdout.csv,train_sample_n_9000,catboost,"learning_rate=NA,subsample=0.8,depth=6",1000,0.295294745,0.089956333,0.270987435,0.270987634,0.859166916,0.29277367,0.089092504,0.266086675,0.266086916,0.85703664,0.297850424,0.09082817,0.275786129,0.275798103,0.861208342,evaluation_test_50_percent_split,0.539174238,0.87775782,0.534602617,0.876363357,0.543692606,0.879161966,0.240705488,0.490705488,evaluation_selection_50_percent_split
prefer_official_train,pmt_train_and_evaluation_samples_seed_4_241016_with_holdout.csv,train_sample_n_9000,catboost,"learning_rate=NA,subsample=0.8,depth=6",1000,0.29556068,0.090191471,0.272049496,0.272054163,0.860312509,0.294539956,0.08983839,0.269906439,0.269908003,0.859412668,0.296637362,0.090549919,0.274077329,0.274086391,0.861196591,official_holdout_set,0.542777711,0.876839404,0.54091956,0.876254613,0.544655324,0.877419235,0.240705488,0.490705488,evaluation_selection_50_percent_split
prefer_official_train,pmt_train_and_evaluation_samples_seed_5_241016_with_holdout.csv,train_sample_n_300,catboost,"learning_rate=NA,subsample=0.8,depth=6",1000,0.345544945,0.105385106,0.150099427,0.153314092,0.808337262,0.342560251,0.104325297,0.147217321,0.150536296,0.80580569,0.348512661,0.106437384,0.153110967,0.15621169,0.810968844,evaluation_selection_50_percent_split,0.470282275,0.868224973,0.46564166,0.866772412,0.474886921,0.869701741,0.140135831,0.300135831,evaluation_selection_50_percent_split
prefer_official_train,pmt_train_and_evaluation_samples_seed_5_241016_with_holdout.csv,train_sample_n_300,catboost,"learning_rate=NA,subsample=0.8,depth=6",1000,0.345016057,0.105113105,0.148417403,0.15142144,0.806133853,0.3420388,0.104057977,0.14540365,0.148497434,0.803557338,0.347949832,0.106171695,0.151293241,0.154240068,0.808668852,evaluation_test_50_percent_split,0.468040117,0.868888254,0.463151005,0.867416327,0.472713993,0.870350498,0.140135831,0.300135831,evaluation_selection_50_percent_split
prefer_official_train,pmt_train_and_evaluation_samples_seed_5_241016_with_holdout.csv,train_sample_n_300,catboost,"learning_rate=NA,subsample=0.8,depth=6",1000,0.345154243,0.105240695,0.150584679,0.153758963,0.808167539,0.344036391,0.104836364,0.149416483,0.152604707,0.807055095,0.346297954,0.105652491,0.151774837,0.154927211,0.809228793,official_holdout_set,0.472158933,0.868433477,0.470228739,0.867844718,0.474063967,0.86900442,0.140135831,0.300135831,evaluation_selection_50_percent_split
prefer_official_train,pmt_train_and_evaluation_samples_seed_5_241016_with_holdout.csv,train_sample_n_3000,catboost,"learning_rate=NA,subsample=0.8,depth=6",1000,0.301967141,0.092322528,0.255445358,0.256220031,0.854543394,0.299267201,0.09140351,0.250959627,0.251727063,0.852422396,0.304600757,0.093216041,0.259877894,0.260719774,0.856683947,evaluation_selection_50_percent_split,0.535755157,0.874112196,0.530976845,0.872679001,0.540163496,0.875554953,0.221030836,0.461030836,evaluation_selection_50_percent_split
prefer_official_train,pmt_train_and_evaluation_samples_seed_5_241016_with_holdout.csv,train_sample_n_3000,catboost,"learning_rate=NA,subsample=0.8,depth=6",1000,0.302292583,0.092365834,0.251690482,0.252367238,0.852696115,0.299571584,0.091434694,0.247148444,0.247753927,0.850571111,0.304953053,0.093250906,0.25638103,0.257061585,0.854854968,evaluation_test_50_percent_split,0.529541446,0.874378477,0.525040811,0.87290183,0.53367656,0.875845441,0.221030836,0.461030836,evaluation_selection_50_percent_split
prefer_official_train,pmt_train_and_evaluation_samples_seed_5_241016_with_holdout.csv,train_sample_n_3000,catboost,"learning_rate=NA,subsample=0.8,depth=6",1000,0.301705057,0.09225181,0.255420157,0.256176554,0.854531918,0.300635698,0.091889004,0.253534161,0.25427141,0.853595439,0.302797245,0.092626406,0.257292499,0.25805649,0.855450323,official_holdout_set,0.534715092,0.874065772,0.532888839,0.873466283,0.536600731,0.874634346,0.221030836,0.461030836,evaluation_selection_50_percent_split
prefer_official_train,pmt_train_and_evaluation_samples_seed_5_241016_with_holdout.csv,train_sample_n_500,catboost,"learning_rate=NA,subsample=0.8,depth=6",1000,0.343535531,0.1046928,0.155682676,0.158141624,0.808831035,0.340643352,0.103642849,0.15266811,0.155109715,0.806198983,0.346436728,0.105733073,0.158720361,0.161168993,0.811453187,evaluation_selection_50_percent_split,0.478616777,0.865586374,0.474385457,0.864056471,0.482893124,0.867034215,0.138595393,0.328595393,evaluation_selection_50_percent_split
prefer_official_train,pmt_train_and_evaluation_samples_seed_5_241016_with_holdout.csv,train_sample_n_500,catboost,"learning_rate=NA,subsample=0.8,depth=6",1000,0.342973626,0.104396617,0.154222094,0.156494901,0.806901064,0.339965089,0.103319749,0.151109751,0.153426881,0.80421705,0.345874087,0.105432266,0.15747458,0.159638719,0.809418435,evaluation_test_50_percent_split,0.474603433,0.865881704,0.470106028,0.864409656,0.479077522,0.86741669,0.138595393,0.328595393,evaluation_selection_50_percent_split
prefer_official_train,pmt_train_and_evaluation_samples_seed_5_241016_with_holdout.csv,train_sample_n_500,catboost,"learning_rate=NA,subsample=0.8,depth=6",1000,0.34376981,0.104630018,0.155513557,0.157939069,0.80656874,0.342623941,0.104225099,0.154211986,0.156603625,0.805494997,0.344942908,0.105034008,0.156762421,0.159168837,0.807638146,official_holdout_set,0.476151358,0.866019405,0.474362354,0.865422507,0.477887943,0.866587169,0.138595393,0.328595393,evaluation_selection_50_percent_split
prefer_official_train,pmt_train_and_evaluation_samples_seed_5_241016_with_holdout.csv,train_sample_n_5000,catboost,"learning_rate=NA,subsample=0.8,depth=6",1000,0.297186111,0.090574184,0.269545249,0.269682707,0.858134401,0.294646938,0.089697681,0.264897736,0.265004208,0.856020493,0.299741597,0.091471329,0.274159837,0.274285783,0.860237939,evaluation_selection_50_percent_split,0.539156799,0.876842783,0.534626366,0.875395064,0.543724729,0.878212918,0.221544213,0.451544213,evaluation_selection_50_percent_split
prefer_official_train,pmt_train_and_evaluation_samples_seed_5_241016_with_holdout.csv,train_sample_n_5000,catboost,"learning_rate=NA,subsample=0.8,depth=6",1000,0.297800206,0.090684535,0.265311667,0.265408657,0.855922383,0.295210184,0.089808999,0.260738202,0.260870947,0.853739837,0.300285992,0.091570557,0.269603055,0.269724485,0.858031952,evaluation_test_50_percent_split,0.532585784,0.876891198,0.528128746,0.875472648,0.536876197,0.878367966,0.221544213,0.451544213,evaluation_selection_50_percent_split
prefer_official_train,pmt_train_and_evaluation_samples_seed_5_241016_with_holdout.csv,train_sample_n_5000,catboost,"learning_rate=NA,subsample=0.8,depth=6",1000,0.297275798,0.090573169,0.268968744,0.269098575,0.857699367,0.296260667,0.090225154,0.267030874,0.267159751,0.856796672,0.298351247,0.090934181,0.270819022,0.270952899,0.858626099,official_holdout_set,0.53727523,0.876964116,0.535452561,0.876376106,0.539102871,0.877530301,0.221544213,0.451544213,evaluation_selection_50_percent_split
prefer_official_train,pmt_train_and_evaluation_samples_seed_5_241016_with_holdout.csv,train_sample_n_600,catboost,"learning_rate=NA,subsample=0.8,depth=6",1000,0.333876217,0.101719286,0.179663207,0.18276605,0.824671772,0.330950861,0.100694022,0.176101193,0.179261102,0.822138311,0.336810896,0.102747903,0.183120153,0.18624954,0.827151313,evaluation_selection_50_percent_split,0.49205435,0.868767217,0.487624086,0.867251233,0.496374574,0.87022462,0.129335137,0.379335137,evaluation_selection_50_percent_split
prefer_official_train,pmt_train_and_evaluation_samples_seed_5_241016_with_holdout.csv,train_sample_n_600,catboost,"learning_rate=NA,subsample=0.8,depth=6",1000,0.333666717,0.101551136,0.177274993,0.180177233,0.822726779,0.330748478,0.100534992,0.17358296,0.176524673,0.82021493,0.336578649,0.102608019,0.181031912,0.183815993,0.825113179,evaluation_test_50_percent_split,0.485066779,0.869280413,0.480668116,0.867808607,0.489454679,0.870766743,0.129335137,0.379335137,evaluation_selection_50_percent_split
prefer_official_train,pmt_train_and_evaluation_samples_seed_5_241016_with_holdout.csv,train_sample_n_600,catboost,"learning_rate=NA,subsample=0.8,depth=6",1000,0.333910804,0.101660703,0.179479399,0.182545703,0.823553254,0.332773318,0.101259088,0.177990823,0.181067528,0.822520224,0.335066163,0.102067664,0.180926722,0.183997328,0.824564644,official_holdout_set,0.488612347,0.86886997,0.48685447,0.868290119,0.490368134,0.869449112,0.129335137,0.379335137,evaluation_selection_50_percent_split
prefer_official_train,pmt_train_and_evaluation_samples_seed_5_241016_with_holdout.csv,train_sample_n_6000,catboost,"learning_rate=NA,subsample=0.8,depth=6",1000,0.296929591,0.090387653,0.271049566,0.271313182,0.858758836,0.294357703,0.089530834,0.266397782,0.266612648,0.856707078,0.299540964,0.091290585,0.275603561,0.275895551,0.860841521,evaluation_selection_50_percent_split,0.540185031,0.877070332,0.535699777,0.875675869,0.544918369,0.878435746,0.232140256,0.472140256,evaluation_selection_50_percent_split
prefer_official_train,pmt_train_and_evaluation_samples_seed_5_241016_with_holdout.csv,train_sample_n_6000,catboost,"learning_rate=NA,subsample=0.8,depth=6",1000,0.297514616,0.090454487,0.267175423,0.267382287,0.856474615,0.294862903,0.089580173,0.262578591,0.262694584,0.854259911,0.300042371,0.091344768,0.271748032,0.271928439,0.858612024,evaluation_test_50_percent_split,0.533727516,0.877046125,0.529243767,0.875671027,0.538170822,0.878474357,0.232140256,0.472140256,evaluation_selection_50_percent_split
prefer_official_train,pmt_train_and_evaluation_samples_seed_5_241016_with_holdout.csv,train_sample_n_6000,catboost,"learning_rate=NA,subsample=0.8,depth=6",1000,0.296955294,0.090332041,0.270914932,0.271167921,0.85818755,0.295913097,0.089984263,0.268882973,0.269139129,0.857304528,0.298038583,0.090694292,0.272848383,0.273112907,0.859082117,official_holdout_set,0.538385678,0.877374695,0.536493274,0.876822296,0.540186476,0.877946447,0.232140256,0.472140256,evaluation_selection_50_percent_split
prefer_official_train,pmt_train_and_evaluation_samples_seed_5_241016_with_holdout.csv,train_sample_n_700,catboost,"learning_rate=NA,subsample=0.8,depth=6",1000,0.324991984,0.099402171,0.19835007,0.201516253,0.833922068,0.322236441,0.098383781,0.19467761,0.197853435,0.831539079,0.327841607,0.100400229,0.201846849,0.204983971,0.836266492,evaluation_selection_50_percent_split,0.507767985,0.869474072,0.503330305,0.868021511,0.512134709,0.870907146,0.167603001,0.357603001,evaluation_selection_50_percent_split
prefer_official_train,pmt_train_and_evaluation_samples_seed_5_241016_with_holdout.csv,train_sample_n_700,catboost,"learning_rate=NA,subsample=0.8,depth=6",1000,0.325054514,0.09936193,0.195011029,0.197981071,0.831892365,0.322263505,0.098361542,0.191529489,0.194490292,0.829410197,0.327862797,0.100354778,0.198684362,0.201597032,0.834242908,evaluation_test_50_percent_split,0.501294756,0.869812974,0.496575278,0.86835073,0.505640937,0.871289863,0.167603001,0.357603001,evaluation_selection_50_percent_split
prefer_official_train,pmt_train_and_evaluation_samples_seed_5_241016_with_holdout.csv,train_sample_n_700,catboost,"learning_rate=NA,subsample=0.8,depth=6",1000,0.325280567,0.099424633,0.197527096,0.200659378,0.832638972,0.324176268,0.099040492,0.196013904,0.199110329,0.831649358,0.32639362,0.099807144,0.198945955,0.202067646,0.833619959,official_holdout_set,0.504850345,0.869816649,0.502993619,0.869229449,0.506586977,0.870407938,0.167603001,0.357603001,evaluation_selection_50_percent_split
prefer_official_train,pmt_train_and_evaluation_samples_seed_5_241016_with_holdout.csv,train_sample_n_7000,catboost,"learning_rate=NA,subsample=0.8,depth=6",1000,0.29491557,0.089836601,0.275493649,0.275625193,0.860518364,0.292387103,0.088984235,0.270723257,0.270809778,0.858431868,0.297498681,0.09072132,0.280079114,0.280240465,0.862579124,evaluation_selection_50_percent_split,0.543754557,0.876958978,0.539192601,0.875506296,0.548275356,0.878314831,0.241788807,0.471788807,evaluation_selection_50_percent_split
prefer_official_train,pmt_train_and_evaluation_samples_seed_5_241016_with_holdout.csv,train_sample_n_7000,catboost,"learning_rate=NA,subsample=0.8,depth=6",1000,0.295531,0.089884685,0.271791716,0.271883812,0.858184538,0.29297783,0.089031756,0.267037531,0.267103548,0.856001681,0.298044523,0.090750502,0.276405652,0.276504092,0.860259122,evaluation_test_50_percent_split,0.537533109,0.877573844,0.533099718,0.876130967,0.542047458,0.879031126,0.241788807,0.471788807,evaluation_selection_50_percent_split
prefer_official_train,pmt_train_and_evaluation_samples_seed_5_241016_with_holdout.csv,train_sample_n_7000,catboost,"learning_rate=NA,subsample=0.8,depth=6",1000,0.295270554,0.089895988,0.274434386,0.274558582,0.859587649,0.294266587,0.089552974,0.272437716,0.272540628,0.858677403,0.296346211,0.090257993,0.276410917,0.276556035,0.860514316,official_holdout_set,0.54102643,0.877105025,0.539189386,0.876505697,0.542832959,0.87767449,0.241788807,0.471788807,evaluation_selection_50_percent_split
prefer_official_train,pmt_train_and_evaluation_samples_seed_5_241016_with_holdout.csv,train_sample_n_900,catboost,"learning_rate=NA,subsample=0.8,depth=6",1000,0.318524269,0.096901914,0.218513929,0.220897108,0.839992021,0.315620949,0.095880034,0.214348896,0.216718274,0.837647,0.321415304,0.097887501,0.222652479,0.225035919,0.842324598,evaluation_selection_50_percent_split,0.517649018,0.871909329,0.513081544,0.870403512,0.522172866,0.873333567,0.155167045,0.415167045,evaluation_selection_50_percent_split
prefer_official_train,pmt_train_and_evaluation_samples_seed_5_241016_with_holdout.csv,train_sample_n_900,catboost,"learning_rate=NA,subsample=0.8,depth=6",1000,0.318622138,0.096820875,0.215597598,0.217809173,0.837761707,0.315721372,0.095825288,0.21132898,0.213553521,0.835248582,0.321419286,0.09782255,0.219954477,0.222156134,0.84015446,evaluation_test_50_percent_split,0.512189698,0.872112671,0.507680974,0.870650185,0.516556378,0.873609531,0.155167045,0.415167045,evaluation_selection_50_percent_split
prefer_official_train,pmt_train_and_evaluation_samples_seed_5_241016_with_holdout.csv,train_sample_n_900,catboost,"learning_rate=NA,subsample=0.8,depth=6",1000,0.318600438,0.096794415,0.218756028,0.221106396,0.838716171,0.317452087,0.096403671,0.216960403,0.219311249,0.837724639,0.319748846,0.097185307,0.220514418,0.222879925,0.839706747,official_holdout_set,0.514310342,0.872501201,0.512523531,0.871908392,0.516166379,0.873090749,0.155167045,0.415167045,evaluation_selection_50_percent_split
prefer_official_train,pmt_train_and_evaluation_samples_seed_5_241016_with_holdout.csv,train_sample_n_9000,catboost,"learning_rate=NA,subsample=0.8,depth=6",1000,0.292954204,0.089179031,0.280796758,0.280850038,0.862242458,0.290458179,0.088342142,0.275917216,0.275968478,0.860124087,0.29556728,0.090081295,0.285620362,0.285689356,0.864242902,evaluation_selection_50_percent_split,0.546855603,0.878329113,0.542196853,0.876876189,0.551479012,0.879655796,0.271249963,0.491249963,evaluation_selection_50_percent_split
prefer_official_train,pmt_train_and_evaluation_samples_seed_5_241016_with_holdout.csv,train_sample_n_9000,catboost,"learning_rate=NA,subsample=0.8,depth=6",1000,0.293794443,0.089400985,0.275710456,0.275739818,0.860047529,0.291179335,0.088519059,0.270791619,0.270816146,0.857888653,0.296306918,0.090245392,0.280455935,0.280487017,0.862147695,evaluation_test_50_percent_split,0.54112541,0.878067674,0.536410807,0.876692577,0.545616394,0.879515393,0.271249963,0.491249963,evaluation_selection_50_percent_split
prefer_official_train,pmt_train_and_evaluation_samples_seed_5_241016_with_holdout.csv,train_sample_n_9000,catboost,"learning_rate=NA,subsample=0.8,depth=6",1000,0.293511353,0.089346673,0.278867998,0.278916651,0.861355129,0.292483327,0.089004051,0.276793082,0.276832989,0.860453994,0.294579878,0.089707651,0.280885256,0.280944089,0.862254104,official_holdout_set,0.544779535,0.87775612,0.542860243,0.877182686,0.546612371,0.878320625,0.271249963,0.491249963,evaluation_selection_50_percent_split
without_leakage,pmt_train_and_evaluation_samples_seed_2_241016_with_holdout.csv,train_sample_n_300,catboost,"learning_rate=NA,subsample=0.8,depth=6",1000,0.36376728,0.10888119,0.122682548,0.133047191,0.798674569,0.360297439,0.107752841,0.119287184,0.129746769,0.796049636,0.367121673,0.110018689,0.126109925,0.136231903,0.80141157,evaluation_selection_50_percent_split,0.464780116,0.865794557,0.460181952,0.864293703,0.469343045,0.867290933,0.09977666,0.29977666,evaluation_selection_50_percent_split
without_leakage,pmt_train_and_evaluation_samples_seed_2_241016_with_holdout.csv,train_sample_n_300,catboost,"learning_rate=NA,subsample=0.8,depth=6",1000,0.358806954,0.107505883,0.128253408,0.138038077,0.803313843,0.355465536,0.106397414,0.124655697,0.134555666,0.800388744,0.362320631,0.108653454,0.131683207,0.141224356,0.805936157,evaluation_test_50_percent_split,0.474640164,0.867581058,0.469756609,0.866046192,0.479068952,0.868994766,0.09977666,0.29977666,evaluation_selection_50_percent_split
without_leakage,pmt_train_and_evaluation_samples_seed_2_241016_with_holdout.csv,train_sample_n_300,catboost,"learning_rate=NA,subsample=0.8,depth=6",1000,0.361126235,0.108148118,0.127118382,0.137292261,0.801262346,0.359787504,0.107698975,0.125712366,0.135937364,0.800158755,0.362456947,0.108587753,0.128532511,0.138680155,0.802360466,official_holdout_set,0.469910447,0.86693693,0.468068551,0.86635303,0.471851361,0.867532148,0.09977666,0.29977666,evaluation_selection_50_percent_split
without_leakage,pmt_train_and_evaluation_samples_seed_2_241016_with_holdout.csv,train_sample_n_3000,catboost,"learning_rate=NA,subsample=0.8,depth=6",1000,0.300288757,0.091101153,0.265946381,0.26619767,0.857094215,0.297591538,0.090165646,0.261126173,0.261354969,0.854928696,0.302981615,0.0920152,0.270568181,0.270853798,0.859242218,evaluation_selection_50_percent_split,0.541489654,0.877515747,0.536698206,0.876097076,0.546200844,0.878919772,0.222454346,0.432454346,evaluation_selection_50_percent_split
without_leakage,pmt_train_and_evaluation_samples_seed_2_241016_with_holdout.csv,train_sample_n_3000,catboost,"learning_rate=NA,subsample=0.8,depth=6",1000,0.296337881,0.089743116,0.272288612,0.272461621,0.859752079,0.293726433,0.088852364,0.267561675,0.267720468,0.857547312,0.299062423,0.090677861,0.276605964,0.27676388,0.861899628,evaluation_test_50_percent_split,0.548142927,0.879253833,0.543202953,0.877810713,0.552677944,0.880619127,0.222454346,0.432454346,evaluation_selection_50_percent_split
without_leakage,pmt_train_and_evaluation_samples_seed_2_241016_with_holdout.csv,train_sample_n_3000,catboost,"learning_rate=NA,subsample=0.8,depth=6",1000,0.298793359,0.090631071,0.268501408,0.268730095,0.858219671,0.297677894,0.090262136,0.266667459,0.2668789,0.857320135,0.299880808,0.091001873,0.27045387,0.270684121,0.859113863,official_holdout_set,0.543757495,0.877675947,0.541926883,0.877093667,0.545620922,0.878242841,0.222454346,0.432454346,evaluation_selection_50_percent_split
without_leakage,pmt_train_and_evaluation_samples_seed_2_241016_with_holdout.csv,train_sample_n_500,catboost,"learning_rate=NA,subsample=0.8,depth=6",1000,0.328200941,0.099723146,0.196474099,0.198850291,0.829231579,0.325237605,0.098742254,0.192806803,0.195239794,0.826779334,0.331117655,0.100736247,0.200105718,0.202422536,0.83163971,evaluation_selection_50_percent_split,0.51109335,0.868839839,0.506453561,0.867387279,0.515386782,0.870263473,0.156029,0.346029,evaluation_selection_50_percent_split
without_leakage,pmt_train_and_evaluation_samples_seed_2_241016_with_holdout.csv,train_sample_n_500,catboost,"learning_rate=NA,subsample=0.8,depth=6",1000,0.324540271,0.098543119,0.200930913,0.203043852,0.831417193,0.321539913,0.097561691,0.197111693,0.199339619,0.828762601,0.327588107,0.099552071,0.204559985,0.206610363,0.833966339,evaluation_test_50_percent_split,0.51690373,0.870151877,0.512119844,0.868660705,0.521321468,0.871604438,0.156029,0.346029,evaluation_selection_50_percent_split
without_leakage,pmt_train_and_evaluation_samples_seed_2_241016_with_holdout.csv,train_sample_n_500,catboost,"learning_rate=NA,subsample=0.8,depth=6",1000,0.32654762,0.099284779,0.198655879,0.200957478,0.830643138,0.325368412,0.098894861,0.197156153,0.199451879,0.829621681,0.327773778,0.099694919,0.200193043,0.202473705,0.831705742,official_holdout_set,0.513579098,0.868969578,0.511753774,0.868359723,0.515388076,0.869567265,0.156029,0.346029,evaluation_selection_50_percent_split
without_leakage,pmt_train_and_evaluation_samples_seed_2_241016_with_holdout.csv,train_sample_n_5000,catboost,"learning_rate=NA,subsample=0.8,depth=6",1000,0.296298293,0.089792697,0.276489349,0.277166918,0.860825304,0.293605251,0.088856116,0.271518428,0.272211214,0.858660929,0.298910756,0.090683742,0.281242334,0.281932485,0.862965191,evaluation_selection_50_percent_split,0.544613686,0.879224784,0.539957771,0.877796552,0.549237139,0.880629052,0.222923998,0.442923998,evaluation_selection_50_percent_split
without_leakage,pmt_train_and_evaluation_samples_seed_2_241016_with_holdout.csv,train_sample_n_5000,catboost,"learning_rate=NA,subsample=0.8,depth=6",1000,0.292363332,0.088322429,0.283808714,0.284352703,0.862682336,0.289735971,0.087444466,0.278944593,0.279435235,0.860503728,0.295161379,0.08926776,0.288364676,0.288938797,0.864844184,evaluation_test_50_percent_split,0.551938955,0.881263042,0.54725443,0.879834688,0.556441369,0.882594687,0.222923998,0.442923998,evaluation_selection_50_percent_split
without_leakage,pmt_train_and_evaluation_samples_seed_2_241016_with_holdout.csv,train_sample_n_5000,catboost,"learning_rate=NA,subsample=0.8,depth=6",1000,0.29447308,0.089187945,0.280149119,0.280788046,0.862048493,0.293365231,0.088820755,0.278266143,0.278894728,0.861170273,0.295600471,0.089559683,0.282126036,0.282751395,0.862935971,official_holdout_set,0.550880796,0.879208936,0.549110054,0.878631514,0.55275412,0.879781539,0.222923998,0.442923998,evaluation_selection_50_percent_split
without_leakage,pmt_train_and_evaluation_samples_seed_2_241016_with_holdout.csv,train_sample_n_600,catboost,"learning_rate=NA,subsample=0.8,depth=6",1000,0.32345277,0.097410699,0.215106791,0.216898854,0.832263874,0.320404182,0.096434411,0.210970406,0.212735415,0.8298625,0.326459144,0.098387923,0.219234255,0.221092892,0.834654036,evaluation_selection_50_percent_split,0.514285714,0.870340694,0.509651375,0.868849522,0.518727956,0.871817462,0.187256916,0.387256916,evaluation_selection_50_percent_split
without_leakage,pmt_train_and_evaluation_samples_seed_2_241016_with_holdout.csv,train_sample_n_600,catboost,"learning_rate=NA,subsample=0.8,depth=6",1000,0.319987068,0.096281096,0.219273261,0.220840279,0.833813367,0.316901561,0.095309089,0.214950552,0.216561743,0.831183134,0.323009572,0.097247565,0.223428985,0.225037104,0.836402725,evaluation_test_50_percent_split,0.520744981,0.871618841,0.516022412,0.870146914,0.525364865,0.873095609,0.187256916,0.387256916,evaluation_selection_50_percent_split
without_leakage,pmt_train_and_evaluation_samples_seed_2_241016_with_holdout.csv,train_sample_n_600,catboost,"learning_rate=NA,subsample=0.8,depth=6",1000,0.322079169,0.097042848,0.216750885,0.218480264,0.833048174,0.320873194,0.096652881,0.214992203,0.216728349,0.832063273,0.323331715,0.097441191,0.218488493,0.220239182,0.834106518,official_holdout_set,0.516108977,0.870654002,0.514262211,0.870039187,0.517947454,0.871275134,0.187256916,0.387256916,evaluation_selection_50_percent_split
without_leakage,pmt_train_and_evaluation_samples_seed_2_241016_with_holdout.csv,train_sample_n_6000,catboost,"learning_rate=NA,subsample=0.8,depth=6",1000,0.294657624,0.089529958,0.27860639,0.278879236,0.862869221,0.291974182,0.088638642,0.273652545,0.273877297,0.860750581,0.297331862,0.090438278,0.283515316,0.283757929,0.865019814,evaluation_selection_50_percent_split,0.549655732,0.87897787,0.545032124,0.877569003,0.554475367,0.880401382,0.231839902,0.461839902,evaluation_selection_50_percent_split
without_leakage,pmt_train_and_evaluation_samples_seed_2_241016_with_holdout.csv,train_sample_n_6000,catboost,"learning_rate=NA,subsample=0.8,depth=6",1000,0.290701223,0.088151155,0.285197545,0.285389045,0.865241032,0.288095573,0.087281761,0.280248611,0.280503902,0.86307667,0.293394379,0.089072795,0.28973977,0.289938852,0.867356214,evaluation_test_50_percent_split,0.55463706,0.880246334,0.549802977,0.878837225,0.559171717,0.881606907,0.231839902,0.461839902,evaluation_selection_50_percent_split
without_leakage,pmt_train_and_evaluation_samples_seed_2_241016_with_holdout.csv,train_sample_n_6000,catboost,"learning_rate=NA,subsample=0.8,depth=6",1000,0.292585608,0.088911745,0.282378383,0.282627394,0.86463569,0.291501155,0.088542127,0.280414132,0.280648851,0.86375346,0.293688642,0.089277132,0.284308604,0.284571319,0.865504589,official_holdout_set,0.55361456,0.879025917,0.551831521,0.878439587,0.555401427,0.8795969,0.231839902,0.461839902,evaluation_selection_50_percent_split
without_leakage,pmt_train_and_evaluation_samples_seed_2_241016_with_holdout.csv,train_sample_n_700,catboost,"learning_rate=NA,subsample=0.8,depth=6",1000,0.327776981,0.099620603,0.197300339,0.198522596,0.832703786,0.324754812,0.098622839,0.193702126,0.194925357,0.830337199,0.330681117,0.100610672,0.200896449,0.202079115,0.835069312,evaluation_selection_50_percent_split,0.513969815,0.870258389,0.509511168,0.868858842,0.518419606,0.871754886,0.159242888,0.349242888,evaluation_selection_50_percent_split
without_leakage,pmt_train_and_evaluation_samples_seed_2_241016_with_holdout.csv,train_sample_n_700,catboost,"learning_rate=NA,subsample=0.8,depth=6",1000,0.324406568,0.098604912,0.200429843,0.201466584,0.834821229,0.321462904,0.097652596,0.196749182,0.197830518,0.832167094,0.327390501,0.099601014,0.203800631,0.204919753,0.837337818,evaluation_test_50_percent_split,0.519026006,0.871163743,0.514329572,0.869648243,0.523668281,0.872597059,0.159242888,0.349242888,evaluation_selection_50_percent_split
without_leakage,pmt_train_and_evaluation_samples_seed_2_241016_with_holdout.csv,train_sample_n_700,catboost,"learning_rate=NA,subsample=0.8,depth=6",1000,0.326244852,0.099197707,0.199358652,0.200528166,0.833766153,0.325049775,0.098801328,0.197911385,0.199057394,0.832747969,0.327443047,0.099608646,0.200841624,0.201999864,0.834792254,official_holdout_set,0.515840523,0.870411056,0.514006245,0.86983244,0.517710996,0.87102822,0.159242888,0.349242888,evaluation_selection_50_percent_split
without_leakage,pmt_train_and_evaluation_samples_seed_2_241016_with_holdout.csv,train_sample_n_7000,catboost,"learning_rate=NA,subsample=0.8,depth=6",1000,0.291861675,0.088723086,0.285107814,0.285161151,0.865214837,0.289228411,0.087796414,0.28003691,0.280090587,0.863049507,0.294443227,0.089616004,0.290234617,0.290296053,0.867374795,evaluation_selection_50_percent_split,0.552800957,0.879558846,0.54799864,0.878149858,0.557470069,0.880904894,0.241531043,0.461531043,evaluation_selection_50_percent_split
without_leakage,pmt_train_and_evaluation_samples_seed_2_241016_with_holdout.csv,train_sample_n_7000,catboost,"learning_rate=NA,subsample=0.8,depth=6",1000,0.287955041,0.087273074,0.292317755,0.292339333,0.867420082,0.285338933,0.08641045,0.287217326,0.28723201,0.865261918,0.290624719,0.088178116,0.297059173,0.297084433,0.869507281,evaluation_test_50_percent_split,0.559922397,0.881137164,0.554988459,0.879733138,0.564274528,0.882492774,0.241531043,0.461531043,evaluation_selection_50_percent_split
without_leakage,pmt_train_and_evaluation_samples_seed_2_241016_with_holdout.csv,train_sample_n_7000,catboost,"learning_rate=NA,subsample=0.8,depth=6",1000,0.290163208,0.088184006,0.28825208,0.288295472,0.866635907,0.289118471,0.087824433,0.286335682,0.286376536,0.865756899,0.291258119,0.088554768,0.290224276,0.290268,0.867511999,official_holdout_set,0.556802722,0.879588741,0.555043363,0.879029865,0.558586241,0.880150007,0.241531043,0.461531043,evaluation_selection_50_percent_split
without_leakage,pmt_train_and_evaluation_samples_seed_2_241016_with_holdout.csv,train_sample_n_900,catboost,"learning_rate=NA,subsample=0.8,depth=6",1000,0.318453366,0.096165283,0.225141814,0.225720422,0.837136019,0.315507953,0.095180704,0.221046436,0.221593944,0.834773155,0.321221492,0.097118869,0.229408025,0.229999672,0.83953114,evaluation_selection_50_percent_split,0.520867919,0.872713012,0.516123262,0.8712895,0.525356447,0.874199343,0.177397277,0.397397277,evaluation_selection_50_percent_split
without_leakage,pmt_train_and_evaluation_samples_seed_2_241016_with_holdout.csv,train_sample_n_900,catboost,"learning_rate=NA,subsample=0.8,depth=6",1000,0.314763436,0.09499586,0.229695022,0.230148864,0.839077308,0.311961114,0.094071243,0.225413312,0.225837566,0.836496714,0.317623137,0.095985842,0.233758793,0.234292041,0.841633596,evaluation_test_50_percent_split,0.526526556,0.87353122,0.521608641,0.872117391,0.531024426,0.874920721,0.177397277,0.397397277,evaluation_selection_50_percent_split
without_leakage,pmt_train_and_evaluation_samples_seed_2_241016_with_holdout.csv,train_sample_n_900,catboost,"learning_rate=NA,subsample=0.8,depth=6",1000,0.31699006,0.095732214,0.22732923,0.227872383,0.837895888,0.315827843,0.095344085,0.225602675,0.226139102,0.83691546,0.31814349,0.096118071,0.229117914,0.229685115,0.838917117,official_holdout_set,0.523277336,0.873141768,0.521460408,0.872552179,0.525116013,0.873741095,0.177397277,0.397397277,evaluation_selection_50_percent_split
without_leakage,pmt_train_and_evaluation_samples_seed_2_241016_with_holdout.csv,train_sample_n_9000,catboost,"learning_rate=NA,subsample=0.8,depth=6",1000,0.291508709,0.088465364,0.287184425,0.287274648,0.865290389,0.288830454,0.087550413,0.282040519,0.282103489,0.863171348,0.294184829,0.089360446,0.292301679,0.292441773,0.867413402,evaluation_selection_50_percent_split,0.553658131,0.880057517,0.548957264,0.878672857,0.558227258,0.881398845,0.241089518,0.501089518,evaluation_selection_50_percent_split
without_leakage,pmt_train_and_evaluation_samples_seed_2_241016_with_holdout.csv,train_sample_n_9000,catboost,"learning_rate=NA,subsample=0.8,depth=6",1000,0.287002671,0.086821717,0.295977728,0.296024414,0.86806235,0.284429465,0.085946351,0.290849365,0.290884554,0.865919011,0.289747062,0.087749403,0.300687101,0.30079965,0.870158313,evaluation_test_50_percent_split,0.560216878,0.882076408,0.555396871,0.880648054,0.564715856,0.883412653,0.241089518,0.501089518,evaluation_selection_50_percent_split
without_leakage,pmt_train_and_evaluation_samples_seed_2_241016_with_holdout.csv,train_sample_n_9000,catboost,"learning_rate=NA,subsample=0.8,depth=6",1000,0.28933939,0.087724917,0.291957465,0.292034389,0.867028088,0.288266307,0.08736561,0.289900299,0.289973238,0.866140733,0.290447844,0.088094198,0.294093921,0.294163606,0.867905233,official_holdout_set,0.558886995,0.880539469,0.557099575,0.879983103,0.560692567,0.881127439,0.241089518,0.501089518,evaluation_selection_50_percent_split
without_leakage,pmt_train_and_evaluation_samples_seed_3_241016_with_holdout.csv,train_sample_n_300,catboost,"learning_rate=NA,subsample=0.8,depth=6",1000,0.344414199,0.105935729,0.14242286,0.142834898,0.809857159,0.341528568,0.10487815,0.13977508,0.140180565,0.807437887,0.347214341,0.10694586,0.145414176,0.145821208,0.812361663,evaluation_selection_50_percent_split,0.464286205,0.862289336,0.460013614,0.860798164,0.468695377,0.86378547,0.150302569,0.370302569,evaluation_selection_50_percent_split
without_leakage,pmt_train_and_evaluation_samples_seed_3_241016_with_holdout.csv,train_sample_n_300,catboost,"learning_rate=NA,subsample=0.8,depth=6",1000,0.343618028,0.105799852,0.14609173,0.146558138,0.812855861,0.340754862,0.104773832,0.143536835,0.144034732,0.810398456,0.346390921,0.10680645,0.149029693,0.149441804,0.81536526,evaluation_test_50_percent_split,0.469275572,0.862047262,0.464850574,0.86053152,0.47390281,0.863514348,0.150302569,0.370302569,evaluation_selection_50_percent_split
without_leakage,pmt_train_and_evaluation_samples_seed_3_241016_with_holdout.csv,train_sample_n_300,catboost,"learning_rate=NA,subsample=0.8,depth=6",1000,0.344394382,0.105942937,0.144916771,0.145383366,0.810792096,0.343231891,0.105524485,0.143752737,0.144243079,0.809784948,0.34553615,0.106355483,0.14607356,0.146544067,0.811803566,official_holdout_set,0.466403036,0.862131461,0.46450216,0.861541892,0.468126245,0.862729128,0.150302569,0.370302569,evaluation_selection_50_percent_split
without_leakage,pmt_train_and_evaluation_samples_seed_3_241016_with_holdout.csv,train_sample_n_3000,catboost,"learning_rate=NA,subsample=0.8,depth=6",1000,0.297565995,0.090080765,0.270772904,0.270806131,0.855782269,0.294880304,0.089183914,0.266231811,0.266266883,0.853602599,0.300169536,0.090953407,0.275667666,0.275704826,0.858076821,evaluation_selection_50_percent_split,0.54341147,0.877215576,0.539072403,0.875777539,0.547758881,0.878619843,0.221933392,0.481933392,evaluation_selection_50_percent_split
without_leakage,pmt_train_and_evaluation_samples_seed_3_241016_with_holdout.csv,train_sample_n_3000,catboost,"learning_rate=NA,subsample=0.8,depth=6",1000,0.296501474,0.089783164,0.275362068,0.275411095,0.857636593,0.293835028,0.08886758,0.270381361,0.270425242,0.855427307,0.299051491,0.090621574,0.28024571,0.280273744,0.859852328,evaluation_test_50_percent_split,0.544643742,0.878043467,0.540177494,0.876726467,0.549055491,0.879442771,0.221933392,0.481933392,evaluation_selection_50_percent_split
without_leakage,pmt_train_and_evaluation_samples_seed_3_241016_with_holdout.csv,train_sample_n_3000,catboost,"learning_rate=NA,subsample=0.8,depth=6",1000,0.296670731,0.089823293,0.275021121,0.275070034,0.857484536,0.295547842,0.08946274,0.27308423,0.273123143,0.856566387,0.297758449,0.090180424,0.276990997,0.277053075,0.8584082,official_holdout_set,0.546368794,0.877387652,0.544600876,0.876788365,0.548137136,0.877978941,0.221933392,0.481933392,evaluation_selection_50_percent_split
without_leakage,pmt_train_and_evaluation_samples_seed_3_241016_with_holdout.csv,train_sample_n_500,catboost,"learning_rate=NA,subsample=0.8,depth=6",1000,0.327853131,0.100953814,0.182752756,0.18497984,0.836361602,0.324934033,0.099941724,0.179663803,0.18190994,0.834094948,0.330695169,0.101943387,0.186070471,0.18831166,0.838733862,evaluation_selection_50_percent_split,0.504812,0.868607449,0.500404232,0.867130802,0.509188665,0.870084217,0.157173052,0.317173052,evaluation_selection_50_percent_split
without_leakage,pmt_train_and_evaluation_samples_seed_3_241016_with_holdout.csv,train_sample_n_500,catboost,"learning_rate=NA,subsample=0.8,depth=6",1000,0.327295247,0.100997067,0.184854904,0.187197102,0.839128963,0.324315498,0.099973236,0.181741223,0.18408563,0.836857544,0.33009037,0.101960664,0.188282529,0.190451231,0.841477467,evaluation_test_50_percent_split,0.509705878,0.868554193,0.505289409,0.867057938,0.514548167,0.870050206,0.157173052,0.317173052,evaluation_selection_50_percent_split
without_leakage,pmt_train_and_evaluation_samples_seed_3_241016_with_holdout.csv,train_sample_n_500,catboost,"learning_rate=NA,subsample=0.8,depth=6",1000,0.328137743,0.101157128,0.183543836,0.18588884,0.837184398,0.326966476,0.100750247,0.182244868,0.184575366,0.836249193,0.329338333,0.101563114,0.184813873,0.187177863,0.838113373,official_holdout_set,0.507022058,0.868137893,0.505156682,0.867529718,0.508814143,0.868727482,0.157173052,0.317173052,evaluation_selection_50_percent_split
without_leakage,pmt_train_and_evaluation_samples_seed_3_241016_with_holdout.csv,train_sample_n_5000,catboost,"learning_rate=NA,subsample=0.8,depth=6",1000,0.293772653,0.089046153,0.279148351,0.279193205,0.860670635,0.291077127,0.088133454,0.274539619,0.274575038,0.858538799,0.29637343,0.089904698,0.284319923,0.284365289,0.862919911,evaluation_selection_50_percent_split,0.547939896,0.878556662,0.543680115,0.877132545,0.552603603,0.88000426,0.251136101,0.471136101,evaluation_selection_50_percent_split
without_leakage,pmt_train_and_evaluation_samples_seed_3_241016_with_holdout.csv,train_sample_n_5000,catboost,"learning_rate=NA,subsample=0.8,depth=6",1000,0.292368819,0.088680911,0.284258324,0.284321052,0.862782195,0.289788269,0.087804399,0.279447132,0.279480284,0.860676506,0.29487253,0.089501885,0.289045469,0.289099137,0.864977214,evaluation_test_50_percent_split,0.55119674,0.879307089,0.546669917,0.877927271,0.555666304,0.880711236,0.251136101,0.471136101,evaluation_selection_50_percent_split
without_leakage,pmt_train_and_evaluation_samples_seed_3_241016_with_holdout.csv,train_sample_n_5000,catboost,"learning_rate=NA,subsample=0.8,depth=6",1000,0.293104631,0.088909587,0.282395795,0.282458531,0.862168632,0.291999221,0.088534976,0.280475664,0.280535133,0.861260754,0.294223205,0.089272599,0.284428318,0.284496457,0.863048124,official_holdout_set,0.552227947,0.878570798,0.550367294,0.877959364,0.554045067,0.879161987,0.251136101,0.471136101,evaluation_selection_50_percent_split
without_leakage,pmt_train_and_evaluation_samples_seed_3_241016_with_holdout.csv,train_sample_n_600,catboost,"learning_rate=NA,subsample=0.8,depth=6",1000,0.324196475,0.09960153,0.193699847,0.194087248,0.840921335,0.321247866,0.098595891,0.19036236,0.190765317,0.83876613,0.32706694,0.100565244,0.197211553,0.197629237,0.843234867,evaluation_selection_50_percent_split,0.510153611,0.869924328,0.505895319,0.868476729,0.514544445,0.87134784,0.154577351,0.324577351,evaluation_selection_50_percent_split
without_leakage,pmt_train_and_evaluation_samples_seed_3_241016_with_holdout.csv,train_sample_n_600,catboost,"learning_rate=NA,subsample=0.8,depth=6",1000,0.32339908,0.099566938,0.196397441,0.196836372,0.843454903,0.32037553,0.098569136,0.193165314,0.193632449,0.841235798,0.326263424,0.100531752,0.20000297,0.200341558,0.845760291,evaluation_test_50_percent_split,0.516309623,0.870122828,0.511725114,0.868660463,0.52081989,0.871599596,0.154577351,0.324577351,evaluation_selection_50_percent_split
without_leakage,pmt_train_and_evaluation_samples_seed_3_241016_with_holdout.csv,train_sample_n_600,catboost,"learning_rate=NA,subsample=0.8,depth=6",1000,0.323826133,0.099635522,0.195824972,0.196263788,0.842520171,0.322629729,0.099238269,0.194411649,0.194870427,0.841601302,0.325053417,0.100045179,0.197183564,0.197607543,0.843428289,official_holdout_set,0.515159844,0.869528353,0.513262644,0.868894932,0.516926744,0.870109014,0.154577351,0.324577351,evaluation_selection_50_percent_split
without_leakage,pmt_train_and_evaluation_samples_seed_3_241016_with_holdout.csv,train_sample_n_6000,catboost,"learning_rate=NA,subsample=0.8,depth=6",1000,0.291829095,0.088545041,0.283204985,0.283352304,0.862701006,0.289175103,0.087649269,0.27855313,0.278684715,0.860579306,0.294460899,0.089396457,0.288267321,0.28839043,0.86488265,evaluation_selection_50_percent_split,0.550033765,0.879215102,0.54547667,0.87773325,0.554660493,0.880619248,0.271391868,0.481391868,evaluation_selection_50_percent_split
without_leakage,pmt_train_and_evaluation_samples_seed_3_241016_with_holdout.csv,train_sample_n_6000,catboost,"learning_rate=NA,subsample=0.8,depth=6",1000,0.290714192,0.088271189,0.287565182,0.287743024,0.864430896,0.288142136,0.087387696,0.282701262,0.282825373,0.862344058,0.293207741,0.089080418,0.292316271,0.292533169,0.866562307,evaluation_test_50_percent_split,0.552751105,0.879999419,0.54808777,0.878623716,0.557278804,0.881422931,0.271391868,0.481391868,evaluation_selection_50_percent_split
without_leakage,pmt_train_and_evaluation_samples_seed_3_241016_with_holdout.csv,train_sample_n_6000,catboost,"learning_rate=NA,subsample=0.8,depth=6",1000,0.291392258,0.088453436,0.286077466,0.286255421,0.863806361,0.290302839,0.088087103,0.28409894,0.284265125,0.86290344,0.292458162,0.088814109,0.288067176,0.288257903,0.864672827,official_holdout_set,0.552739716,0.879059929,0.550904552,0.878479977,0.554596976,0.879659277,0.271391868,0.481391868,evaluation_selection_50_percent_split
without_leakage,pmt_train_and_evaluation_samples_seed_3_241016_with_holdout.csv,train_sample_n_700,catboost,"learning_rate=NA,subsample=0.8,depth=6",1000,0.312983574,0.095874337,0.223872437,0.223992542,0.842725164,0.310285185,0.094935184,0.220115792,0.220201112,0.840557287,0.31551036,0.09676939,0.227955931,0.228079003,0.845019784,evaluation_selection_50_percent_split,0.514983603,0.870824841,0.510471317,0.869425415,0.519253953,0.872325816,0.194846575,0.404846575,evaluation_selection_50_percent_split
without_leakage,pmt_train_and_evaluation_samples_seed_3_241016_with_holdout.csv,train_sample_n_700,catboost,"learning_rate=NA,subsample=0.8,depth=6",1000,0.311929233,0.095657282,0.227952186,0.228101487,0.845198927,0.309254045,0.094730767,0.224145269,0.224285282,0.842926519,0.314546966,0.096576882,0.231857029,0.232017132,0.847479137,evaluation_test_50_percent_split,0.520553715,0.870263231,0.515923785,0.868776779,0.525148732,0.871720512,0.194846575,0.404846575,evaluation_selection_50_percent_split
without_leakage,pmt_train_and_evaluation_samples_seed_3_241016_with_holdout.csv,train_sample_n_700,catboost,"learning_rate=NA,subsample=0.8,depth=6",1000,0.312594973,0.095856072,0.226329551,0.226478919,0.844235721,0.311486606,0.095481326,0.224688863,0.224836049,0.843324945,0.313710565,0.09624732,0.227890501,0.228038192,0.845168896,official_holdout_set,0.51829838,0.869987521,0.516496016,0.869355052,0.520043309,0.87057875,0.194846575,0.404846575,evaluation_selection_50_percent_split
without_leakage,pmt_train_and_evaluation_samples_seed_3_241016_with_holdout.csv,train_sample_n_7000,catboost,"learning_rate=NA,subsample=0.8,depth=6",1000,0.290786612,0.08827233,0.285412646,0.285538148,0.8642293,0.288087962,0.087377705,0.280755912,0.280839292,0.862096532,0.293362311,0.089100178,0.290457619,0.290622181,0.866343899,evaluation_selection_50_percent_split,0.552351553,0.879544321,0.548020221,0.878125287,0.55692152,0.880958029,0.261347824,0.501347824,evaluation_selection_50_percent_split
without_leakage,pmt_train_and_evaluation_samples_seed_3_241016_with_holdout.csv,train_sample_n_7000,catboost,"learning_rate=NA,subsample=0.8,depth=6",1000,0.289643176,0.088002285,0.289735503,0.289889353,0.866118702,0.287100983,0.087139926,0.284819067,0.284916447,0.864086818,0.292077641,0.088825758,0.294603636,0.29478338,0.868211736,evaluation_test_50_percent_split,0.552920729,0.880246334,0.548520378,0.878885277,0.557372828,0.881660163,0.261347824,0.501347824,evaluation_selection_50_percent_split
without_leakage,pmt_train_and_evaluation_samples_seed_3_241016_with_holdout.csv,train_sample_n_7000,catboost,"learning_rate=NA,subsample=0.8,depth=6",1000,0.290138128,0.088101149,0.288920835,0.289074622,0.865562291,0.289058816,0.087735836,0.286880564,0.287022431,0.864681528,0.291181804,0.08845455,0.291001141,0.291174976,0.866442501,official_holdout_set,0.554835378,0.879028346,0.553031335,0.878465319,0.556629148,0.87964391,0.261347824,0.501347824,evaluation_selection_50_percent_split
without_leakage,pmt_train_and_evaluation_samples_seed_3_241016_with_holdout.csv,train_sample_n_900,catboost,"learning_rate=NA,subsample=0.8,depth=6",1000,0.317516299,0.096841848,0.216040183,0.217348958,0.84424003,0.314544428,0.095889933,0.212379001,0.213652571,0.842001198,0.320374491,0.097784946,0.219956751,0.221319178,0.846591335,evaluation_selection_50_percent_split,0.521467395,0.871599475,0.51699563,0.870161439,0.52595614,0.873061598,0.182613075,0.352613075,evaluation_selection_50_percent_split
without_leakage,pmt_train_and_evaluation_samples_seed_3_241016_with_holdout.csv,train_sample_n_900,catboost,"learning_rate=NA,subsample=0.8,depth=6",1000,0.316352391,0.096716183,0.219405826,0.220801162,0.847016163,0.313403475,0.095733716,0.215615935,0.216974281,0.844742821,0.31919747,0.097665423,0.223184271,0.224625864,0.849310518,evaluation_test_50_percent_split,0.526639586,0.872282122,0.522000511,0.870916586,0.531163485,0.873744366,0.182613075,0.352613075,evaluation_selection_50_percent_split
without_leakage,pmt_train_and_evaluation_samples_seed_3_241016_with_holdout.csv,train_sample_n_900,catboost,"learning_rate=NA,subsample=0.8,depth=6",1000,0.316887609,0.09684995,0.21830779,0.219704353,0.846196421,0.315694918,0.096468084,0.216745997,0.218144548,0.845283866,0.318096385,0.097249864,0.219789038,0.221209977,0.847091464,official_holdout_set,0.526182624,0.871224925,0.524300448,0.870630477,0.528019276,0.871789389,0.182613075,0.352613075,evaluation_selection_50_percent_split
without_leakage,pmt_train_and_evaluation_samples_seed_3_241016_with_holdout.csv,train_sample_n_9000,catboost,"learning_rate=NA,subsample=0.8,depth=6",1000,0.289200961,0.087915917,0.288297903,0.288402513,0.866337289,0.286566215,0.087040489,0.283651177,0.283784755,0.864274704,0.29179123,0.088765834,0.293413805,0.293560935,0.868457296,evaluation_selection_50_percent_split,0.554406932,0.879670199,0.550081228,0.878246687,0.558812327,0.881064542,0.261251091,0.481251091,evaluation_selection_50_percent_split
without_leakage,pmt_train_and_evaluation_samples_seed_3_241016_with_holdout.csv,train_sample_n_9000,catboost,"learning_rate=NA,subsample=0.8,depth=6",1000,0.288012529,0.08764197,0.292643596,0.292774249,0.868310416,0.285484083,0.086778146,0.287671152,0.287736663,0.866284867,0.290383594,0.088443467,0.297625099,0.297742825,0.870354511,evaluation_test_50_percent_split,0.55671453,0.879728297,0.552260964,0.878411176,0.561068861,0.881137406,0.261251091,0.481251091,evaluation_selection_50_percent_split
without_leakage,pmt_train_and_evaluation_samples_seed_3_241016_with_holdout.csv,train_sample_n_9000,catboost,"learning_rate=NA,subsample=0.8,depth=6",1000,0.288629331,0.087797589,0.291370919,0.291501585,0.86769469,0.28758214,0.087446532,0.289342215,0.289471342,0.866825818,0.289686957,0.088154242,0.293458343,0.29360143,0.86856314,official_holdout_set,0.556447293,0.879569306,0.554668833,0.878978623,0.558346576,0.880149258,0.261251091,0.481251091,evaluation_selection_50_percent_split
without_leakage,pmt_train_and_evaluation_samples_seed_4_241016_with_holdout.csv,train_sample_n_300,catboost,"learning_rate=NA,subsample=0.8,depth=6",1000,0.33471458,0.102263582,0.175524996,0.176441832,0.822849329,0.331907354,0.101294128,0.172420732,0.173387418,0.820406362,0.337480128,0.103223693,0.178640657,0.179470254,0.825460531,evaluation_selection_50_percent_split,0.502525401,0.869004449,0.497746183,0.867643876,0.507240105,0.870403754,0.15992142,0.29992142,evaluation_selection_50_percent_split
without_leakage,pmt_train_and_evaluation_samples_seed_4_241016_with_holdout.csv,train_sample_n_300,catboost,"learning_rate=NA,subsample=0.8,depth=6",1000,0.333333856,0.101763215,0.17530362,0.176089711,0.822625709,0.330515055,0.100777108,0.172229443,0.173047047,0.820058875,0.3362142,0.102762708,0.178276288,0.179040583,0.825168665,evaluation_test_50_percent_split,0.499823529,0.870117987,0.4952153,0.868621368,0.504479193,0.871522133,0.15992142,0.29992142,evaluation_selection_50_percent_split
without_leakage,pmt_train_and_evaluation_samples_seed_4_241016_with_holdout.csv,train_sample_n_300,catboost,"learning_rate=NA,subsample=0.8,depth=6",1000,0.334627394,0.102188621,0.175218482,0.176106803,0.822004968,0.33348045,0.101779718,0.173963812,0.174870361,0.820979779,0.335798091,0.102600644,0.176519776,0.177385115,0.823051949,official_holdout_set,0.49992037,0.869066756,0.498163453,0.868469797,0.501707753,0.869657155,0.15992142,0.29992142,evaluation_selection_50_percent_split
without_leakage,pmt_train_and_evaluation_samples_seed_4_241016_with_holdout.csv,train_sample_n_3000,catboost,"learning_rate=NA,subsample=0.8,depth=6",1000,0.298394369,0.09075656,0.268297528,0.268323153,0.859245128,0.295728876,0.089865937,0.263221752,0.263264598,0.857020074,0.301028838,0.091656025,0.273188781,0.273227796,0.861463113,evaluation_selection_50_percent_split,0.544374657,0.877738454,0.539759356,0.876334187,0.5487806,0.879118514,0.212750384,0.442750384,evaluation_selection_50_percent_split
without_leakage,pmt_train_and_evaluation_samples_seed_4_241016_with_holdout.csv,train_sample_n_3000,catboost,"learning_rate=NA,subsample=0.8,depth=6",1000,0.297850524,0.090299458,0.268206724,0.268215034,0.857262322,0.295278183,0.089434163,0.263278719,0.263289195,0.855113532,0.30057573,0.091243386,0.273068362,0.273113716,0.859456905,evaluation_test_50_percent_split,0.542630575,0.878755162,0.538111163,0.877336613,0.547036433,0.880120456,0.212750384,0.442750384,evaluation_selection_50_percent_split
without_leakage,pmt_train_and_evaluation_samples_seed_4_241016_with_holdout.csv,train_sample_n_3000,catboost,"learning_rate=NA,subsample=0.8,depth=6",1000,0.298278209,0.090592893,0.268809548,0.268830657,0.85837025,0.297221683,0.090226581,0.266739495,0.266760125,0.85745923,0.299369662,0.090964336,0.270842471,0.270873852,0.859272024,official_holdout_set,0.544174123,0.877496168,0.542347257,0.876930023,0.545940043,0.878047715,0.212750384,0.442750384,evaluation_selection_50_percent_split
without_leakage,pmt_train_and_evaluation_samples_seed_4_241016_with_holdout.csv,train_sample_n_500,catboost,"learning_rate=NA,subsample=0.8,depth=6",1000,0.340248889,0.102439033,0.174110464,0.174444495,0.809067337,0.337193421,0.101463669,0.170510799,0.1708521,0.806462199,0.343199036,0.103417061,0.177891887,0.178223744,0.811770731,evaluation_selection_50_percent_split,0.484482961,0.866811265,0.47998654,0.865440646,0.489225896,0.868196288,0.154784676,0.384784676,evaluation_selection_50_percent_split
without_leakage,pmt_train_and_evaluation_samples_seed_4_241016_with_holdout.csv,train_sample_n_500,catboost,"learning_rate=NA,subsample=0.8,depth=6",1000,0.338753511,0.101927434,0.173972782,0.174228676,0.808922364,0.335776535,0.100935659,0.17031421,0.17054837,0.806252947,0.3418242,0.102938393,0.1776863,0.177968135,0.811500121,evaluation_test_50_percent_split,0.480021115,0.867857022,0.475517794,0.86643351,0.484464804,0.869285617,0.154784676,0.384784676,evaluation_selection_50_percent_split
without_leakage,pmt_train_and_evaluation_samples_seed_4_241016_with_holdout.csv,train_sample_n_500,catboost,"learning_rate=NA,subsample=0.8,depth=6",1000,0.340043515,0.102366395,0.173783637,0.174100204,0.808345105,0.33879405,0.101962356,0.172269953,0.172582273,0.807261309,0.341298731,0.102781151,0.175380519,0.175697813,0.809516078,official_holdout_set,0.482666998,0.866632438,0.480836315,0.866053134,0.4845895,0.867241443,0.154784676,0.384784676,evaluation_selection_50_percent_split
without_leakage,pmt_train_and_evaluation_samples_seed_4_241016_with_holdout.csv,train_sample_n_5000,catboost,"learning_rate=NA,subsample=0.8,depth=6",1000,0.292271267,0.088991759,0.282525802,0.282527159,0.865174267,0.289689961,0.088134481,0.277436753,0.277441794,0.863019723,0.294925491,0.08987384,0.287535447,0.287537076,0.867339412,evaluation_selection_50_percent_split,0.550800402,0.878774528,0.54627199,0.87739471,0.55523358,0.880106052,0.231257089,0.501257089,evaluation_selection_50_percent_split
without_leakage,pmt_train_and_evaluation_samples_seed_4_241016_with_holdout.csv,train_sample_n_5000,catboost,"learning_rate=NA,subsample=0.8,depth=6",1000,0.292336975,0.08870651,0.281116095,0.281117105,0.862875379,0.289840988,0.087857903,0.276097638,0.276100084,0.860731619,0.294909711,0.089592172,0.286097323,0.286099108,0.864986596,evaluation_test_50_percent_split,0.54868124,0.87970409,0.543934621,0.878304785,0.553220549,0.881069746,0.231257089,0.501257089,evaluation_selection_50_percent_split
without_leakage,pmt_train_and_evaluation_samples_seed_4_241016_with_holdout.csv,train_sample_n_5000,catboost,"learning_rate=NA,subsample=0.8,depth=6",1000,0.292203537,0.088868801,0.282724985,0.282725476,0.864546646,0.291139842,0.088517249,0.28064489,0.280645424,0.86365465,0.293313441,0.089233004,0.284809372,0.284809476,0.865446137,official_holdout_set,0.551737735,0.878940886,0.549935749,0.878373182,0.553621402,0.879510229,0.231257089,0.501257089,evaluation_selection_50_percent_split
without_leakage,pmt_train_and_evaluation_samples_seed_4_241016_with_holdout.csv,train_sample_n_600,catboost,"learning_rate=NA,subsample=0.8,depth=6",1000,0.329047557,0.099305943,0.199370234,0.199390022,0.824743662,0.326137364,0.098350374,0.19516577,0.195185964,0.822256747,0.331958108,0.100261034,0.203530845,0.203546915,0.827288957,evaluation_selection_50_percent_split,0.507254623,0.868234656,0.502699302,0.866820706,0.511955408,0.869580826,0.155402297,0.375402297,evaluation_selection_50_percent_split
without_leakage,pmt_train_and_evaluation_samples_seed_4_241016_with_holdout.csv,train_sample_n_600,catboost,"learning_rate=NA,subsample=0.8,depth=6",1000,0.327902116,0.098893111,0.198563149,0.198567846,0.824040724,0.324950233,0.097943576,0.194385537,0.194391509,0.821500781,0.3307998,0.099862608,0.202528133,0.202538864,0.82670831,evaluation_test_50_percent_split,0.504100228,0.868946352,0.49965887,0.867513036,0.508673463,0.870364901,0.155402297,0.375402297,evaluation_selection_50_percent_split
without_leakage,pmt_train_and_evaluation_samples_seed_4_241016_with_holdout.csv,train_sample_n_600,catboost,"learning_rate=NA,subsample=0.8,depth=6",1000,0.329010412,0.099334329,0.198255955,0.198271661,0.824153394,0.327789042,0.098941353,0.196484569,0.19650388,0.823101797,0.330244432,0.099732203,0.200024118,0.200037617,0.825270686,official_holdout_set,0.505663206,0.867785621,0.503864137,0.86720492,0.507448596,0.868394687,0.155402297,0.375402297,evaluation_selection_50_percent_split
without_leakage,pmt_train_and_evaluation_samples_seed_4_241016_with_holdout.csv,train_sample_n_6000,catboost,"learning_rate=NA,subsample=0.8,depth=6",1000,0.292715323,0.089062156,0.281958248,0.282079885,0.865264441,0.290068009,0.088178007,0.27677937,0.276895123,0.863142975,0.295417991,0.089957877,0.286942459,0.287100169,0.867442901,evaluation_selection_50_percent_split,0.552403766,0.879321614,0.547830094,0.877961041,0.556794787,0.880682187,0.230882389,0.460882389,evaluation_selection_50_percent_split
without_leakage,pmt_train_and_evaluation_samples_seed_4_241016_with_holdout.csv,train_sample_n_6000,catboost,"learning_rate=NA,subsample=0.8,depth=6",1000,0.292551845,0.088705094,0.281127571,0.281206617,0.863172718,0.290003185,0.087830812,0.27611992,0.276160656,0.861025234,0.295229971,0.089594376,0.285943679,0.286009775,0.865256945,evaluation_test_50_percent_split,0.552433487,0.879921956,0.547867167,0.878590552,0.55702891,0.881297053,0.230882389,0.460882389,evaluation_selection_50_percent_split
without_leakage,pmt_train_and_evaluation_samples_seed_4_241016_with_holdout.csv,train_sample_n_6000,catboost,"learning_rate=NA,subsample=0.8,depth=6",1000,0.292690504,0.088951355,0.282058684,0.282170407,0.864621791,0.291605273,0.088591473,0.279947807,0.280059764,0.863733975,0.293807599,0.08932055,0.284119519,0.284237194,0.86550636,official_holdout_set,0.553576942,0.879067217,0.551717612,0.878501862,0.555444388,0.879638302,0.230882389,0.460882389,evaluation_selection_50_percent_split
without_leakage,pmt_train_and_evaluation_samples_seed_4_241016_with_holdout.csv,train_sample_n_700,catboost,"learning_rate=NA,subsample=0.8,depth=6",1000,0.32909329,0.09947577,0.198001047,0.198408614,0.827672641,0.326134489,0.098505703,0.193854196,0.194167779,0.825363522,0.331994976,0.100428676,0.202269304,0.202703525,0.83015005,evaluation_selection_50_percent_split,0.505686092,0.868476729,0.501139158,0.867101753,0.510238313,0.869851827,0.164105335,0.424105335,evaluation_selection_50_percent_split
without_leakage,pmt_train_and_evaluation_samples_seed_4_241016_with_holdout.csv,train_sample_n_700,catboost,"learning_rate=NA,subsample=0.8,depth=6",1000,0.327840298,0.099054111,0.197258393,0.197580762,0.827217688,0.324833036,0.09809438,0.192898023,0.193243645,0.824613891,0.33076582,0.100009663,0.201588293,0.201867097,0.829697553,evaluation_test_50_percent_split,0.501273923,0.869048023,0.496509758,0.867668084,0.505911615,0.870466572,0.164105335,0.424105335,evaluation_selection_50_percent_split
without_leakage,pmt_train_and_evaluation_samples_seed_4_241016_with_holdout.csv,train_sample_n_700,catboost,"learning_rate=NA,subsample=0.8,depth=6",1000,0.32889904,0.099467921,0.197177712,0.197566555,0.827420884,0.327641942,0.099058424,0.195425131,0.195784972,0.826444817,0.330156665,0.099877418,0.198990291,0.199407105,0.828503357,official_holdout_set,0.502439709,0.868214016,0.500594997,0.867621228,0.504248079,0.86882545,0.164105335,0.424105335,evaluation_selection_50_percent_split
without_leakage,pmt_train_and_evaluation_samples_seed_4_241016_with_holdout.csv,train_sample_n_7000,catboost,"learning_rate=NA,subsample=0.8,depth=6",1000,0.291170101,0.088527449,0.286269187,0.286305519,0.866175045,0.288601098,0.087650261,0.280886201,0.280941633,0.864038244,0.293810768,0.089403455,0.291340083,0.291369232,0.868287258,evaluation_selection_50_percent_split,0.556120719,0.879621785,0.551438576,0.878207955,0.560746388,0.880987078,0.251196378,0.521196378,evaluation_selection_50_percent_split
without_leakage,pmt_train_and_evaluation_samples_seed_4_241016_with_holdout.csv,train_sample_n_7000,catboost,"learning_rate=NA,subsample=0.8,depth=6",1000,0.291193717,0.088248047,0.284831513,0.284846578,0.863902737,0.288656737,0.087378851,0.279573711,0.279586896,0.86175908,0.293822764,0.08913584,0.289782543,0.289806867,0.865999807,evaluation_test_50_percent_split,0.551587117,0.880846676,0.546827912,0.879432967,0.55610086,0.882202649,0.251196378,0.521196378,evaluation_selection_50_percent_split
without_leakage,pmt_train_and_evaluation_samples_seed_4_241016_with_holdout.csv,train_sample_n_7000,catboost,"learning_rate=NA,subsample=0.8,depth=6",1000,0.291448167,0.088510508,0.28561683,0.28564786,0.865236492,0.290385641,0.08814914,0.283454819,0.28348074,0.864352958,0.292558501,0.088868782,0.287758978,0.287787952,0.866123946,official_holdout_set,0.554123831,0.879603318,0.552209774,0.87904106,0.55599457,0.880175051,0.251196378,0.521196378,evaluation_selection_50_percent_split
without_leakage,pmt_train_and_evaluation_samples_seed_4_241016_with_holdout.csv,train_sample_n_900,catboost,"learning_rate=NA,subsample=0.8,depth=6",1000,0.321346799,0.097176699,0.216536739,0.216984038,0.835896228,0.318414125,0.096222487,0.212100965,0.212556352,0.833501228,0.324196597,0.098114039,0.221085379,0.221599077,0.838289384,evaluation_selection_50_percent_split,0.52174165,0.871231524,0.517183938,0.869856426,0.526121246,0.87260178,0.163778264,0.403778264,evaluation_selection_50_percent_split
without_leakage,pmt_train_and_evaluation_samples_seed_4_241016_with_holdout.csv,train_sample_n_900,catboost,"learning_rate=NA,subsample=0.8,depth=6",1000,0.320121816,0.096740931,0.21600457,0.216363419,0.835306586,0.317233719,0.095802468,0.211571982,0.211889158,0.832906802,0.323049651,0.097707167,0.220371312,0.220749605,0.837818859,evaluation_test_50_percent_split,0.51936,0.871338036,0.514677619,0.869943694,0.523876859,0.872722695,0.163778264,0.403778264,evaluation_selection_50_percent_split
without_leakage,pmt_train_and_evaluation_samples_seed_4_241016_with_holdout.csv,train_sample_n_900,catboost,"learning_rate=NA,subsample=0.8,depth=6",1000,0.321113027,0.097143488,0.215938602,0.216366442,0.835755481,0.319878669,0.096746843,0.214060308,0.214478338,0.834753717,0.32234099,0.097548756,0.217832279,0.218245563,0.836807084,official_holdout_set,0.519833435,0.870762518,0.518029388,0.870144626,0.521560872,0.871353018,0.163778264,0.403778264,evaluation_selection_50_percent_split
without_leakage,pmt_train_and_evaluation_samples_seed_4_241016_with_holdout.csv,train_sample_n_9000,catboost,"learning_rate=NA,subsample=0.8,depth=6",1000,0.29005595,0.088404601,0.287259622,0.287266377,0.867497916,0.287521272,0.087528636,0.281956407,0.281968149,0.865317656,0.292745942,0.089303689,0.292309624,0.292327879,0.869579867,evaluation_selection_50_percent_split,0.556514119,0.879360345,0.551826563,0.877956199,0.56091226,0.880716077,0.240562328,0.460562328,evaluation_selection_50_percent_split
without_leakage,pmt_train_and_evaluation_samples_seed_4_241016_with_holdout.csv,train_sample_n_9000,catboost,"learning_rate=NA,subsample=0.8,depth=6",1000,0.28978554,0.088036839,0.286543151,0.286543346,0.865429549,0.287275522,0.087159706,0.281560946,0.281563064,0.863285011,0.292377756,0.088922449,0.291545711,0.291546751,0.867524422,evaluation_test_50_percent_split,0.553280058,0.880362529,0.548735646,0.878953541,0.557571754,0.881700226,0.240562328,0.460562328,evaluation_selection_50_percent_split
without_leakage,pmt_train_and_evaluation_samples_seed_4_241016_with_holdout.csv,train_sample_n_9000,catboost,"learning_rate=NA,subsample=0.8,depth=6",1000,0.290029312,0.088302029,0.2872995,0.287304069,0.866806233,0.289003736,0.087941305,0.285189344,0.285190683,0.865916398,0.291104626,0.088648569,0.289338982,0.289349384,0.867687347,official_holdout_set,0.554885428,0.879643809,0.55300139,0.879076125,0.556711297,0.880209083,0.240562328,0.460562328,evaluation_selection_50_percent_split
without_leakage,pmt_train_and_evaluation_samples_seed_5_241016_with_holdout.csv,train_sample_n_300,catboost,"learning_rate=NA,subsample=0.8,depth=6",1000,0.335918319,0.102921014,0.169971615,0.173111115,0.827589378,0.333098172,0.101883016,0.167137051,0.170312621,0.82511058,0.338813128,0.103938093,0.172872999,0.175985676,0.830158558,evaluation_selection_50_percent_split,0.504702591,0.871158902,0.500056251,0.869711061,0.50912816,0.872596938,0.140435996,0.270435996,evaluation_selection_50_percent_split
without_leakage,pmt_train_and_evaluation_samples_seed_5_241016_with_holdout.csv,train_sample_n_300,catboost,"learning_rate=NA,subsample=0.8,depth=6",1000,0.335509879,0.102686129,0.168079753,0.171014429,0.825554484,0.332628196,0.101655557,0.165147194,0.168136012,0.823089844,0.338331137,0.103702301,0.170963731,0.17382192,0.828035907,evaluation_test_50_percent_split,0.497887086,0.871279938,0.493327078,0.869851585,0.502401441,0.87273722,0.140435996,0.270435996,evaluation_selection_50_percent_split
without_leakage,pmt_train_and_evaluation_samples_seed_5_241016_with_holdout.csv,train_sample_n_300,catboost,"learning_rate=NA,subsample=0.8,depth=6",1000,0.335560671,0.10277079,0.170519704,0.17361949,0.827467209,0.334471709,0.102371857,0.169333778,0.172434886,0.826431957,0.336682924,0.10317565,0.171689892,0.174777406,0.828513546,official_holdout_set,0.503494013,0.871055673,0.501682526,0.87043614,0.505321674,0.871629045,0.140435996,0.270435996,evaluation_selection_50_percent_split
without_leakage,pmt_train_and_evaluation_samples_seed_5_241016_with_holdout.csv,train_sample_n_3000,catboost,"learning_rate=NA,subsample=0.8,depth=6",1000,0.298073719,0.090653318,0.268907059,0.269667726,0.859028948,0.295322992,0.089736753,0.264266223,0.264980325,0.856870827,0.300751034,0.091535163,0.273523356,0.274322256,0.861149376,evaluation_selection_50_percent_split,0.546737267,0.876552295,0.542386132,0.875065844,0.551453549,0.877932113,0.231677113,0.431677113,evaluation_selection_50_percent_split
without_leakage,pmt_train_and_evaluation_samples_seed_5_241016_with_holdout.csv,train_sample_n_3000,catboost,"learning_rate=NA,subsample=0.8,depth=6",1000,0.29838532,0.090800037,0.264375917,0.265041201,0.857686595,0.295637636,0.089869555,0.259690962,0.260299605,0.855520946,0.301031633,0.091705796,0.268937289,0.269610136,0.859776643,evaluation_test_50_percent_split,0.539643031,0.876479673,0.534965696,0.875046357,0.54397666,0.877946758,0.231677113,0.431677113,evaluation_selection_50_percent_split
without_leakage,pmt_train_and_evaluation_samples_seed_5_241016_with_holdout.csv,train_sample_n_3000,catboost,"learning_rate=NA,subsample=0.8,depth=6",1000,0.297573465,0.090575785,0.268947635,0.269690291,0.859482621,0.296490368,0.090222833,0.267063664,0.267781695,0.858577724,0.298669667,0.090944644,0.270860393,0.271622418,0.860401381,official_holdout_set,0.545454545,0.876552728,0.54357422,0.875974436,0.547314906,0.877105835,0.231677113,0.431677113,evaluation_selection_50_percent_split
without_leakage,pmt_train_and_evaluation_samples_seed_5_241016_with_holdout.csv,train_sample_n_500,catboost,"learning_rate=NA,subsample=0.8,depth=6",1000,0.330377324,0.100529802,0.189256054,0.191617225,0.826212395,0.327530262,0.099519992,0.185946182,0.188343005,0.823637505,0.333231629,0.101524671,0.192622085,0.195007146,0.828741928,evaluation_selection_50_percent_split,0.509142138,0.870398792,0.504570442,0.868888012,0.513721156,0.871841912,0.170773507,0.310773507,evaluation_selection_50_percent_split
without_leakage,pmt_train_and_evaluation_samples_seed_5_241016_with_holdout.csv,train_sample_n_500,catboost,"learning_rate=NA,subsample=0.8,depth=6",1000,0.330333783,0.100426421,0.186386966,0.188573338,0.824364298,0.327416837,0.099404689,0.183150317,0.185303116,0.821786258,0.333159612,0.10142862,0.189710192,0.191812303,0.826915543,evaluation_test_50_percent_split,0.503628972,0.870437523,0.498935063,0.869018853,0.508118337,0.87188028,0.170773507,0.310773507,evaluation_selection_50_percent_split
without_leakage,pmt_train_and_evaluation_samples_seed_5_241016_with_holdout.csv,train_sample_n_500,catboost,"learning_rate=NA,subsample=0.8,depth=6",1000,0.330451198,0.100482047,0.188992525,0.191321879,0.82497206,0.329344475,0.100103483,0.187609166,0.189952276,0.823936644,0.331573186,0.100874154,0.190337362,0.192670006,0.826052317,official_holdout_set,0.508368875,0.87048637,0.506532407,0.869892671,0.510261285,0.871076829,0.170773507,0.310773507,evaluation_selection_50_percent_split
without_leakage,pmt_train_and_evaluation_samples_seed_5_241016_with_holdout.csv,train_sample_n_5000,catboost,"learning_rate=NA,subsample=0.8,depth=6",1000,0.293032904,0.088968918,0.282491256,0.282626277,0.863000434,0.290431693,0.088082163,0.277781665,0.277881616,0.860925576,0.29556897,0.089847632,0.287230319,0.28742715,0.865083451,evaluation_selection_50_percent_split,0.549208451,0.879675041,0.544612881,0.878237004,0.553701147,0.881074225,0.24216795,0.48216795,evaluation_selection_50_percent_split
without_leakage,pmt_train_and_evaluation_samples_seed_5_241016_with_holdout.csv,train_sample_n_5000,catboost,"learning_rate=NA,subsample=0.8,depth=6",1000,0.293620499,0.089224945,0.277136659,0.277232087,0.861495818,0.291042262,0.088345923,0.272540067,0.272598888,0.859375374,0.296169133,0.090097292,0.281647962,0.281757753,0.863533054,evaluation_test_50_percent_split,0.543993499,0.879331297,0.539350813,0.877926666,0.548154452,0.88082731,0.24216795,0.48216795,evaluation_selection_50_percent_split
without_leakage,pmt_train_and_evaluation_samples_seed_5_241016_with_holdout.csv,train_sample_n_5000,catboost,"learning_rate=NA,subsample=0.8,depth=6",1000,0.29278835,0.088966199,0.28193887,0.282066398,0.863221233,0.291735198,0.088610374,0.280015257,0.280143515,0.862348979,0.293874666,0.089324307,0.283851707,0.28397664,0.864131757,official_holdout_set,0.54811747,0.878988665,0.5463127,0.878404704,0.550019033,0.879541002,0.24216795,0.48216795,evaluation_selection_50_percent_split
without_leakage,pmt_train_and_evaluation_samples_seed_5_241016_with_holdout.csv,train_sample_n_600,catboost,"learning_rate=NA,subsample=0.8,depth=6",1000,0.322680333,0.098384105,0.206560483,0.20956159,0.839714766,0.319912117,0.097377142,0.202930373,0.205942383,0.837309043,0.325528031,0.099394182,0.21016801,0.213094733,0.842147701,evaluation_selection_50_percent_split,0.520702671,0.872388634,0.516116544,0.870902304,0.525464047,0.873821708,0.158506493,0.338506493,evaluation_selection_50_percent_split
without_leakage,pmt_train_and_evaluation_samples_seed_5_241016_with_holdout.csv,train_sample_n_600,catboost,"learning_rate=NA,subsample=0.8,depth=6",1000,0.322643569,0.098314461,0.203497189,0.206306927,0.838256429,0.319781761,0.09731863,0.19984802,0.202656061,0.83580914,0.325481011,0.099336193,0.207107802,0.209891492,0.840475025,evaluation_test_50_percent_split,0.513951658,0.872916354,0.509115071,0.871468756,0.518450138,0.874369036,0.158506493,0.338506493,evaluation_selection_50_percent_split
without_leakage,pmt_train_and_evaluation_samples_seed_5_241016_with_holdout.csv,train_sample_n_600,catboost,"learning_rate=NA,subsample=0.8,depth=6",1000,0.322597945,0.098293774,0.206654444,0.209619194,0.838887849,0.321487251,0.097907668,0.205095968,0.208089312,0.837934138,0.323708157,0.098683115,0.208128033,0.21108874,0.839889998,official_holdout_set,0.519002896,0.872832417,0.517093796,0.872253376,0.520860118,0.873410689,0.158506493,0.338506493,evaluation_selection_50_percent_split
without_leakage,pmt_train_and_evaluation_samples_seed_5_241016_with_holdout.csv,train_sample_n_6000,catboost,"learning_rate=NA,subsample=0.8,depth=6",1000,0.29070181,0.088224226,0.288496986,0.288754293,0.866019594,0.288109321,0.087356961,0.283491719,0.283729824,0.86400227,0.293348393,0.089119868,0.293345719,0.293687549,0.868047458,evaluation_selection_50_percent_split,0.552725785,0.880653017,0.548225663,0.879176128,0.557299958,0.882042639,0.23179602,0.49179602,evaluation_selection_50_percent_split
without_leakage,pmt_train_and_evaluation_samples_seed_5_241016_with_holdout.csv,train_sample_n_6000,catboost,"learning_rate=NA,subsample=0.8,depth=6",1000,0.291393351,0.088503093,0.282984804,0.283187206,0.864477671,0.288801613,0.087620617,0.278190778,0.278446334,0.862381118,0.293923304,0.089392153,0.28759646,0.287841803,0.866537894,evaluation_test_50_percent_split,0.547626367,0.879960687,0.543048012,0.878512847,0.55181291,0.881374395,0.23179602,0.49179602,evaluation_selection_50_percent_split
without_leakage,pmt_train_and_evaluation_samples_seed_5_241016_with_holdout.csv,train_sample_n_6000,catboost,"learning_rate=NA,subsample=0.8,depth=6",1000,0.290451059,0.088185113,0.288243146,0.288490122,0.866114296,0.289393358,0.087836082,0.286272283,0.286512217,0.865253483,0.291543155,0.088539753,0.290269772,0.29053667,0.867001961,official_holdout_set,0.552405431,0.880096498,0.550623054,0.879516586,0.554258363,0.880649666,0.23179602,0.49179602,evaluation_selection_50_percent_split
without_leakage,pmt_train_and_evaluation_samples_seed_5_241016_with_holdout.csv,train_sample_n_700,catboost,"learning_rate=NA,subsample=0.8,depth=6",1000,0.317111089,0.09645121,0.222148724,0.225220912,0.840960995,0.314314687,0.095459363,0.218310029,0.221331837,0.83856383,0.319816987,0.097405083,0.225889891,0.228915673,0.843399318,evaluation_selection_50_percent_split,0.525694175,0.873221366,0.521008133,0.871793013,0.53033605,0.874654682,0.189197042,0.349197042,evaluation_selection_50_percent_split
without_leakage,pmt_train_and_evaluation_samples_seed_5_241016_with_holdout.csv,train_sample_n_700,catboost,"learning_rate=NA,subsample=0.8,depth=6",1000,0.317512783,0.096572526,0.21760962,0.220496283,0.839080259,0.314742669,0.095608749,0.213859421,0.216701018,0.836602251,0.320330507,0.09755187,0.221367893,0.224210956,0.841345546,evaluation_test_50_percent_split,0.519046552,0.873327879,0.51441355,0.871860793,0.523413533,0.874761074,0.189197042,0.349197042,evaluation_selection_50_percent_split
without_leakage,pmt_train_and_evaluation_samples_seed_5_241016_with_holdout.csv,train_sample_n_700,catboost,"learning_rate=NA,subsample=0.8,depth=6",1000,0.317113817,0.096422776,0.221755585,0.224793297,0.840248505,0.316016641,0.096048737,0.220188469,0.223220336,0.839291582,0.318250361,0.096807789,0.223261155,0.226334769,0.84122033,official_holdout_set,0.524079672,0.873387143,0.522263609,0.872797574,0.525926124,0.873956548,0.189197042,0.349197042,evaluation_selection_50_percent_split
without_leakage,pmt_train_and_evaluation_samples_seed_5_241016_with_holdout.csv,train_sample_n_7000,catboost,"learning_rate=NA,subsample=0.8,depth=6",1000,0.288735486,0.087586196,0.293642515,0.293770764,0.86770843,0.286185273,0.086722729,0.288672038,0.288754868,0.865696816,0.291231909,0.088472914,0.298494214,0.298650074,0.869735778,evaluation_selection_50_percent_split,0.556941808,0.880890249,0.552423472,0.87947642,0.561486022,0.882236418,0.262235433,0.472235433,evaluation_selection_50_percent_split
without_leakage,pmt_train_and_evaluation_samples_seed_5_241016_with_holdout.csv,train_sample_n_7000,catboost,"learning_rate=NA,subsample=0.8,depth=6",1000,0.289892023,0.088004305,0.287025778,0.287115947,0.865679061,0.287317343,0.087133745,0.282136164,0.282205776,0.863539413,0.292422504,0.088891022,0.291801684,0.291900329,0.867706757,evaluation_test_50_percent_split,0.55084234,0.880270541,0.546166504,0.878856712,0.555194925,0.881669846,0.262235433,0.472235433,evaluation_selection_50_percent_split
without_leakage,pmt_train_and_evaluation_samples_seed_5_241016_with_holdout.csv,train_sample_n_7000,catboost,"learning_rate=NA,subsample=0.8,depth=6",1000,0.288858593,0.087700176,0.292157155,0.292278317,0.867483085,0.287822545,0.087348306,0.290158433,0.290258313,0.866636272,0.28990657,0.088056107,0.294135721,0.294270054,0.8683562,official_holdout_set,0.555887276,0.880204204,0.554025024,0.879619474,0.557748623,0.88077043,0.262235433,0.472235433,evaluation_selection_50_percent_split
without_leakage,pmt_train_and_evaluation_samples_seed_5_241016_with_holdout.csv,train_sample_n_900,catboost,"learning_rate=NA,subsample=0.8,depth=6",1000,0.311642023,0.094185247,0.240423067,0.242739433,0.845741609,0.30874125,0.093211192,0.236066325,0.23836162,0.843356735,0.314519807,0.095134242,0.244561889,0.246964129,0.848116915,evaluation_selection_50_percent_split,0.534766194,0.874717379,0.530114182,0.873279343,0.539349648,0.876140892,0.195829549,0.405829549,evaluation_selection_50_percent_split
without_leakage,pmt_train_and_evaluation_samples_seed_5_241016_with_holdout.csv,train_sample_n_900,catboost,"learning_rate=NA,subsample=0.8,depth=6",1000,0.312023134,0.094237525,0.236526826,0.238679393,0.843634776,0.309170172,0.093288245,0.232279197,0.234381062,0.841186396,0.314895986,0.09519504,0.240680656,0.242832822,0.845845006,evaluation_test_50_percent_split,0.528110448,0.875090172,0.523348348,0.873705392,0.532662893,0.876542733,0.195829549,0.405829549,evaluation_selection_50_percent_split
without_leakage,pmt_train_and_evaluation_samples_seed_5_241016_with_holdout.csv,train_sample_n_900,catboost,"learning_rate=NA,subsample=0.8,depth=6",1000,0.311525308,0.094101385,0.240491921,0.242776898,0.844899572,0.310383798,0.093729616,0.238682155,0.240935615,0.843909459,0.31269602,0.094488631,0.242203197,0.244491118,0.84585174,official_holdout_set,0.532656102,0.874937948,0.530776259,0.874369414,0.534582828,0.875522678,0.195829549,0.405829549,evaluation_selection_50_percent_split
without_leakage,pmt_train_and_evaluation_samples_seed_5_241016_with_holdout.csv,train_sample_n_9000,catboost,"learning_rate=NA,subsample=0.8,depth=6",1000,0.287148356,0.087185143,0.296876888,0.296928977,0.869400607,0.284604433,0.086342621,0.291906082,0.291944332,0.867406958,0.289707867,0.088061061,0.301948339,0.302052816,0.871364359,evaluation_selection_50_percent_split,0.558602103,0.881325981,0.554136749,0.879912273,0.563270621,0.882681591,0.251304876,0.511304876,evaluation_selection_50_percent_split
without_leakage,pmt_train_and_evaluation_samples_seed_5_241016_with_holdout.csv,train_sample_n_9000,catboost,"learning_rate=NA,subsample=0.8,depth=6",1000,0.288350749,0.087630075,0.290057631,0.290086411,0.867421664,0.285777458,0.08675702,0.285100981,0.285106784,0.865242717,0.290883243,0.088500434,0.294818609,0.294848874,0.869414673,evaluation_test_50_percent_split,0.553659539,0.880619127,0.549142641,0.879229626,0.557738146,0.882023273,0.251304876,0.511304876,evaluation_selection_50_percent_split
without_leakage,pmt_train_and_evaluation_samples_seed_5_241016_with_holdout.csv,train_sample_n_9000,catboost,"learning_rate=NA,subsample=0.8,depth=6",1000,0.2876667,0.087386669,0.294687527,0.294735112,0.868725564,0.286652673,0.087036544,0.292664081,0.292706148,0.867891271,0.288716916,0.087745135,0.296753067,0.296799823,0.869621419,official_holdout_set,0.557647306,0.880567003,0.555861359,0.879979864,0.559435831,0.881116081,0.251304876,0.511304876,evaluation_selection_50_percent_split