feature_set,sampling_file,training_set,model,grid_row,step,estimate_LogLoss,estimate_MSE,estimate_In_Sample_R2,estimate_R2_Holdout,estimate_AUC,ci_lower_LogLoss,ci_lower_MSE,ci_lower_In_Sample_R2,ci_lower_R2_Holdout,ci_lower_AUC,ci_upper_LogLoss,ci_upper_MSE,ci_upper_In_Sample_R2,ci_upper_R2_Holdout,ci_upper_AUC,evaluation_set,estimate_F1_Score,estimate_Accuracy,ci_lower_F1_Score,ci_lower_Accuracy,ci_upper_F1_Score,ci_upper_Accuracy,threshold_F1_Score,threshold_Accuracy,selection_set
ego_AS,pmt_train_and_evaluation_samples_seed_1_241016_with_holdout.csv,train_sample_n_300,catboost,"learning_rate=NA,subsample=0.8,depth=6",1000,0.383585493281473,0.118189970837683,0.0409210118275596,0.041604864642935,0.722406948563247,0.38062865146477,0.117221993389208,0.0368901531228921,0.037655114804396,0.719653485607099,0.38620556736519,0.119088625757169,0.0450327701414744,0.0456455576519172,0.725304097689637,evaluation_selection_50_percent_split,0.359563114059149,0.856043844317813,0.355660004102726,0.854620453258065,0.363334275369791,0.85761272143656,0.165889648494819,0.585889648494819,evaluation_selection_50_percent_split
ego_AS,pmt_train_and_evaluation_samples_seed_1_241016_with_holdout.csv,train_sample_n_300,catboost,"learning_rate=NA,subsample=0.8,depth=6",1000,0.387041336998402,0.119303082817422,0.0393987236230184,0.0398961492410316,0.719807324118261,0.384124684857919,0.118309880888172,0.0351542869834035,0.0358021552377545,0.716864818204277,0.390016334927563,0.120298082050383,0.0436509739096032,0.0440671331035788,0.722704045160631,evaluation_test_50_percent_split,0.358680369908315,0.854688233784719,0.354801954990342,0.853216428063075,0.362430276789245,0.856208575204915,0.165889648494819,0.585889648494819,evaluation_selection_50_percent_split
ego_AS,pmt_train_and_evaluation_samples_seed_1_241016_with_holdout.csv,train_sample_n_300,catboost,"learning_rate=NA,subsample=0.8,depth=6",1000,0.386127868831643,0.119130432230822,0.0384782808012819,0.0390310457472701,0.720241175340967,0.384960390404434,0.118733642485256,0.0368273611086352,0.0373718514432925,0.719062987569267,0.387312089920308,0.119522073927699,0.040261378178913,0.0407827112021356,0.721436308566753,official_holdout_set,0.358212173382295,0.855108706127014,0.356738891407333,0.854504520007807,0.359823937647154,0.85571445114885,0.165889648494819,0.585889648494819,evaluation_selection_50_percent_split
ego_AS,pmt_train_and_evaluation_samples_seed_1_241016_with_holdout.csv,train_sample_n_3000,catboost,"learning_rate=NA,subsample=0.8,depth=6",1000,0.366242866345846,0.113437741060995,0.07948404465924,0.0794869422168592,0.746317264784851,0.363398325097213,0.112486059812777,0.0763896904524097,0.0763972903439878,0.743844362904862,0.368768941593784,0.114302894057603,0.0827098060278599,0.0827667523223588,0.749052372570026,evaluation_selection_50_percent_split,0.387635756056809,0.856043844317813,0.383925527662379,0.854620453258065,0.391469519416255,0.85761272143656,0.181179656454272,0.671179656454273,evaluation_selection_50_percent_split
ego_AS,pmt_train_and_evaluation_samples_seed_1_241016_with_holdout.csv,train_sample_n_3000,catboost,"learning_rate=NA,subsample=0.8,depth=6",1000,0.369422547602733,0.114489293867333,0.0781582569096883,0.0781873089621128,0.744258622418081,0.366652973853408,0.113543469230652,0.0747936157625032,0.0748060688149798,0.741546134602002,0.372140438355919,0.115442462906033,0.0812775881095778,0.0813473882942672,0.746887788169161,evaluation_test_50_percent_split,0.387530608400829,0.854688233784719,0.383808616572455,0.853216428063075,0.391215288614176,0.856208575204915,0.181179656454272,0.671179656454273,evaluation_selection_50_percent_split
ego_AS,pmt_train_and_evaluation_samples_seed_1_241016_with_holdout.csv,train_sample_n_3000,catboost,"learning_rate=NA,subsample=0.8,depth=6",1000,0.368039864930563,0.114092229545429,0.0791424605328257,0.07916050039556,0.745347522847921,0.366897724429436,0.113717042932578,0.0778058142464091,0.0778322740569959,0.744247802258322,0.369123011510193,0.114460457413917,0.0804622226947951,0.080482276438784,0.746449138432384,official_holdout_set,0.388323096395766,0.855108706127014,0.386854072394208,0.854504520007807,0.389818990630196,0.85571445114885,0.181179656454272,0.671179656454273,evaluation_selection_50_percent_split
ego_AS,pmt_train_and_evaluation_samples_seed_1_241016_with_holdout.csv,train_sample_n_30000,catboost,"learning_rate=NA,subsample=0.8,depth=6",1000,0.358236089911475,0.110945317963378,0.0997093700875981,0.0997104094042464,0.756217353064129,0.355414403025329,0.109987375549901,0.0971089763538582,0.0971141699522802,0.75365115745295,0.360737037613458,0.111808844168278,0.102542609754589,0.102547737970531,0.759043114451632,evaluation_selection_50_percent_split,0.395504799668221,0.856043844317813,0.391663765821638,0.854620453258065,0.399417246854522,0.85761272143656,0.20077392829137,0.45077392829137,evaluation_selection_50_percent_split
ego_AS,pmt_train_and_evaluation_samples_seed_1_241016_with_holdout.csv,train_sample_n_30000,catboost,"learning_rate=NA,subsample=0.8,depth=6",1000,0.360761559448244,0.111747700933047,0.100232939388866,0.100239874929407,0.755676778145897,0.358157955303349,0.110849193222296,0.0975326015537692,0.0975380811650897,0.753102343147309,0.363369873255179,0.112682558378244,0.103038235427759,0.103042856590496,0.758346603393208,evaluation_test_50_percent_split,0.396955292135508,0.854688233784719,0.393119196019262,0.853216428063075,0.400834439169283,0.856208575204915,0.20077392829137,0.45077392829137,evaluation_selection_50_percent_split
ego_AS,pmt_train_and_evaluation_samples_seed_1_241016_with_holdout.csv,train_sample_n_30000,catboost,"learning_rate=NA,subsample=0.8,depth=6",1000,0.359739805040847,0.111519475255343,0.09990759234471,0.0999098540153521,0.755900223859951,0.358658872752465,0.111147782943742,0.0988110012777131,0.0988123644172541,0.754830988582048,0.360771760213146,0.111877956347315,0.101026312070859,0.101035908030375,0.756982055667045,official_holdout_set,0.397530039493185,0.855108706127014,0.395956828485668,0.854504520007807,0.399136862264268,0.85571445114885,0.20077392829137,0.45077392829137,evaluation_selection_50_percent_split
ego_AS,pmt_train_and_evaluation_samples_seed_1_241016_with_holdout.csv,train_sample_n_300000,catboost,"learning_rate=NA,subsample=0.8,depth=6",1000,0.354572767683473,0.110151955334505,0.106147288820975,0.106170628660787,0.762964482326104,0.351919767565024,0.109220366817976,0.103617576299676,0.103657953497067,0.760499170325747,0.356962628095263,0.111003506247007,0.108808204547548,0.108820044263965,0.765666517883948,evaluation_selection_50_percent_split,0.400679045092838,0.856043844317813,0.396852098260986,0.854620453258065,0.404776955298557,0.85761272143656,0.220338604756075,0.400338604756075,evaluation_selection_50_percent_split
ego_AS,pmt_train_and_evaluation_samples_seed_1_241016_with_holdout.csv,train_sample_n_300000,catboost,"learning_rate=NA,subsample=0.8,depth=6",1000,0.357258240379966,0.111053708432419,0.105820809091445,0.105822191788669,0.761733766790856,0.354714390311504,0.110148459094281,0.103316413064457,0.103317467367958,0.759297544688819,0.359734824313404,0.111964478282619,0.108395307082526,0.10839744953826,0.764434894841292,evaluation_test_50_percent_split,0.400774606382083,0.854688233784719,0.396890975103499,0.853216428063075,0.404771322123414,0.856208575204915,0.220338604756075,0.400338604756075,evaluation_selection_50_percent_split
ego_AS,pmt_train_and_evaluation_samples_seed_1_241016_with_holdout.csv,train_sample_n_300000,catboost,"learning_rate=NA,subsample=0.8,depth=6",1000,0.356246751687862,0.11078149764961,0.105863933498744,0.105869254906445,0.762112071409223,0.355223473416139,0.110409652150394,0.104837265237851,0.104840474213019,0.761054569347688,0.357232667788863,0.111131587383227,0.10692880295812,0.106935973136694,0.763179270911139,official_holdout_set,0.40108763327201,0.855108706127014,0.399513564342758,0.854504520007807,0.402693581081977,0.85571445114885,0.220338604756075,0.400338604756075,evaluation_selection_50_percent_split
ego_AS,pmt_train_and_evaluation_samples_seed_1_241016_with_holdout.csv,train_sample_n_500,catboost,"learning_rate=NA,subsample=0.8,depth=6",1000,0.369553570420403,0.114763679711153,0.0687244185254895,0.068847980032276,0.736131400631224,0.366835468935088,0.11381809509291,0.0655088788962264,0.0656755583573613,0.733571478210244,0.371954363884227,0.115648201411606,0.0720439755939819,0.0721400647526094,0.738908831918279,evaluation_selection_50_percent_split,0.378916281458654,0.856043844317813,0.375255801201395,0.854620453258065,0.382545759794271,0.85761272143656,0.189299221095017,0.619299221095017,evaluation_selection_50_percent_split
ego_AS,pmt_train_and_evaluation_samples_seed_1_241016_with_holdout.csv,train_sample_n_500,catboost,"learning_rate=NA,subsample=0.8,depth=6",1000,0.37263559095966,0.115834510053658,0.067326882270659,0.0673811485133501,0.733878066332048,0.369921979757299,0.114863467092878,0.06403390426309,0.0641390529090349,0.731140100808996,0.37522030854625,0.116776595273249,0.0706999823909108,0.0707350558509737,0.736588778101813,evaluation_test_50_percent_split,0.378861596384172,0.854688233784719,0.375133132067532,0.853216428063075,0.382465772947905,0.856208575204915,0.189299221095017,0.619299221095017,evaluation_selection_50_percent_split
ego_AS,pmt_train_and_evaluation_samples_seed_1_241016_with_holdout.csv,train_sample_n_500,catboost,"learning_rate=NA,subsample=0.8,depth=6",1000,0.371579272041119,0.115516150599769,0.0676497546428705,0.06772247247702,0.73466826540117,0.370525906625406,0.115143424346467,0.0663190922897422,0.0664074043217716,0.733600562048425,0.372630339179503,0.115886747359565,0.0690137266786786,0.0690790194089939,0.735802289956878,official_holdout_set,0.379519166070341,0.855108706127014,0.378112260564091,0.854504520007807,0.381001247309458,0.85571445114885,0.189299221095017,0.619299221095017,evaluation_selection_50_percent_split
ego_AS,pmt_train_and_evaluation_samples_seed_1_241016_with_holdout.csv,train_sample_n_5000,catboost,"learning_rate=NA,subsample=0.8,depth=6",1000,0.362892066391248,0.112249937113474,0.0891227458118184,0.0892104012437937,0.749254558494512,0.360139210020121,0.111316539818128,0.0862034345757073,0.0863334819577689,0.746692183324497,0.365256036378424,0.113098891206918,0.0922126334106558,0.0922808798782882,0.752145731058208,evaluation_selection_50_percent_split,0.390538190130696,0.856043844317813,0.386657564850196,0.854620453258065,0.394368163144313,0.85761272143656,0.191544226453146,0.531544226453146,evaluation_selection_50_percent_split
ego_AS,pmt_train_and_evaluation_samples_seed_1_241016_with_holdout.csv,train_sample_n_5000,catboost,"learning_rate=NA,subsample=0.8,depth=6",1000,0.365608882450585,0.11316848107303,0.0887931409889622,0.0888251337307234,0.748020767770822,0.362923993312698,0.112242749903943,0.0856918270991937,0.0857677717158036,0.745293237858006,0.368225815864101,0.114128999048036,0.0917639164723233,0.0918326733090542,0.750766720230486,evaluation_test_50_percent_split,0.391294924337957,0.854688233784719,0.387454076262486,0.853216428063075,0.395118909611094,0.856208575204915,0.191544226453146,0.531544226453146,evaluation_selection_50_percent_split
ego_AS,pmt_train_and_evaluation_samples_seed_1_241016_with_holdout.csv,train_sample_n_5000,catboost,"learning_rate=NA,subsample=0.8,depth=6",1000,0.36459018695716,0.112896961430073,0.0887896701639756,0.0888359543399919,0.748480174416749,0.363493122257354,0.112525522488282,0.0875959802817905,0.0876679876434503,0.747414609112508,0.365631391374489,0.11325800315889,0.0899875145559422,0.0900325755008979,0.749568032664423,official_holdout_set,0.391619470078023,0.855108706127014,0.390108268068483,0.854504520007807,0.393147069912065,0.85571445114885,0.191544226453146,0.531544226453146,evaluation_selection_50_percent_split
ego_AS,pmt_train_and_evaluation_samples_seed_1_241016_with_holdout.csv,train_sample_n_50000,catboost,"learning_rate=NA,subsample=0.8,depth=6",1000,0.356928241877161,0.110646533043802,0.102133927233331,0.102143129465147,0.758923537190612,0.354151748104946,0.109703505135591,0.0995228271747396,0.099533401564391,0.756376214669622,0.359305936832292,0.111506503711753,0.105017521133193,0.105019268629285,0.761686187564372,evaluation_selection_50_percent_split,0.399043494127477,0.856043844317813,0.395232982246324,0.854620453258065,0.402866000267737,0.85761272143656,0.180385985086951,0.410385985086951,evaluation_selection_50_percent_split
ego_AS,pmt_train_and_evaluation_samples_seed_1_241016_with_holdout.csv,train_sample_n_50000,catboost,"learning_rate=NA,subsample=0.8,depth=6",1000,0.359441995452529,0.111488691781034,0.102318422145398,0.10231881039755,0.757995905665375,0.356880896283386,0.110592606749874,0.0996684973327466,0.0996739521558549,0.755449300091749,0.362051498888785,0.112424385812907,0.105034901637566,0.105035424785758,0.760627442761374,evaluation_test_50_percent_split,0.399744705983215,0.854688233784719,0.396068841177215,0.853216428063075,0.403610919577736,0.856208575204915,0.180385985086951,0.410385985086951,evaluation_selection_50_percent_split
ego_AS,pmt_train_and_evaluation_samples_seed_1_241016_with_holdout.csv,train_sample_n_50000,catboost,"learning_rate=NA,subsample=0.8,depth=6",1000,0.358369474775516,0.111222582775875,0.102303861391414,0.102304119402065,0.758591188201152,0.357314986787304,0.110848958203228,0.101227679962775,0.101231070025317,0.757533246508886,0.359374852881576,0.111576459226314,0.103443868716391,0.103447966699745,0.759675322103241,official_holdout_set,0.400439475627122,0.855108706127014,0.398912294421307,0.854504520007807,0.401961000851421,0.85571445114885,0.180385985086951,0.410385985086951,evaluation_selection_50_percent_split
ego_AS,pmt_train_and_evaluation_samples_seed_1_241016_with_holdout.csv,train_sample_n_500000,catboost,"learning_rate=NA,subsample=0.8,depth=6",1000,0.354389394448678,0.110125674773102,0.106360548322272,0.106373334012839,0.763157254833881,0.35171819478597,0.109189056080632,0.103830871031985,0.103859935763547,0.760676732761092,0.356729068106185,0.110981094054887,0.108968177525814,0.108983494802144,0.765858243391557,evaluation_selection_50_percent_split,0.401220621460638,0.856043844317813,0.397491506835409,0.854620453258065,0.404927077581569,0.85761272143656,0.200542257372216,0.390542257372216,evaluation_selection_50_percent_split
ego_AS,pmt_train_and_evaluation_samples_seed_1_241016_with_holdout.csv,train_sample_n_500000,catboost,"learning_rate=NA,subsample=0.8,depth=6",1000,0.357159758261409,0.111037212664703,0.105953629259613,0.105953634809507,0.761806533410889,0.354615644940329,0.110125075264118,0.103422397907321,0.103434773757216,0.759371439062015,0.359650316103805,0.111945845783273,0.108515847187474,0.108527090408504,0.764485842473593,evaluation_test_50_percent_split,0.401768230025011,0.854688233784719,0.397963166888222,0.853216428063075,0.405555513633322,0.856208575204915,0.200542257372216,0.390542257372216,evaluation_selection_50_percent_split
ego_AS,pmt_train_and_evaluation_samples_seed_1_241016_with_holdout.csv,train_sample_n_500000,catboost,"learning_rate=NA,subsample=0.8,depth=6",1000,0.356057558960061,0.110749704508802,0.10612054127592,0.106121653904359,0.762373827254642,0.355029236898846,0.110379659661448,0.105095145611342,0.10509586436637,0.761300572233791,0.357043948950984,0.111102037639602,0.107186401246859,0.107187159538288,0.763451529746313,official_holdout_set,0.402093194522397,0.855108706127014,0.400589239926753,0.854504520007807,0.403636005375061,0.85571445114885,0.200542257372216,0.390542257372216,evaluation_selection_50_percent_split
ego_AS,pmt_train_and_evaluation_samples_seed_1_241016_with_holdout.csv,train_sample_n_600,catboost,"learning_rate=NA,subsample=0.8,depth=6",1000,0.365790991495862,0.113503188451262,0.0789529571533331,0.0790961351866999,0.741702441187847,0.363229929648886,0.112581063317629,0.0760906095280298,0.0762630003285328,0.739134757870485,0.368101726092587,0.114379698979284,0.0820297774339313,0.0821340546175834,0.744412731408455,evaluation_selection_50_percent_split,0.377036759647121,0.856043844317813,0.373516579018185,0.854620453258065,0.380674920920373,0.85761272143656,0.176591231530374,0.586591231530374,evaluation_selection_50_percent_split
ego_AS,pmt_train_and_evaluation_samples_seed_1_241016_with_holdout.csv,train_sample_n_600,catboost,"learning_rate=NA,subsample=0.8,depth=6",1000,0.368536108667647,0.114476444291823,0.0782617187678776,0.0783294722600829,0.740035452606988,0.366019846095158,0.113540785170938,0.0753113336481958,0.0754049973440605,0.737330150178758,0.371087228999403,0.115433054214803,0.0812831682621713,0.0813151496986313,0.742683962687217,evaluation_test_50_percent_split,0.378588428750703,0.854688233784719,0.375076910500417,0.853216428063075,0.382050544390824,0.856208575204915,0.176591231530374,0.586591231530374,evaluation_selection_50_percent_split
ego_AS,pmt_train_and_evaluation_samples_seed_1_241016_with_holdout.csv,train_sample_n_600,catboost,"learning_rate=NA,subsample=0.8,depth=6",1000,0.367738496994428,0.114246436749176,0.0778978283017238,0.0779859952053155,0.740403292934597,0.366733091000002,0.113876079572374,0.076691817870978,0.0767896542254049,0.739331658948104,0.368752396096552,0.114615825173493,0.079188343129299,0.0792644544320553,0.741541569005135,official_holdout_set,0.378273987736999,0.855108706127014,0.376828878743063,0.854504520007807,0.379728949151109,0.85571445114885,0.176591231530374,0.586591231530374,evaluation_selection_50_percent_split
ego_AS,pmt_train_and_evaluation_samples_seed_1_241016_with_holdout.csv,train_sample_n_6000,catboost,"learning_rate=NA,subsample=0.8,depth=6",1000,0.363178823988807,0.112270738512446,0.088953948201181,0.0891676562921583,0.748911236017352,0.360423658027853,0.111342306519673,0.0860520183447287,0.0863097069768378,0.746326592738289,0.36556852481901,0.113096223381298,0.0921869694979854,0.09233295263056,0.751704558476196,evaluation_selection_50_percent_split,0.389709290775445,0.856043844317813,0.385801428611096,0.854620453258065,0.393808665009704,0.85761272143656,0.231580292969501,0.561580292969501,evaluation_selection_50_percent_split
ego_AS,pmt_train_and_evaluation_samples_seed_1_241016_with_holdout.csv,train_sample_n_6000,catboost,"learning_rate=NA,subsample=0.8,depth=6",1000,0.365680219438977,0.113097639101644,0.0893635444230317,0.0894821132757333,0.748200753074609,0.36303654343905,0.112186663466453,0.0862269116875447,0.0864307990911534,0.745625204469202,0.368291579344235,0.114046176788972,0.0923686120228205,0.0924494180172216,0.750897144652461,evaluation_test_50_percent_split,0.390936081033881,0.854688233784719,0.386884885743373,0.853216428063075,0.394893153485104,0.856208575204915,0.231580292969501,0.561580292969501,evaluation_selection_50_percent_split
ego_AS,pmt_train_and_evaluation_samples_seed_1_241016_with_holdout.csv,train_sample_n_6000,catboost,"learning_rate=NA,subsample=0.8,depth=6",1000,0.364840624350679,0.112910840681415,0.0886776483962303,0.0888227606437169,0.748118093588328,0.363742869453585,0.11254328830486,0.0875052773747246,0.0876543433574553,0.747051881163185,0.365884737108187,0.11326806381144,0.0899031748711672,0.0900420174668152,0.749192486455228,official_holdout_set,0.389491282366455,0.855108706127014,0.387907015441501,0.854504520007807,0.391096052022525,0.85571445114885,0.231580292969501,0.561580292969501,evaluation_selection_50_percent_split
ego_AS,pmt_train_and_evaluation_samples_seed_1_241016_with_holdout.csv,train_sample_n_60000,catboost,"learning_rate=NA,subsample=0.8,depth=6",1000,0.356294893746843,0.110537458980453,0.103019033148586,0.10302362011372,0.759865558872015,0.353570017034539,0.109593559434598,0.100392513537477,0.100393737232045,0.757386868018025,0.3586928998848,0.111397254315966,0.105851066575763,0.105852623307727,0.762610565230519,evaluation_selection_50_percent_split,0.399012222307633,0.856043844317813,0.395232720765231,0.854620453258065,0.402815235326519,0.85761272143656,0.180337812123514,0.420337812123514,evaluation_selection_50_percent_split
ego_AS,pmt_train_and_evaluation_samples_seed_1_241016_with_holdout.csv,train_sample_n_60000,catboost,"learning_rate=NA,subsample=0.8,depth=6",1000,0.358886521708978,0.111376286737642,0.103223481977919,0.103225760671092,0.758829625884937,0.356279394819627,0.110475659334666,0.10060891575957,0.100614419074082,0.756291847722012,0.361471202744875,0.112306549710554,0.105908901684228,0.105925768141071,0.761486022353619,evaluation_test_50_percent_split,0.399401973107835,0.854688233784719,0.395734695380679,0.853216428063075,0.403298768412676,0.856208575204915,0.180337812123514,0.420337812123514,evaluation_selection_50_percent_split
ego_AS,pmt_train_and_evaluation_samples_seed_1_241016_with_holdout.csv,train_sample_n_60000,catboost,"learning_rate=NA,subsample=0.8,depth=6",1000,0.357851812502777,0.111107074028719,0.10323615188233,0.103236296380078,0.759435304560951,0.356795903394884,0.110737811434442,0.102154589602598,0.102156257681458,0.758399773067003,0.358862183130113,0.111459482848603,0.104381186033373,0.104382204089402,0.760510664045949,official_holdout_set,0.399724361029627,0.855108706127014,0.398229253897139,0.854504520007807,0.40122418161258,0.85571445114885,0.180337812123514,0.420337812123514,evaluation_selection_50_percent_split
ego_AS,pmt_train_and_evaluation_samples_seed_1_241016_with_holdout.csv,train_sample_n_600000,catboost,"learning_rate=NA,subsample=0.8,depth=6",1000,0.354354098554192,0.110121298275713,0.106396062390497,0.106409682394865,0.763218204343345,0.351730855008034,0.109184927748026,0.103884075782933,0.103898453258592,0.760740235031074,0.356702212689154,0.110980053770282,0.109015566432248,0.109018281034934,0.765937612298518,evaluation_selection_50_percent_split,0.401262444311389,0.856043844317813,0.397514200753815,0.854620453258065,0.405110948253362,0.85761272143656,0.21036198948445,0.38036198948445,evaluation_selection_50_percent_split
ego_AS,pmt_train_and_evaluation_samples_seed_1_241016_with_holdout.csv,train_sample_n_600000,catboost,"learning_rate=NA,subsample=0.8,depth=6",1000,0.357118579546943,0.111024705710048,0.106054332412634,0.106054334010725,0.761890071715081,0.354584896790247,0.11011668163773,0.103556805918122,0.103565906408924,0.759446752366425,0.359610917171422,0.111938953031785,0.108637004481567,0.108637087439513,0.764553822986063,evaluation_test_50_percent_split,0.401168236064253,0.854688233784719,0.397397500586099,0.853216428063075,0.404967544960749,0.856208575204915,0.21036198948445,0.38036198948445,evaluation_selection_50_percent_split
ego_AS,pmt_train_and_evaluation_samples_seed_1_241016_with_holdout.csv,train_sample_n_600000,catboost,"learning_rate=NA,subsample=0.8,depth=6",1000,0.356022522895419,0.11073799398291,0.10621505889646,0.106216426283074,0.762476947181803,0.35500680366538,0.110362446868134,0.105195515853277,0.1051989654245,0.761405831623164,0.357007746785924,0.111088196320885,0.107285112261097,0.107285124025058,0.76354802703888,official_holdout_set,0.401824638684159,0.855108706127014,0.400284495545052,0.854504520007807,0.403392766177403,0.85571445114885,0.21036198948445,0.38036198948445,evaluation_selection_50_percent_split
ego_AS,pmt_train_and_evaluation_samples_seed_1_241016_with_holdout.csv,train_sample_n_700,catboost,"learning_rate=NA,subsample=0.8,depth=6",1000,0.365052262754512,0.113033703355419,0.0827626991093674,0.082838278333738,0.742491695651447,0.362485867482594,0.112095437301612,0.0798809502435251,0.0799553813825636,0.739897616377677,0.367382082733098,0.113911128533589,0.085821048079524,0.0858934979301784,0.745286754117141,evaluation_selection_50_percent_split,0.378110056312113,0.856043844317813,0.374370880186012,0.854620453258065,0.382033908715432,0.85761272143656,0.196778650446233,0.506778650446233,evaluation_selection_50_percent_split
ego_AS,pmt_train_and_evaluation_samples_seed_1_241016_with_holdout.csv,train_sample_n_700,catboost,"learning_rate=NA,subsample=0.8,depth=6",1000,0.367990564957838,0.114058976607687,0.0816230735690835,0.081647866082357,0.740441949967443,0.365424795520032,0.113108379985139,0.0787322232629573,0.0787908887452982,0.737675649710563,0.370526653324212,0.115006588320707,0.0845342787820288,0.0845398078011338,0.743121426162084,evaluation_test_50_percent_split,0.378310037226944,0.854688233784719,0.374586866799988,0.853216428063075,0.381965412903505,0.856208575204915,0.196778650446233,0.506778650446233,evaluation_selection_50_percent_split
ego_AS,pmt_train_and_evaluation_samples_seed_1_241016_with_holdout.csv,train_sample_n_700,catboost,"learning_rate=NA,subsample=0.8,depth=6",1000,0.367127392997839,0.113798621360543,0.0815122214865621,0.0815498017918764,0.740797634322025,0.36610386918175,0.11342379588313,0.0803263367398955,0.08036652357006,0.73967830778754,0.368149341860585,0.114170974024853,0.0827534865487824,0.0827904797374547,0.741948165413875,official_holdout_set,0.378394644556296,0.855108706127014,0.376804988177593,0.854504520007807,0.379942808864308,0.85571445114885,0.196778650446233,0.506778650446233,evaluation_selection_50_percent_split
ego_AS,pmt_train_and_evaluation_samples_seed_1_241016_with_holdout.csv,train_sample_n_7000,catboost,"learning_rate=NA,subsample=0.8,depth=6",1000,0.362534644246746,0.112132238920283,0.0900778341601377,0.090100656968704,0.750210197603853,0.359791847965973,0.111224602217039,0.0871750974155489,0.0872235028064523,0.747733570355381,0.36497240406815,0.112967033007083,0.093295266234329,0.0933099156482953,0.753079988067474,evaluation_selection_50_percent_split,0.39295927820518,0.856043844317813,0.38903421608349,0.854620453258065,0.396869406166685,0.85761272143656,0.201176011645063,0.561176011645063,evaluation_selection_50_percent_split
ego_AS,pmt_train_and_evaluation_samples_seed_1_241016_with_holdout.csv,train_sample_n_7000,catboost,"learning_rate=NA,subsample=0.8,depth=6",1000,0.365223813767064,0.112972136573688,0.0903740622210259,0.0903752488845906,0.749339884719426,0.362610734940658,0.112067138298673,0.0873423326248285,0.0873484595771815,0.746656601192979,0.367810592754149,0.113889527921859,0.0933485333314672,0.0933486186530715,0.752040760671794,evaluation_test_50_percent_split,0.393966582924592,0.854688233784719,0.390091801639852,0.853216428063075,0.39781805524243,0.856208575204915,0.201176011645063,0.561176011645063,evaluation_selection_50_percent_split
ego_AS,pmt_train_and_evaluation_samples_seed_1_241016_with_holdout.csv,train_sample_n_7000,catboost,"learning_rate=NA,subsample=0.8,depth=6",1000,0.364134388777612,0.112722185456102,0.0902003163928227,0.0902052899927573,0.74970013076288,0.363043347310302,0.112359313382126,0.0890150900306216,0.0890232413114618,0.748631411135568,0.365187443878119,0.113082621210145,0.0914199689170425,0.0914226851023922,0.750773404358552,official_holdout_set,0.394522470736659,0.855108706127014,0.392994733203914,0.854504520007807,0.396108889463176,0.85571445114885,0.201176011645063,0.561176011645063,evaluation_selection_50_percent_split
ego_AS,pmt_train_and_evaluation_samples_seed_1_241016_with_holdout.csv,train_sample_n_70000,catboost,"learning_rate=NA,subsample=0.8,depth=6",1000,0.356245506983421,0.110530438231185,0.103076004590889,0.103079878486244,0.759710825764958,0.353523042361979,0.109589295998637,0.100477222450191,0.100490802406481,0.757138870971472,0.358654952940541,0.111384337331351,0.105816444056548,0.105816487030634,0.762431773671029,evaluation_selection_50_percent_split,0.399243626412262,0.856043844317813,0.395511260136675,0.854620453258065,0.403055625108327,0.85761272143656,0.180253239477523,0.400253239477523,evaluation_selection_50_percent_split
ego_AS,pmt_train_and_evaluation_samples_seed_1_241016_with_holdout.csv,train_sample_n_70000,catboost,"learning_rate=NA,subsample=0.8,depth=6",1000,0.358638214078502,0.111338065096659,0.103531233934085,0.103534063019125,0.75916055471165,0.35605944173611,0.110435908195993,0.100897362638295,0.100901989140739,0.75670261233857,0.361167005564794,0.112263669533958,0.106173193011501,0.106185656777634,0.761785396430431,evaluation_test_50_percent_split,0.400357815442561,0.854688233784719,0.396618859203972,0.853216428063075,0.40423518803778,0.856208575204915,0.180253239477523,0.400253239477523,evaluation_selection_50_percent_split
ego_AS,pmt_train_and_evaluation_samples_seed_1_241016_with_holdout.csv,train_sample_n_70000,catboost,"learning_rate=NA,subsample=0.8,depth=6",1000,0.357701770422354,0.111077895470696,0.103471656922891,0.103471962738913,0.759540970649677,0.356658156136284,0.110705704393462,0.102401050472222,0.102402354453105,0.758487983789102,0.358706702628637,0.111432278628495,0.104597959093357,0.104600303617357,0.76061225480269,official_holdout_set,0.400835803948779,0.855108706127014,0.399362600470815,0.854504520007807,0.402303794313173,0.85571445114885,0.180253239477523,0.400253239477523,evaluation_selection_50_percent_split
ego_AS,pmt_train_and_evaluation_samples_seed_1_241016_with_holdout.csv,train_sample_n_700000,catboost,"learning_rate=NA,subsample=0.8,depth=6",1000,0.354314843514424,0.110102567020938,0.106548061352413,0.106555789055545,0.763389519356787,0.351680465980783,0.109167234438628,0.103997868671049,0.104048776571375,0.76090294385326,0.356673246434828,0.110960876959832,0.109189748876055,0.109189869101931,0.766108780664445,evaluation_selection_50_percent_split,0.401216708941027,0.856043844317813,0.39744426298847,0.854620453258065,0.405067383296253,0.85761272143656,0.201019578288751,0.391019578288751,evaluation_selection_50_percent_split
ego_AS,pmt_train_and_evaluation_samples_seed_1_241016_with_holdout.csv,train_sample_n_700000,catboost,"learning_rate=NA,subsample=0.8,depth=6",1000,0.357091499990601,0.11102534227271,0.106049206954922,0.106049958808785,0.761942332614754,0.354545772551709,0.110114718375302,0.103537765075181,0.103539878650786,0.759494822492611,0.35958297316569,0.111944904833882,0.108585825708723,0.108589081723171,0.764605755383018,evaluation_test_50_percent_split,0.401751010953634,0.854688233784719,0.397846101464849,0.853216428063075,0.405570971091513,0.856208575204915,0.201019578288751,0.391019578288751,evaluation_selection_50_percent_split
ego_AS,pmt_train_and_evaluation_samples_seed_1_241016_with_holdout.csv,train_sample_n_700000,catboost,"learning_rate=NA,subsample=0.8,depth=6",1000,0.355996264390527,0.110736061425073,0.10623065689521,0.106230725158494,0.76248424532592,0.354974969191865,0.110361580843947,0.105206868979654,0.105207088254173,0.761388884361224,0.356986769608495,0.111086925624282,0.107286724481517,0.107289296483566,0.763556066009003,official_holdout_set,0.402369118676027,0.855108706127014,0.400836831997625,0.854504520007807,0.403952324345832,0.85571445114885,0.201019578288751,0.391019578288751,evaluation_selection_50_percent_split
ego_AS,pmt_train_and_evaluation_samples_seed_1_241016_with_holdout.csv,train_sample_n_900,catboost,"learning_rate=NA,subsample=0.8,depth=6",1000,0.366199422562445,0.113755132914849,0.0769084973781102,0.0769635268007684,0.74422909894952,0.363493994314834,0.112774930411571,0.0735955610235436,0.0736869056084498,0.741675942351351,0.368681494010697,0.114633327823083,0.0802603196196856,0.080300355023269,0.746923753372185,evaluation_selection_50_percent_split,0.382044390947484,0.856043844317813,0.378182485748245,0.854620453258065,0.386202022902483,0.85761272143656,0.195415334520362,0.675415334520362,evaluation_selection_50_percent_split
ego_AS,pmt_train_and_evaluation_samples_seed_1_241016_with_holdout.csv,train_sample_n_900,catboost,"learning_rate=NA,subsample=0.8,depth=6",1000,0.369658132955677,0.11498315300116,0.0741818155378405,0.0741954999313905,0.741418173242136,0.367063833315774,0.11403436890962,0.0709628923002356,0.0709988979384605,0.738673372133877,0.372300355131433,0.115952058982496,0.0774408229041212,0.0774585939861503,0.744073716012164,evaluation_test_50_percent_split,0.38101310079592,0.854688233784719,0.377078653312309,0.853216428063075,0.384977281174516,0.856208575204915,0.195415334520362,0.675415334520362,evaluation_selection_50_percent_split
ego_AS,pmt_train_and_evaluation_samples_seed_1_241016_with_holdout.csv,train_sample_n_900,catboost,"learning_rate=NA,subsample=0.8,depth=6",1000,0.368465330651848,0.114615160676799,0.074921795577263,0.0749453288811202,0.74273880703466,0.367395898169894,0.114227918236055,0.0735967450892142,0.0736125154926047,0.741657299991527,0.369498077069902,0.114988271073125,0.0763124351777912,0.0763278844057453,0.743829766999363,official_holdout_set,0.381938680962594,0.855108706127014,0.380366832142161,0.854504520007807,0.383543864586474,0.85571445114885,0.195415334520362,0.675415334520362,evaluation_selection_50_percent_split
ego_AS,pmt_train_and_evaluation_samples_seed_1_241016_with_holdout.csv,train_sample_n_9000,catboost,"learning_rate=NA,subsample=0.8,depth=6",1000,0.361941319957201,0.111789732856258,0.0928571763242796,0.0930788515641117,0.75228234949229,0.359138352275875,0.110881653912718,0.0898253385013564,0.0900795749020924,0.749753770985706,0.364372878599441,0.112622030138283,0.0961106767044547,0.0962795214937248,0.755096688854365,evaluation_selection_50_percent_split,0.391937972307662,0.856043844317813,0.388212937290904,0.854620453258065,0.39573056219252,0.85761272143656,0.201003225077548,0.441003225077548,evaluation_selection_50_percent_split
ego_AS,pmt_train_and_evaluation_samples_seed_1_241016_with_holdout.csv,train_sample_n_9000,catboost,"learning_rate=NA,subsample=0.8,depth=6",1000,0.364828880360626,0.11267084460719,0.0927999965786754,0.0929247343564296,0.75094929000656,0.362233665239231,0.111790313335597,0.0896784948345711,0.0898525415361107,0.74829113489069,0.36745119778715,0.113585860742583,0.0958533343717797,0.0959670334635947,0.753649514825087,evaluation_test_50_percent_split,0.392914183319699,0.854688233784719,0.389036402736829,0.853216428063075,0.396672610234708,0.856208575204915,0.201003225077548,0.441003225077548,evaluation_selection_50_percent_split
ego_AS,pmt_train_and_evaluation_samples_seed_1_241016_with_holdout.csv,train_sample_n_9000,catboost,"learning_rate=NA,subsample=0.8,depth=6",1000,0.363765675087823,0.112463066323232,0.0922917104174189,0.0924435671481044,0.751030668121481,0.362645679492465,0.112104014379045,0.0910844243524676,0.0912583568913287,0.749954301132466,0.364821430358459,0.112811085072621,0.0935353666172798,0.0936528652122452,0.752137726659299,official_holdout_set,0.392383897999566,0.855108706127014,0.390891719096289,0.854504520007807,0.393956266408182,0.85571445114885,0.201003225077548,0.441003225077548,evaluation_selection_50_percent_split
ego_AS,pmt_train_and_evaluation_samples_seed_1_241016_with_holdout.csv,train_sample_n_90000,catboost,"learning_rate=NA,subsample=0.8,depth=6",1000,0.355926054702536,0.110410545157489,0.104048903788628,0.104052926512343,0.760666788417197,0.353256927647575,0.109459258316608,0.101459329278357,0.101480296293874,0.758183743989162,0.358350728296002,0.111263299831871,0.106765974394616,0.106766056109592,0.76340793769996,evaluation_selection_50_percent_split,0.400325484008613,0.856043844317813,0.396590288855243,0.854620453258065,0.404136493736872,0.85761272143656,0.200196345253265,0.400196345253265,evaluation_selection_50_percent_split
ego_AS,pmt_train_and_evaluation_samples_seed_1_241016_with_holdout.csv,train_sample_n_90000,catboost,"learning_rate=NA,subsample=0.8,depth=6",1000,0.358525528298519,0.111279302820889,0.104004374407694,0.104007074428136,0.759504882936693,0.355975986019379,0.110371397508042,0.101466702175377,0.101471559773387,0.757031982657919,0.361052018660733,0.112208327008479,0.106632369423889,0.106640650140906,0.762164540402567,evaluation_test_50_percent_split,0.400672672200149,0.854688233784719,0.396819976288762,0.853216428063075,0.404590791193369,0.856208575204915,0.200196345253265,0.400196345253265,evaluation_selection_50_percent_split
ego_AS,pmt_train_and_evaluation_samples_seed_1_241016_with_holdout.csv,train_sample_n_90000,catboost,"learning_rate=NA,subsample=0.8,depth=6",1000,0.357418095204779,0.110983379963554,0.104234507449124,0.104234772014327,0.76024817141651,0.356385714135856,0.110615493728914,0.10317501337522,0.103177466034389,0.759197942755519,0.358424307567887,0.111333286287774,0.105349909625191,0.105351371019809,0.761312043013699,official_holdout_set,0.401464407940331,0.855108706127014,0.399884173861272,0.854504520007807,0.402997076100225,0.85571445114885,0.200196345253265,0.400196345253265,evaluation_selection_50_percent_split
ego_AS,pmt_train_and_evaluation_samples_seed_1_241016_with_holdout.csv,train_sample_n_900000,catboost,"learning_rate=NA,subsample=0.8,depth=6",1000,0.354308466430366,0.110108603099551,0.106499080240675,0.10650553925647,0.763324422373548,0.3516261937867,0.109173969337658,0.103941362283174,0.103950690752208,0.760820924048041,0.356655487308888,0.110966586361818,0.109117278833087,0.109123622313345,0.766042927093279,evaluation_selection_50_percent_split,0.401284043510264,0.856043844317813,0.397487416932006,0.854620453258065,0.405160944129118,0.85761272143656,0.210862521898126,0.380862521898125,evaluation_selection_50_percent_split
ego_AS,pmt_train_and_evaluation_samples_seed_1_241016_with_holdout.csv,train_sample_n_900000,catboost,"learning_rate=NA,subsample=0.8,depth=6",1000,0.357059425092721,0.111017194812937,0.106114808447125,0.106116028768063,0.761995520471127,0.354519392816853,0.11011164919795,0.103590761162189,0.103597051543762,0.759509568689642,0.359525639366674,0.111934161250335,0.108675808047085,0.108676056775667,0.764697609934649,evaluation_test_50_percent_split,0.401645740228418,0.854688233784719,0.397826747214464,0.853216428063075,0.405592539583156,0.856208575204915,0.210862521898126,0.380862521898125,evaluation_selection_50_percent_split
ego_AS,pmt_train_and_evaluation_samples_seed_1_241016_with_holdout.csv,train_sample_n_900000,catboost,"learning_rate=NA,subsample=0.8,depth=6",1000,0.355929324242943,0.110720523128549,0.106356069095168,0.106356069641875,0.762640792761389,0.35490831865996,0.110348605578332,0.105336248724923,0.10533630588302,0.761570506008029,0.356916131200765,0.111071182851223,0.107436370827334,0.107436648812725,0.763725853995909,official_holdout_set,0.402091419080386,0.855108706127014,0.400543740840852,0.854504520007807,0.403676683133768,0.85571445114885,0.210862521898126,0.380862521898125,evaluation_selection_50_percent_split
prefer_official_train,pmt_train_and_evaluation_samples_seed_1_241016_with_holdout.csv,train_sample_n_300,catboost,"learning_rate=NA,subsample=0.8,depth=6",1000,0.332765891772663,0.10039196200424,0.185346940546213,0.185927813232543,0.804956203104908,0.329956258048604,0.0993900231074147,0.181861453240226,0.18240345914997,0.802271405822271,0.335269275323614,0.101271020733398,0.189029951540767,0.189652435327968,0.807720391001237,evaluation_selection_50_percent_split,0.480181926405275,0.868118460994728,0.475509709455208,0.866772533394013,0.484737734848983,0.869653326813492,0.203228056403054,0.383228056403054,evaluation_selection_50_percent_split
prefer_official_train,pmt_train_and_evaluation_samples_seed_1_241016_with_holdout.csv,train_sample_n_300,catboost,"learning_rate=NA,subsample=0.8,depth=6",1000,0.335248070445734,0.101265515359633,0.184633112487929,0.185055331766523,0.803708986183615,0.332647709241998,0.100322702180365,0.181198709900226,0.181596923499353,0.801053975929702,0.337881618880636,0.102197448945936,0.188161838688073,0.188546426824657,0.806487518606875,evaluation_test_50_percent_split,0.480814715497371,0.866530460084532,0.476337598636911,0.865072936688147,0.485564335294413,0.867963776149969,0.203228056403054,0.383228056403054,evaluation_selection_50_percent_split
prefer_official_train,pmt_train_and_evaluation_samples_seed_1_241016_with_holdout.csv,train_sample_n_300,catboost,"learning_rate=NA,subsample=0.8,depth=6",1000,0.334576056266486,0.101016103316614,0.184682070660559,0.185150785159853,0.803846847892477,0.33353340049368,0.100632499781072,0.18319448429317,0.183679925663582,0.802790819128834,0.33566397106773,0.101399878968568,0.186205060884025,0.186670728265949,0.804925309170137,official_holdout_set,0.47996707054076,0.86725842880431,0.478009893168581,0.866683416434316,0.481862931604305,0.867835911123924,0.203228056403054,0.383228056403054,evaluation_selection_50_percent_split
prefer_official_train,pmt_train_and_evaluation_samples_seed_1_241016_with_holdout.csv,train_sample_n_3000,catboost,"learning_rate=NA,subsample=0.8,depth=6",1000,0.302911826927148,0.092255974514847,0.251368233163562,0.25137058967207,0.849292878546346,0.300178184449563,0.0913362921381895,0.246656107732064,0.246660378355453,0.847049953701283,0.305331795143008,0.0930948489444199,0.256240987259045,0.256242143797662,0.851584464798974,evaluation_selection_50_percent_split,0.522261190037449,0.874911038058766,0.517694382781701,0.873584355286155,0.526822641068047,0.876398094398908,0.241618274152831,0.501618274152831,evaluation_selection_50_percent_split
prefer_official_train,pmt_train_and_evaluation_samples_seed_1_241016_with_holdout.csv,train_sample_n_3000,catboost,"learning_rate=NA,subsample=0.8,depth=6",1000,0.305215775963916,0.0929291876323781,0.251755326482622,0.251778907583873,0.847985712897429,0.302743445571622,0.0920781076155086,0.246984885432508,0.246995987186295,0.845745934605287,0.307855923775706,0.0938352092225435,0.256476381169889,0.256516756984563,0.850244021546481,evaluation_test_50_percent_split,0.52525548729528,0.873855598429428,0.520535444221079,0.872446368658285,0.529509985508544,0.875293755961055,0.241618274152831,0.501618274152831,evaluation_selection_50_percent_split
prefer_official_train,pmt_train_and_evaluation_samples_seed_1_241016_with_holdout.csv,train_sample_n_3000,catboost,"learning_rate=NA,subsample=0.8,depth=6",1000,0.30464816031718,0.0927814992193304,0.251144942827431,0.251159613112312,0.848339498951873,0.303651978121461,0.0924297346134082,0.24913394413927,0.249145746500045,0.847404828200873,0.305725334004218,0.0931585830529571,0.253120331300344,0.253131284715167,0.849266393136036,official_holdout_set,0.524020689298969,0.874145944059285,0.522207009159267,0.873553925478786,0.525900928744802,0.874732334393927,0.241618274152831,0.501618274152831,evaluation_selection_50_percent_split
prefer_official_train,pmt_train_and_evaluation_samples_seed_1_241016_with_holdout.csv,train_sample_n_30000,catboost,"learning_rate=NA,subsample=0.8,depth=6",1000,0.28566327760806,0.0870807422484198,0.293363814433812,0.293364630191221,0.868671294968428,0.283144556014595,0.0862081648222412,0.288601399672393,0.288609314052521,0.866638143129094,0.287948439350477,0.0878626155909694,0.298200155613264,0.298202398367643,0.870728377131501,evaluation_selection_50_percent_split,0.555548873988995,0.880904773201517,0.550920554867469,0.879587894397939,0.559927382820571,0.882376578923161,0.270379074643683,0.520379074643684,evaluation_selection_50_percent_split
prefer_official_train,pmt_train_and_evaluation_samples_seed_1_241016_with_holdout.csv,train_sample_n_30000,catboost,"learning_rate=NA,subsample=0.8,depth=6",1000,0.288473282008742,0.0879277869930099,0.292025466401824,0.292030923576569,0.867255153474899,0.286120965653906,0.0871339185988724,0.287161063953957,0.287162336761703,0.865099542460389,0.290994513359524,0.0887687078405378,0.296774938835082,0.296775691441736,0.869328637433323,evaluation_test_50_percent_split,0.55671573068754,0.879660516390784,0.552267216437229,0.878324150685794,0.561165810272564,0.8810358558986,0.270379074643683,0.520379074643684,evaluation_selection_50_percent_split
prefer_official_train,pmt_train_and_evaluation_samples_seed_1_241016_with_holdout.csv,train_sample_n_30000,catboost,"learning_rate=NA,subsample=0.8,depth=6",1000,0.28753243577892,0.0876782067571638,0.292334473075159,0.292336251232971,0.867765299089864,0.28652925458402,0.0873448425461525,0.29025487193907,0.290255713380843,0.866888748686402,0.288570525517854,0.0880261753010298,0.294334668502719,0.294336143504051,0.868639358776198,official_holdout_set,0.554434799960092,0.879970166247855,0.552578417246661,0.879403211582363,0.556273085442345,0.880532201259593,0.270379074643683,0.520379074643684,evaluation_selection_50_percent_split
prefer_official_train,pmt_train_and_evaluation_samples_seed_1_241016_with_holdout.csv,train_sample_n_300000,catboost,"learning_rate=NA,subsample=0.8,depth=6",1000,0.276496181386839,0.0846344157252358,0.31321507888515,0.313233011873263,0.879456719966114,0.274081678948881,0.0837686663032562,0.308333211745459,0.308367318560394,0.877592479748208,0.278754834883881,0.0854280326888008,0.318100051044154,0.318110656350143,0.881348182339018,evaluation_selection_50_percent_split,0.568392610471029,0.884211494609027,0.563935603486641,0.882894494768796,0.572806053129394,0.885644931711119,0.280148965486378,0.500148965486378,evaluation_selection_50_percent_split
prefer_official_train,pmt_train_and_evaluation_samples_seed_1_241016_with_holdout.csv,train_sample_n_300000,catboost,"learning_rate=NA,subsample=0.8,depth=6",1000,0.279422746436925,0.0854955615127098,0.311609192535612,0.311610257015828,0.877734900722277,0.277114655613127,0.0847009537195071,0.306666477808314,0.306681310207113,0.875776224618597,0.281896687162784,0.0863198843727772,0.316528794346611,0.316538201968277,0.879621749568969,evaluation_test_50_percent_split,0.568640696539818,0.882492774111712,0.564064273041656,0.881136921505309,0.573296282893958,0.883834102319547,0.280148965486378,0.500148965486378,evaluation_selection_50_percent_split
prefer_official_train,pmt_train_and_evaluation_samples_seed_1_241016_with_holdout.csv,train_sample_n_300000,catboost,"learning_rate=NA,subsample=0.8,depth=6",1000,0.278378097116724,0.0851363815048149,0.312849971430825,0.312854060971098,0.87825216230355,0.277388855553862,0.0848071798890724,0.310826856965535,0.310838406429152,0.877432351047252,0.279376217012811,0.085477811567092,0.314899958265313,0.314901923821353,0.879062303495491,official_holdout_set,0.568985942487191,0.883007799372066,0.567195233330658,0.882431187608465,0.570735085890331,0.883571535004855,0.280148965486378,0.500148965486378,evaluation_selection_50_percent_split
prefer_official_train,pmt_train_and_evaluation_samples_seed_1_241016_with_holdout.csv,train_sample_n_500,catboost,"learning_rate=NA,subsample=0.8,depth=6",1000,0.327865055702829,0.0985498146996036,0.200295457416749,0.200401562097502,0.813099682838372,0.324751916053517,0.0975137284635624,0.196666590242048,0.196769655308847,0.810525487606527,0.330675900158794,0.0994534705326048,0.204256670576874,0.204348829094178,0.815999130682783,evaluation_selection_50_percent_split,0.493030326062172,0.872480622031576,0.48835593156882,0.871100804167534,0.497643216869017,0.873971914654634,0.195945794246393,0.365945794246393,evaluation_selection_50_percent_split
prefer_official_train,pmt_train_and_evaluation_samples_seed_1_241016_with_holdout.csv,train_sample_n_500,catboost,"learning_rate=NA,subsample=0.8,depth=6",1000,0.330176203340117,0.0993231750147988,0.200272394980414,0.200318925979834,0.812212767112888,0.327373785998315,0.0983626588064795,0.196549359693123,0.196578188316241,0.809565107871313,0.333106021134632,0.100300497928621,0.204052988881643,0.204167794128167,0.814826531108526,evaluation_test_50_percent_split,0.49434935099973,0.87038910863766,0.489507590678297,0.868917060842706,0.498964657060164,0.871827024095977,0.195945794246393,0.365945794246393,evaluation_selection_50_percent_split
prefer_official_train,pmt_train_and_evaluation_samples_seed_1_241016_with_holdout.csv,train_sample_n_500,catboost,"learning_rate=NA,subsample=0.8,depth=6",1000,0.329382014811712,0.0990572674725606,0.200492163624491,0.200554520532247,0.812453174287634,0.328237361996604,0.0986699204015435,0.198844551653633,0.198911608255577,0.811342505658865,0.330556639175904,0.099445761360149,0.202085241756463,0.202156893582333,0.813537229622988,official_holdout_set,0.492345943715067,0.871497834137619,0.49051483506194,0.870907131513885,0.494152430284424,0.872079365554973,0.195945794246393,0.365945794246393,evaluation_selection_50_percent_split
prefer_official_train,pmt_train_and_evaluation_samples_seed_1_241016_with_holdout.csv,train_sample_n_5000,catboost,"learning_rate=NA,subsample=0.8,depth=6",1000,0.297621163711246,0.090642470168166,0.264461375544923,0.264532157810662,0.855110787374624,0.295050746077037,0.0897467559136382,0.259771997517161,0.259865924794924,0.85292718611519,0.299926396400308,0.0914541407953276,0.269182816885264,0.269232660910425,0.857286721751251,evaluation_selection_50_percent_split,0.52957540931272,0.877544795665919,0.524904725518473,0.876160136335688,0.534118857938865,0.879016722424219,0.262184790348787,0.502184790348787,evaluation_selection_50_percent_split
prefer_official_train,pmt_train_and_evaluation_samples_seed_1_241016_with_holdout.csv,train_sample_n_5000,catboost,"learning_rate=NA,subsample=0.8,depth=6",1000,0.300311853198008,0.0914471186504909,0.263688608691752,0.263714460802022,0.853417497038405,0.297964621197636,0.090622119332321,0.259004445238685,0.259026331266779,0.851122562623041,0.302762379194894,0.0923125675264154,0.268437270704635,0.268454873525648,0.855733134646584,evaluation_test_50_percent_split,0.532223472065992,0.87601005088381,0.527669279173316,0.874630111983113,0.536628425608736,0.877394831250696,0.262184790348787,0.502184790348787,evaluation_selection_50_percent_split
prefer_official_train,pmt_train_and_evaluation_samples_seed_1_241016_with_holdout.csv,train_sample_n_5000,catboost,"learning_rate=NA,subsample=0.8,depth=6",1000,0.299840011249602,0.0913088984811119,0.263030550618744,0.263067984373166,0.853473753568579,0.298863731296936,0.0909632572532463,0.261011134692609,0.261045245693696,0.852555034830643,0.300861892298682,0.0916683062964955,0.265008363318768,0.265031841766435,0.854394322473941,official_holdout_set,0.530078750449302,0.876225560658319,0.528137803746472,0.875628683160531,0.531962033432531,0.876807922140709,0.262184790348787,0.502184790348787,evaluation_selection_50_percent_split
prefer_official_train,pmt_train_and_evaluation_samples_seed_1_241016_with_holdout.csv,train_sample_n_50000,catboost,"learning_rate=NA,subsample=0.8,depth=6",1000,0.282971935598643,0.0864091923921419,0.298813256142795,0.298820442607635,0.872119174083961,0.28039003891202,0.0855335414729317,0.293971948470564,0.29400475374081,0.870155487282948,0.285315803413045,0.0871932192336587,0.303525042275444,0.303525861435567,0.87412870444684,evaluation_selection_50_percent_split,0.558770044635477,0.881718139521373,0.554321137513181,0.880371969847349,0.563094781186107,0.883136810151586,0.270374074348516,0.490374074348516,evaluation_selection_50_percent_split
prefer_official_train,pmt_train_and_evaluation_samples_seed_1_241016_with_holdout.csv,train_sample_n_50000,catboost,"learning_rate=NA,subsample=0.8,depth=6",1000,0.286193416979244,0.0873685844474399,0.296528038056657,0.296528342312097,0.870272885313899,0.283873617903153,0.0865742173625463,0.291626747870116,0.291637696896574,0.86824298619236,0.288711265619041,0.0882234538269731,0.301328954983348,0.301329401316625,0.872304984960625,evaluation_test_50_percent_split,0.557513199264401,0.88034316312352,0.553027787971808,0.878967944652359,0.562018420758948,0.88175687125089,0.270374074348516,0.490374074348516,evaluation_selection_50_percent_split
prefer_official_train,pmt_train_and_evaluation_samples_seed_1_241016_with_holdout.csv,train_sample_n_50000,catboost,"learning_rate=NA,subsample=0.8,depth=6",1000,0.284848139388878,0.0869505119986381,0.298207819643009,0.298208021348074,0.871071211900673,0.283848767973744,0.0866187079458667,0.296088577260263,0.296092758638488,0.870213691061956,0.285875495860311,0.0873032390222042,0.300221101874322,0.300221587083966,0.871927807363312,official_holdout_set,0.557380720157647,0.880847200818242,0.555508152247229,0.880302921100091,0.559170166739289,0.881422192942747,0.270374074348516,0.490374074348516,evaluation_selection_50_percent_split
prefer_official_train,pmt_train_and_evaluation_samples_seed_1_241016_with_holdout.csv,train_sample_n_500000,catboost,"learning_rate=NA,subsample=0.8,depth=6",1000,0.275390099074275,0.0843387760413612,0.315614113311374,0.315623905119646,0.880710556353202,0.272969495866493,0.0834769156451452,0.310766551755629,0.310781465295656,0.87881435803247,0.277686174385467,0.0850983901675354,0.320590852622683,0.320601167731024,0.882597105510201,evaluation_selection_50_percent_split,0.570833577755617,0.884342214196147,0.566281359352656,0.883010689957347,0.575139575350473,0.885765847329205,0.260160955613362,0.490160955613361,evaluation_selection_50_percent_split
prefer_official_train,pmt_train_and_evaluation_samples_seed_1_241016_with_holdout.csv,train_sample_n_500000,catboost,"learning_rate=NA,subsample=0.8,depth=6",1000,0.278399106797524,0.0851684340557154,0.314243148384076,0.314243152640989,0.878891254813048,0.276050314585253,0.0843878241935786,0.309258631772764,0.309267365921323,0.876899249111377,0.280824918395025,0.0859836680679377,0.319070705285485,0.319074698361541,0.880765709282076,evaluation_test_50_percent_split,0.569757654912204,0.882759054752141,0.565270436478606,0.881393519213358,0.574007121207357,0.884100261923321,0.260160955613362,0.490160955613361,evaluation_selection_50_percent_split
prefer_official_train,pmt_train_and_evaluation_samples_seed_1_241016_with_holdout.csv,train_sample_n_500000,catboost,"learning_rate=NA,subsample=0.8,depth=6",1000,0.277266069761591,0.0847961557411952,0.31559599068909,0.315596842579529,0.879377810197483,0.276271307954846,0.0844644240077485,0.313520164361789,0.313520774023879,0.878571233301596,0.278266224486894,0.0851485105811015,0.317650062747261,0.317650446595403,0.880201089524121,official_holdout_set,0.569878966689062,0.883577912333795,0.568062848018806,0.883015674867169,0.571640839366387,0.884138327706437,0.260160955613362,0.490160955613361,evaluation_selection_50_percent_split
prefer_official_train,pmt_train_and_evaluation_samples_seed_1_241016_with_holdout.csv,train_sample_n_600,catboost,"learning_rate=NA,subsample=0.8,depth=6",1000,0.322396283246357,0.0966619851829813,0.215614672827427,0.215736606608571,0.818673196377352,0.319376720035052,0.0956581125589156,0.211507265323053,0.211628964559013,0.816130788923344,0.325206984828606,0.0975715306488321,0.220124454505077,0.220266944307944,0.821391624294546,evaluation_selection_50_percent_split,0.493518187887162,0.873419866472363,0.488856437910567,0.872068976368804,0.498203357233602,0.874949890824938,0.216375034472418,0.456375034472418,evaluation_selection_50_percent_split
prefer_official_train,pmt_train_and_evaluation_samples_seed_1_241016_with_holdout.csv,train_sample_n_600,catboost,"learning_rate=NA,subsample=0.8,depth=6",1000,0.324341280252649,0.0972980796574439,0.216578002003471,0.216635588389233,0.818199392072297,0.321648906299641,0.0963708844318825,0.212325734099534,0.212371178456866,0.81565046803496,0.327255699572456,0.0982425061370254,0.220913063847021,0.22097592160294,0.820815958533795,evaluation_test_50_percent_split,0.497390612326105,0.872156243796871,0.49269907224826,0.870747256099037,0.501923993856335,0.87364269495374,0.216375034472418,0.456375034472418,evaluation_selection_50_percent_split
prefer_official_train,pmt_train_and_evaluation_samples_seed_1_241016_with_holdout.csv,train_sample_n_600,catboost,"learning_rate=NA,subsample=0.8,depth=6",1000,0.324001460047504,0.0971661687280361,0.215755539085822,0.215830524708782,0.817884929355463,0.322862456519949,0.0967803633900368,0.213890530898205,0.213981452061975,0.816811490692902,0.325152073485774,0.0975494392833082,0.217521715372346,0.217607742746335,0.81889364893944,official_holdout_set,0.493857740069735,0.872710134000841,0.491885422906428,0.8721294731395,0.495688583349026,0.873330577247472,0.216375034472418,0.456375034472418,evaluation_selection_50_percent_split
prefer_official_train,pmt_train_and_evaluation_samples_seed_1_241016_with_holdout.csv,train_sample_n_6000,catboost,"learning_rate=NA,subsample=0.8,depth=6",1000,0.295793222697324,0.0901824161886875,0.268194586595029,0.268366249418831,0.857183900571589,0.293248851044788,0.0893050817697164,0.263490804501353,0.263687524798739,0.855068645144817,0.29812975302876,0.0909842219830756,0.272989205220786,0.273133267952643,0.859336193521285,evaluation_selection_50_percent_split,0.53425802656429,0.877738454313504,0.529478304771811,0.876421575509927,0.538779993202027,0.879200698139425,0.281454783260772,0.501454783260772,evaluation_selection_50_percent_split
prefer_official_train,pmt_train_and_evaluation_samples_seed_1_241016_with_holdout.csv,train_sample_n_6000,catboost,"learning_rate=NA,subsample=0.8,depth=6",1000,0.29854426177742,0.0910728415659629,0.266702202612594,0.266797681195724,0.855862959989618,0.296196770472725,0.0902612136537886,0.261676622516786,0.261777458582499,0.853624055792838,0.3009989619039,0.0919248004812922,0.271532339050449,0.271624835189034,0.858131203879267,evaluation_test_50_percent_split,0.535684273250928,0.875811550770035,0.531209570755534,0.874441415838373,0.540177781631653,0.877225258897405,0.281454783260772,0.501454783260772,evaluation_selection_50_percent_split
prefer_official_train,pmt_train_and_evaluation_samples_seed_1_241016_with_holdout.csv,train_sample_n_6000,catboost,"learning_rate=NA,subsample=0.8,depth=6",1000,0.297525619143077,0.0907205472489919,0.267779232190759,0.267895825623463,0.856315106722909,0.296557235816224,0.090378941613018,0.265688839481064,0.265806216232913,0.855382960256395,0.298544837508878,0.0910801100689705,0.269804400516347,0.269928110064426,0.857208714295018,official_holdout_set,0.535021062512309,0.876551108116578,0.533107159627594,0.875972795731927,0.536893788926255,0.877129339519275,0.281454783260772,0.501454783260772,evaluation_selection_50_percent_split
prefer_official_train,pmt_train_and_evaluation_samples_seed_1_241016_with_holdout.csv,train_sample_n_60000,catboost,"learning_rate=NA,subsample=0.8,depth=6",1000,0.28178462758242,0.0861211439150649,0.301150690021335,0.301154263784365,0.873563181226015,0.27924103442644,0.0852632142687405,0.296359306734157,0.296373252659119,0.871671964697628,0.284172264601843,0.0869230118837365,0.305901423179812,0.305909119837735,0.875560835030973,evaluation_selection_50_percent_split,0.558525090953748,0.882207127606524,0.553909644664966,0.880904652164862,0.563190517789813,0.883659567463411,0.280338967160612,0.510338967160612,evaluation_selection_50_percent_split
prefer_official_train,pmt_train_and_evaluation_samples_seed_1_241016_with_holdout.csv,train_sample_n_60000,catboost,"learning_rate=NA,subsample=0.8,depth=6",1000,0.28493501368797,0.0870635437500126,0.298984156342753,0.298985937611536,0.871844092114836,0.282592267971569,0.0862629402590171,0.294162860748704,0.294169652740294,0.869837818278829,0.287450682785541,0.0879040202513043,0.303856284652503,0.303856298087616,0.873814070310205,evaluation_test_50_percent_split,0.559718365426928,0.880754687749638,0.555111158171283,0.879360345487027,0.564286351776352,0.882149151048904,0.280338967160612,0.510338967160612,evaluation_selection_50_percent_split
prefer_official_train,pmt_train_and_evaluation_samples_seed_1_241016_with_holdout.csv,train_sample_n_60000,catboost,"learning_rate=NA,subsample=0.8,depth=6",1000,0.283649548900558,0.0866656822580487,0.300506728299027,0.300506841010085,0.872611811134838,0.282656113191533,0.0863256609927389,0.298473486537555,0.298473666158901,0.871769759621038,0.284678464675563,0.0870145682723972,0.302582044394215,0.302582281917162,0.873463148887519,official_holdout_set,0.559761275436352,0.8811541224269,0.557888697837211,0.880586438923815,0.561597063880874,0.881729175287871,0.280338967160612,0.510338967160612,evaluation_selection_50_percent_split
prefer_official_train,pmt_train_and_evaluation_samples_seed_1_241016_with_holdout.csv,train_sample_n_600000,catboost,"learning_rate=NA,subsample=0.8,depth=6",1000,0.274741902612526,0.0841316283713349,0.317295059472567,0.317305465026841,0.881341640185334,0.272278230127301,0.0832653607439475,0.31243537268449,0.312443562354725,0.879439556683219,0.277012369119096,0.0849049210831791,0.322104552841577,0.322113723727482,0.88321317482999,evaluation_selection_50_percent_split,0.571468208092486,0.884739214423696,0.567049393605451,0.883441580448223,0.575848454792957,0.886182092384858,0.290151170293387,0.510151170293388,evaluation_selection_50_percent_split
prefer_official_train,pmt_train_and_evaluation_samples_seed_1_241016_with_holdout.csv,train_sample_n_600000,catboost,"learning_rate=NA,subsample=0.8,depth=6",1000,0.277725334937202,0.0849780997592171,0.315775676830423,0.315775678053598,0.879616539216868,0.275396636644675,0.0841798151080945,0.310750263717666,0.310750802607305,0.877634131005902,0.28016823789038,0.0857895300130086,0.320678332377656,0.320680274572329,0.881515954192394,evaluation_test_50_percent_split,0.571480860149459,0.883315823363948,0.566959238165708,0.881931164033716,0.575941419580324,0.884628465884609,0.290151170293387,0.510151170293388,evaluation_selection_50_percent_split
prefer_official_train,pmt_train_and_evaluation_samples_seed_1_241016_with_holdout.csv,train_sample_n_600000,catboost,"learning_rate=NA,subsample=0.8,depth=6",1000,0.276806303459103,0.0846668497356631,0.316639641168768,0.316640686630338,0.879893544109509,0.275814446366379,0.0843404393351423,0.314610243783596,0.314610524237049,0.879088763752288,0.277818885177934,0.0850176393689076,0.318695468191931,0.318696343548851,0.880689940855812,official_holdout_set,0.571808578663325,0.883601397100684,0.569991518704885,0.883034503171658,0.573604930991555,0.884148106277478,0.290151170293387,0.510151170293388,evaluation_selection_50_percent_split
prefer_official_train,pmt_train_and_evaluation_samples_seed_1_241016_with_holdout.csv,train_sample_n_700,catboost,"learning_rate=NA,subsample=0.8,depth=6",1000,0.323279736830619,0.0969120600916946,0.21358538397393,0.213650183570125,0.816647557632201,0.320243120808985,0.0959111833133478,0.209469022239251,0.209525369980435,0.81415690057847,0.32602071509762,0.0978184828949399,0.217977941928419,0.218004416783398,0.819387910929989,evaluation_selection_50_percent_split,0.495060818836549,0.872969610116728,0.490307320825539,0.871555901989358,0.499706868569065,0.874480268604544,0.20483961341447,0.45483961341447,evaluation_selection_50_percent_split
prefer_official_train,pmt_train_and_evaluation_samples_seed_1_241016_with_holdout.csv,train_sample_n_700,catboost,"learning_rate=NA,subsample=0.8,depth=6",1000,0.325090460981472,0.0974740920343718,0.215160790394666,0.215181977922316,0.816029351614463,0.322341571118328,0.0965196496257803,0.210960334305955,0.210976126496514,0.813346984725249,0.327976982480306,0.0984299974997549,0.219442787841333,0.2194535889166,0.81854897424741,evaluation_test_50_percent_split,0.499082460190612,0.871497804395083,0.494369316630756,0.87007429229868,0.503613548616421,0.87293112046052,0.20483961341447,0.45483961341447,evaluation_selection_50_percent_split
prefer_official_train,pmt_train_and_evaluation_samples_seed_1_241016_with_holdout.csv,train_sample_n_700,catboost,"learning_rate=NA,subsample=0.8,depth=6",1000,0.324360190603252,0.0972779665740472,0.214853199901062,0.21488532450539,0.816700814368232,0.323215441306266,0.0968937161229669,0.213074490053386,0.213103526037779,0.81564912024817,0.325512297547754,0.0976567041525742,0.216631285647146,0.216659462869635,0.81773331926534,official_holdout_set,0.49682814804131,0.872054180167033,0.49499974990472,0.871465340128259,0.498655224962499,0.872666403745253,0.20483961341447,0.45483961341447,evaluation_selection_50_percent_split
prefer_official_train,pmt_train_and_evaluation_samples_seed_1_241016_with_holdout.csv,train_sample_n_7000,catboost,"learning_rate=NA,subsample=0.8,depth=6",1000,0.294577037357096,0.0897550493889547,0.271662550204472,0.271680818477092,0.858734938595448,0.291999556313417,0.0888703694592887,0.266764925248445,0.266806269903796,0.856624386469755,0.29695276018593,0.0905755438203894,0.276340861032528,0.276345086713202,0.860850573836008,evaluation_selection_50_percent_split,0.538246227211469,0.878077356946778,0.533659322253518,0.876745953744632,0.542588352795732,0.879491186110802,0.250843487997291,0.510843487997291,evaluation_selection_50_percent_split
prefer_official_train,pmt_train_and_evaluation_samples_seed_1_241016_with_holdout.csv,train_sample_n_7000,catboost,"learning_rate=NA,subsample=0.8,depth=6",1000,0.29728319733451,0.0906004447074087,0.270505834627519,0.270506786297993,0.857376935164606,0.294896020362395,0.0897839126248969,0.265626056475957,0.26564384061603,0.855187337176328,0.29981209987337,0.091454461028757,0.275356019664451,0.275356082972708,0.859554203698459,evaluation_test_50_percent_split,0.538454782328659,0.876963819723165,0.533985316664121,0.875632416521019,0.542823002930535,0.878329113188638,0.250843487997291,0.510843487997291,evaluation_selection_50_percent_split
prefer_official_train,pmt_train_and_evaluation_samples_seed_1_241016_with_holdout.csv,train_sample_n_7000,catboost,"learning_rate=NA,subsample=0.8,depth=6",1000,0.296419274570647,0.0902642780292498,0.271461857665783,0.271465840363648,0.857589366138472,0.295401308874621,0.0899161913652729,0.269360802560446,0.269365026135953,0.856662581330785,0.29748131908185,0.0906239204520641,0.273484034740747,0.273491721396538,0.858456548769093,official_holdout_set,0.538675766847101,0.8775115541004,0.536851116562134,0.876930002437557,0.540501431384248,0.878083327192202,0.250843487997291,0.510843487997291,evaluation_selection_50_percent_split
prefer_official_train,pmt_train_and_evaluation_samples_seed_1_241016_with_holdout.csv,train_sample_n_70000,catboost,"learning_rate=NA,subsample=0.8,depth=6",1000,0.28116820870395,0.0858664151430416,0.30321774369094,0.303220753156134,0.874043670960631,0.278689423751012,0.0850034383427682,0.298441804171294,0.298443682581768,0.872125463081721,0.283472432503292,0.0866435792362443,0.307972299744458,0.307972544610207,0.876000656367583,evaluation_selection_50_percent_split,0.559959629323791,0.882410469186489,0.555396099445451,0.881083907450532,0.56454851448377,0.883887721557597,0.280438164206446,0.520438164206446,evaluation_selection_50_percent_split
prefer_official_train,pmt_train_and_evaluation_samples_seed_1_241016_with_holdout.csv,train_sample_n_70000,catboost,"learning_rate=NA,subsample=0.8,depth=6",1000,0.284448092313697,0.086840691567528,0.300778511407875,0.300780718017997,0.87212778559477,0.282091596778964,0.0860329930369017,0.295807889782948,0.295813172037875,0.870081436751717,0.286931193086367,0.0876895741096962,0.305763887431797,0.305773354911946,0.874176380206971,evaluation_test_50_percent_split,0.56169904451388,0.881350188090961,0.55715434159057,0.879989615055023,0.56635274997242,0.882734847421193,0.280438164206446,0.520438164206446,evaluation_selection_50_percent_split
prefer_official_train,pmt_train_and_evaluation_samples_seed_1_241016_with_holdout.csv,train_sample_n_70000,catboost,"learning_rate=NA,subsample=0.8,depth=6",1000,0.283013574594639,0.0864294229960983,0.302413616467509,0.302413854422165,0.873177227773988,0.282028906215594,0.08609342562257,0.300319376566694,0.300319407598295,0.872331405787639,0.284039657904614,0.0867787364531154,0.304453074556297,0.304454219132495,0.874034500206929,official_holdout_set,0.561101008514885,0.881578467870004,0.559222102496683,0.881035058707868,0.562915314118844,0.882133254996789,0.280438164206446,0.520438164206446,evaluation_selection_50_percent_split
prefer_official_train,pmt_train_and_evaluation_samples_seed_1_241016_with_holdout.csv,train_sample_n_700000,catboost,"learning_rate=NA,subsample=0.8,depth=6",1000,0.274325227605836,0.0840398488309466,0.318039825107982,0.318045723562674,0.881824978086531,0.271894099320254,0.0831867900466762,0.313247382555126,0.313269489910564,0.879949391714948,0.276578581967072,0.0848169649815444,0.322930160119823,0.322932691545315,0.883691040054464,evaluation_selection_50_percent_split,0.571326100600735,0.884894141341764,0.566774616943465,0.883659325390101,0.575831350037981,0.886303129039598,0.270184996766328,0.500184996766328,evaluation_selection_50_percent_split
prefer_official_train,pmt_train_and_evaluation_samples_seed_1_241016_with_holdout.csv,train_sample_n_700000,catboost,"learning_rate=NA,subsample=0.8,depth=6",1000,0.277459736396922,0.084863964015486,0.316694671868264,0.316695246559572,0.879834606276175,0.275102941945309,0.0840732803218493,0.311792970710059,0.31179518406633,0.877884315048976,0.279894678556,0.085681968756974,0.321554376165668,0.321555310919482,0.8817069338432,evaluation_test_50_percent_split,0.572463125535751,0.883436860018688,0.567972274553267,0.882109814136113,0.576857215796862,0.884793075735056,0.270184996766328,0.500184996766328,evaluation_selection_50_percent_split
prefer_official_train,pmt_train_and_evaluation_samples_seed_1_241016_with_holdout.csv,train_sample_n_700000,catboost,"learning_rate=NA,subsample=0.8,depth=6",1000,0.276504326655095,0.0845883570311984,0.317273168964547,0.31727322110907,0.880246026564488,0.275516329303567,0.0842547460280611,0.315209087461764,0.315209458417417,0.879458258922347,0.277509849066879,0.0849370001442377,0.319317562430282,0.319317894778798,0.881047033474624,official_holdout_set,0.571254380443026,0.883690477250954,0.569447908265602,0.883096049457299,0.573060442602914,0.8842399600597,0.270184996766328,0.500184996766328,evaluation_selection_50_percent_split
prefer_official_train,pmt_train_and_evaluation_samples_seed_1_241016_with_holdout.csv,train_sample_n_900,catboost,"learning_rate=NA,subsample=0.8,depth=6",1000,0.320062238027744,0.0957357567262354,0.223130761077693,0.223177073567383,0.823606556421647,0.317010585911611,0.0947436735175864,0.218368548740417,0.218434348188182,0.821057635299889,0.322828813528493,0.0966362169592742,0.228113466578157,0.228137903759682,0.826218906341635,evaluation_selection_50_percent_split,0.50292147205482,0.87332787861476,0.498259281395732,0.871938377818339,0.507464710779633,0.874848220034955,0.233805954220617,0.503805954220617,evaluation_selection_50_percent_split
prefer_official_train,pmt_train_and_evaluation_samples_seed_1_241016_with_holdout.csv,train_sample_n_900,catboost,"learning_rate=NA,subsample=0.8,depth=6",1000,0.321493446203866,0.0961465459230802,0.225849889610213,0.225861332218443,0.823538554903549,0.318754514291432,0.0952477577618566,0.2210074676257,0.221012885725456,0.820967315934738,0.324467454849313,0.0970797812810071,0.230738669556768,0.230746228519428,0.826108318761191,evaluation_test_50_percent_split,0.507710449927431,0.872146560864492,0.503198024484326,0.870723169804744,0.51234534186828,0.873560511065171,0.233805954220617,0.503805954220617,evaluation_selection_50_percent_split
prefer_official_train,pmt_train_and_evaluation_samples_seed_1_241016_with_holdout.csv,train_sample_n_900,catboost,"learning_rate=NA,subsample=0.8,depth=6",1000,0.321194747988845,0.0960723460375973,0.224583965660918,0.224603691670098,0.823274099659249,0.320066395834348,0.0956961538230777,0.222522780138072,0.222546045823066,0.822211007430061,0.322419717666226,0.0964581380120871,0.22656930612694,0.226585018053769,0.824301393888239,official_holdout_set,0.504710833525242,0.872448562286866,0.502747272985138,0.871852352890205,0.506555602131726,0.873038131163233,0.233805954220617,0.503805954220617,evaluation_selection_50_percent_split
prefer_official_train,pmt_train_and_evaluation_samples_seed_1_241016_with_holdout.csv,train_sample_n_9000,catboost,"learning_rate=NA,subsample=0.8,depth=6",1000,0.291969444697535,0.0891408916506054,0.276646270718992,0.276823034076687,0.861984745452606,0.289353054305758,0.0882477818002399,0.271798615609516,0.272030078969004,0.859885261468812,0.294337759590632,0.0899389300824046,0.281453807893076,0.2815828997499,0.86404699990976,evaluation_selection_50_percent_split,0.540707012657855,0.878721271949998,0.53607375158872,0.877380185815472,0.545003002508016,0.880173832843538,0.260955432404691,0.540955432404691,evaluation_selection_50_percent_split
prefer_official_train,pmt_train_and_evaluation_samples_seed_1_241016_with_holdout.csv,train_sample_n_9000,catboost,"learning_rate=NA,subsample=0.8,depth=6",1000,0.29480430300917,0.0900060863653355,0.275291472756373,0.275391118403272,0.860529183396782,0.292434242112627,0.0892046000833604,0.270444974990065,0.270508521306416,0.858381305942683,0.297329268587507,0.0908519192122012,0.280113932387239,0.280182888160288,0.86274460256269,evaluation_test_50_percent_split,0.542029955895838,0.877326929687387,0.53760732403674,0.875937186817656,0.546526855955913,0.878692344189514,0.260955432404691,0.540955432404691,evaluation_selection_50_percent_split
prefer_official_train,pmt_train_and_evaluation_samples_seed_1_241016_with_holdout.csv,train_sample_n_9000,catboost,"learning_rate=NA,subsample=0.8,depth=6",1000,0.293743778573238,0.0896324728587089,0.276561263270223,0.276682292286562,0.861026400757111,0.292735561900009,0.0892893592262627,0.274473189758709,0.274590432927538,0.860132273528225,0.294789400516337,0.0899871786646874,0.278632337474137,0.278751480723621,0.861890946608575,official_holdout_set,0.541530765968027,0.877733444656527,0.539642025463927,0.877164931088406,0.543352241769872,0.878286693126171,0.260955432404691,0.540955432404691,evaluation_selection_50_percent_split
prefer_official_train,pmt_train_and_evaluation_samples_seed_1_241016_with_holdout.csv,train_sample_n_90000,catboost,"learning_rate=NA,subsample=0.8,depth=6",1000,0.280160829136167,0.0856209791762046,0.305209388811644,0.305212508346495,0.875265862912181,0.27767361138059,0.0847386700907463,0.300376022941991,0.300394126603911,0.87335966442058,0.282533024616857,0.0864248919803196,0.310100021792562,0.310100099473331,0.877191226883762,evaluation_selection_50_percent_split,0.562784695987438,0.882705798624055,0.558212280860405,0.881364591452876,0.567353689113601,0.884095662530441,0.29040830226625,0.50040830226625,evaluation_selection_50_percent_split
prefer_official_train,pmt_train_and_evaluation_samples_seed_1_241016_with_holdout.csv,train_sample_n_90000,catboost,"learning_rate=NA,subsample=0.8,depth=6",1000,0.283391258799938,0.0865890055366331,0.302805030059484,0.30280713100799,0.873464334104267,0.281112019501098,0.0857864212637472,0.297820223565703,0.297824910936393,0.871483270904598,0.285917595975182,0.0874335246624346,0.30763243608189,0.307638812072088,0.875452400617438,evaluation_test_50_percent_split,0.562811289429994,0.881079065984343,0.55813710836966,0.87970893105268,0.567449829671398,0.882434676517437,0.29040830226625,0.50040830226625,evaluation_selection_50_percent_split
prefer_official_train,pmt_train_and_evaluation_samples_seed_1_241016_with_holdout.csv,train_sample_n_90000,catboost,"learning_rate=NA,subsample=0.8,depth=6",1000,0.282157416402848,0.0862085073018592,0.304196664124981,0.304196869631168,0.874184440340567,0.281170211101829,0.0858769700009748,0.302163404335942,0.302164232687271,0.873357924605362,0.283162361231153,0.0865534346836529,0.306244553663573,0.306244615468813,0.875018813112726,official_holdout_set,0.562147205597822,0.88174691033597,0.560296734618631,0.881173456868606,0.563987620407319,0.882284650761271,0.29040830226625,0.50040830226625,evaluation_selection_50_percent_split
prefer_official_train,pmt_train_and_evaluation_samples_seed_1_241016_with_holdout.csv,train_sample_n_900000,catboost,"learning_rate=NA,subsample=0.8,depth=6",1000,0.274260829588492,0.0840207028835498,0.318195189186056,0.318200117874931,0.882044602277246,0.271780042597604,0.0831670303043362,0.31338036734487,0.31339858527258,0.880147889067405,0.276514312581382,0.0848005490103457,0.323119757465274,0.323122059703817,0.88392808837788,evaluation_selection_50_percent_split,0.571115215885477,0.885029702395073,0.566749115731205,0.883746471781514,0.57544242486635,0.886472822429545,0.25013930185783,0.52013930185783,evaluation_selection_50_percent_split
prefer_official_train,pmt_train_and_evaluation_samples_seed_1_241016_with_holdout.csv,train_sample_n_900000,catboost,"learning_rate=NA,subsample=0.8,depth=6",1000,0.276962101564474,0.0847495580783994,0.317615842441522,0.317616774023881,0.880363370386179,0.274635502703539,0.0839544079856002,0.312697444664882,0.312698004739984,0.878411744482355,0.279405072191626,0.085562962475605,0.322452869517212,0.322454456824273,0.882229518314695,evaluation_test_50_percent_split,0.570764072198045,0.883659567463411,0.566267735335962,0.882279628562714,0.575004486078577,0.885039627400762,0.25013930185783,0.52013930185783,evaluation_selection_50_percent_split
prefer_official_train,pmt_train_and_evaluation_samples_seed_1_241016_with_holdout.csv,train_sample_n_900000,catboost,"learning_rate=NA,subsample=0.8,depth=6",1000,0.276203016779411,0.0845126668748473,0.317884076923986,0.317884077341286,0.880603105172152,0.275213223955917,0.0841798909059247,0.315778169734448,0.315778440687581,0.879785583805271,0.277226165656229,0.084859465800141,0.319914423793568,0.31991451354428,0.881406675867451,official_holdout_set,0.570581186482433,0.883695336168242,0.568818716169254,0.883125223206513,0.57234611320976,0.884250123295026,0.25013930185783,0.52013930185783,evaluation_selection_50_percent_split
without_leakage,pmt_train_and_evaluation_samples_seed_1_241016_with_holdout.csv,train_sample_n_300,catboost,"learning_rate=NA,subsample=0.8,depth=6",1000,0.323982859389859,0.0973773638464301,0.209809572446762,0.210373002524189,0.817468827816311,0.320987304403275,0.0963272469489936,0.206007544569389,0.206618859287594,0.814737388765807,0.326619093571877,0.098266911086159,0.213865160807485,0.214417604624508,0.82036230078942,evaluation_selection_50_percent_split,0.511534634995647,0.87179797529884,0.506672565501346,0.870393829067195,0.516123776676783,0.873356927411897,0.201056536292562,0.381056536292562,evaluation_selection_50_percent_split
without_leakage,pmt_train_and_evaluation_samples_seed_1_241016_with_holdout.csv,train_sample_n_300,catboost,"learning_rate=NA,subsample=0.8,depth=6",1000,0.3266511514057,0.0982883043483975,0.208604938109676,0.209014744121217,0.815825445675412,0.323926825531483,0.0973466854855223,0.204888514547772,0.205332554074051,0.813194644519802,0.329421719211112,0.099222158382644,0.212402313391143,0.212842178901655,0.818417844096427,evaluation_test_50_percent_split,0.512627734986344,0.870224498787213,0.50809276967526,0.868786462292241,0.517128508471442,0.871652852349806,0.201056536292562,0.381056536292562,evaluation_selection_50_percent_split
without_leakage,pmt_train_and_evaluation_samples_seed_1_241016_with_holdout.csv,train_sample_n_300,catboost,"learning_rate=NA,subsample=0.8,depth=6",1000,0.325840524431107,0.098036469453663,0.208731195815555,0.209186084820217,0.816483936476312,0.324740565686437,0.0976515692048347,0.207099092982527,0.207566159249836,0.815434771770678,0.326958720802269,0.0984159772004273,0.210381093439844,0.210834787990284,0.817589065142716,official_holdout_set,0.511322163024734,0.870504995371881,0.509433698134227,0.869911357152286,0.513251714100395,0.871088065446377,0.201056536292562,0.381056536292562,evaluation_selection_50_percent_split
without_leakage,pmt_train_and_evaluation_samples_seed_1_241016_with_holdout.csv,train_sample_n_3000,catboost,"learning_rate=NA,subsample=0.8,depth=6",1000,0.298059582798844,0.0903633833511284,0.266726088026021,0.266728396191782,0.855062698647802,0.295327177454607,0.0894221162722199,0.261796030533757,0.261796401766871,0.852897234943015,0.300552624547904,0.0912059671668229,0.271627856150485,0.271629017197067,0.857310475781055,evaluation_selection_50_percent_split,0.538414111490398,0.877370502883093,0.533816429345686,0.8760098088105,0.542761254914203,0.878866515935686,0.242065904893848,0.522065904893848,evaluation_selection_50_percent_split
without_leakage,pmt_train_and_evaluation_samples_seed_1_241016_with_holdout.csv,train_sample_n_3000,catboost,"learning_rate=NA,subsample=0.8,depth=6",1000,0.300228703365462,0.0911089830021626,0.266411199992011,0.266434319210072,0.854304144381228,0.297657687239588,0.0902324908089069,0.261568224389505,0.261582472330457,0.852077467910631,0.30284083085658,0.0920105450700991,0.271327360218073,0.271356783839359,0.856537442371486,evaluation_test_50_percent_split,0.53981342785531,0.876102038741412,0.535212183161393,0.874717137337871,0.544228839088326,0.877481977642109,0.242065904893848,0.522065904893848,evaluation_selection_50_percent_split
without_leakage,pmt_train_and_evaluation_samples_seed_1_241016_with_holdout.csv,train_sample_n_3000,catboost,"learning_rate=NA,subsample=0.8,depth=6",1000,0.299685038134202,0.090969916433183,0.265766531638863,0.265780915482635,0.854615938488932,0.298624056299249,0.0906057030225791,0.263747248354603,0.263758105371918,0.853722472002339,0.300774354316256,0.0913368927607286,0.267827802631674,0.267840664379739,0.855538849030051,official_holdout_set,0.53792599114998,0.876162394733582,0.536060958654517,0.875560678563996,0.539826137365616,0.876737407103575,0.242065904893848,0.522065904893848,evaluation_selection_50_percent_split
without_leakage,pmt_train_and_evaluation_samples_seed_1_241016_with_holdout.csv,train_sample_n_30000,catboost,"learning_rate=NA,subsample=0.8,depth=6",1000,0.279073933792424,0.0847577089025735,0.312214588784919,0.312215382780552,0.875351798835079,0.276509559977259,0.0838984467946382,0.307446601109018,0.307452624135012,0.87331328085173,0.281442862072359,0.0855528852378668,0.317086013865077,0.317094780763037,0.877351360014437,evaluation_selection_50_percent_split,0.568755385941155,0.884589128971818,0.563981475112013,0.883233276365415,0.573193038618948,0.886002958135842,0.280557144294117,0.510557144294117,evaluation_selection_50_percent_split
without_leakage,pmt_train_and_evaluation_samples_seed_1_241016_with_holdout.csv,train_sample_n_30000,catboost,"learning_rate=NA,subsample=0.8,depth=6",1000,0.282307274522219,0.0858296005554714,0.308919586171226,0.308924913123542,0.873898442563456,0.279876257888438,0.0849972936624321,0.303941633990742,0.303952239872161,0.871811419240228,0.284765524015951,0.086653482152646,0.313745439600221,0.313774186885383,0.876050304376585,evaluation_test_50_percent_split,0.56746122176139,0.88264770102978,0.563011106323429,0.881301531355756,0.571898705019245,0.883965063979976,0.280557144294117,0.510557144294117,evaluation_selection_50_percent_split
without_leakage,pmt_train_and_evaluation_samples_seed_1_241016_with_holdout.csv,train_sample_n_30000,catboost,"learning_rate=NA,subsample=0.8,depth=6",1000,0.28056232120811,0.085293001798263,0.311585862747614,0.311587592532279,0.875066338424286,0.279550256880642,0.0849574216844357,0.309517916171825,0.309518289793472,0.874247521276713,0.281625590628636,0.0856459461377691,0.313607670574989,0.313611689765928,0.875912557103718,official_holdout_set,0.569737053458743,0.883146278514759,0.567907557729138,0.882581834289865,0.571557633459547,0.883692947200575,0.280557144294117,0.510557144294117,evaluation_selection_50_percent_split
without_leakage,pmt_train_and_evaluation_samples_seed_1_241016_with_holdout.csv,train_sample_n_300000,catboost,"learning_rate=NA,subsample=0.8,depth=6",1000,0.268309645753022,0.0818641986170264,0.335694626027168,0.335711972040466,0.887086186184566,0.26586664864613,0.0810215157736169,0.330681872367587,0.330724853409422,0.885272251079636,0.270593948031524,0.082655989420942,0.340614595347668,0.340643810800317,0.88893294582556,evaluation_selection_50_percent_split,0.583279573045569,0.887450435489884,0.578811820126476,0.886152801514411,0.5875413809591,0.888869106120098,0.26025556479161,0.500255564791611,evaluation_selection_50_percent_split
without_leakage,pmt_train_and_evaluation_samples_seed_1_241016_with_holdout.csv,train_sample_n_300000,catboost,"learning_rate=NA,subsample=0.8,depth=6",1000,0.271529682696447,0.0829176003181369,0.332366349479719,0.332367381862495,0.885519725994355,0.269240894679507,0.0821018606918686,0.327285703955515,0.327293003650625,0.883614250585114,0.273937065053468,0.0837426281268406,0.337541805520846,0.33754280429344,0.887341737184369,evaluation_test_50_percent_split,0.582160032446839,0.885833385782551,0.577537787012842,0.884448726452319,0.586673777970836,0.887160189591816,0.26025556479161,0.500255564791611,evaluation_selection_50_percent_split
without_leakage,pmt_train_and_evaluation_samples_seed_1_241016_with_holdout.csv,train_sample_n_300000,catboost,"learning_rate=NA,subsample=0.8,depth=6",1000,0.270166342671828,0.0824275429103854,0.334713462510091,0.334717421930851,0.886141599739241,0.269176075008679,0.0820967981595473,0.332640223983708,0.332648490193025,0.885363776727556,0.271168569854955,0.0827767487164452,0.336858436719248,0.336859861551125,0.886940286374498,official_holdout_set,0.583503712733048,0.886379887969564,0.581761257555631,0.88583969784013,0.585219950011051,0.886926657882824,0.26025556479161,0.500255564791611,evaluation_selection_50_percent_split
without_leakage,pmt_train_and_evaluation_samples_seed_1_241016_with_holdout.csv,train_sample_n_500,catboost,"learning_rate=NA,subsample=0.8,depth=6",1000,0.324171713344534,0.0966943556050582,0.215351995787808,0.215456102769271,0.81860375448499,0.320949067936146,0.0956504277049486,0.211527834399776,0.211695035648786,0.815924327357706,0.32705435415308,0.0976148537096346,0.219488912053787,0.219608516817433,0.821447460087703,evaluation_selection_50_percent_split,0.513309153500953,0.874557611026923,0.50867555061727,0.873206478850055,0.517984036793231,0.876073110980929,0.187052119749806,0.357052119749806,evaluation_selection_50_percent_split
without_leakage,pmt_train_and_evaluation_samples_seed_1_241016_with_holdout.csv,train_sample_n_500,catboost,"learning_rate=NA,subsample=0.8,depth=6",1000,0.326681616627006,0.0975389000097537,0.214638971323431,0.214684666424289,0.817425724359948,0.323768018467596,0.09657697204868,0.210771502218137,0.210834654253434,0.814763842254361,0.32971539728436,0.0985074806009667,0.218631870740644,0.21870661574907,0.820039651214744,evaluation_test_50_percent_split,0.514667353212885,0.873303671283812,0.510027653064089,0.87186563478884,0.519364904870567,0.874765794073077,0.187052119749806,0.357052119749806,evaluation_selection_50_percent_split
without_leakage,pmt_train_and_evaluation_samples_seed_1_241016_with_holdout.csv,train_sample_n_500,catboost,"learning_rate=NA,subsample=0.8,depth=6",1000,0.325733999737518,0.0971949822916817,0.215522979976164,0.215584164568672,0.817729324455142,0.324547995676199,0.096807398895399,0.213819170332539,0.213869564121528,0.816655286921769,0.326962226751187,0.0975943986726153,0.217208159846143,0.217272939182236,0.818834590263347,official_holdout_set,0.513795370156519,0.873510235714176,0.511877826302671,0.872916637985558,0.515670047760713,0.874090896575516,0.187052119749806,0.357052119749806,evaluation_selection_50_percent_split
without_leakage,pmt_train_and_evaluation_samples_seed_1_241016_with_holdout.csv,train_sample_n_5000,catboost,"learning_rate=NA,subsample=0.8,depth=6",1000,0.293227632663502,0.0891548139773216,0.276533294880811,0.276602915443039,0.860985187344491,0.290601080129412,0.088251843647731,0.271766444445331,0.271857048840084,0.858932792057489,0.295567012302797,0.0899697279205751,0.281425865566522,0.281491681590841,0.863084533874631,evaluation_selection_50_percent_split,0.540617619535671,0.879365186953217,0.535988400076038,0.878023858745383,0.544772389023655,0.880832151208672,0.241674325918948,0.501674325918948,evaluation_selection_50_percent_split
without_leakage,pmt_train_and_evaluation_samples_seed_1_241016_with_holdout.csv,train_sample_n_5000,catboost,"learning_rate=NA,subsample=0.8,depth=6",1000,0.29577069756062,0.0899276554109328,0.275922980954883,0.275948403512732,0.859480298153891,0.293352262287113,0.0890857798307623,0.271103038477895,0.271140358062001,0.857366259723826,0.298268701104797,0.0907973281545538,0.280857683875464,0.280881542958097,0.861717707894362,evaluation_test_50_percent_split,0.542793155437153,0.878140296007243,0.538363896115568,0.876760357106546,0.547225525921116,0.879544321202233,0.241674325918948,0.501674325918948,evaluation_selection_50_percent_split
without_leakage,pmt_train_and_evaluation_samples_seed_1_241016_with_holdout.csv,train_sample_n_5000,catboost,"learning_rate=NA,subsample=0.8,depth=6",1000,0.295146883089575,0.089770021468345,0.275451085348981,0.275487888212601,0.859852504776522,0.2941143751047,0.0894115470812615,0.273387899270888,0.273432699163525,0.85895730025382,0.296180722649179,0.0901302965554277,0.277587282308849,0.277619913473948,0.860751250933847,official_holdout_set,0.542968874661534,0.877965862866777,0.541140771686124,0.877375504416351,0.544795889978184,0.87855395382247,0.241674325918948,0.501674325918948,evaluation_selection_50_percent_split
without_leakage,pmt_train_and_evaluation_samples_seed_1_241016_with_holdout.csv,train_sample_n_50000,catboost,"learning_rate=NA,subsample=0.8,depth=6",1000,0.275634573607695,0.0839051223757566,0.319133093101939,0.319140071308715,0.879534456615818,0.273092399524228,0.0830330535785807,0.314170605574494,0.314185403453776,0.877602955066312,0.277966035340317,0.0846913024889864,0.323910291346039,0.323914994943541,0.881453369489194,evaluation_selection_50_percent_split,0.572853678750115,0.885097482921728,0.568409426728168,0.883789802903912,0.577191558614407,0.886487104754804,0.280149338751107,0.510149338751107,evaluation_selection_50_percent_split
without_leakage,pmt_train_and_evaluation_samples_seed_1_241016_with_holdout.csv,train_sample_n_50000,catboost,"learning_rate=NA,subsample=0.8,depth=6",1000,0.279182807990966,0.0850205672089691,0.31543373858815,0.315434034666772,0.877603889646581,0.276770696454626,0.0842106206312818,0.310419374690003,0.310421231731589,0.875616910810176,0.281711163394623,0.085862752219733,0.320268414055389,0.320272182777488,0.879588770560293,evaluation_test_50_percent_split,0.572284961700324,0.883645043064842,0.567804189390929,0.882284470028904,0.576691402082785,0.884991454812175,0.280149338751107,0.510149338751107,evaluation_selection_50_percent_split
without_leakage,pmt_train_and_evaluation_samples_seed_1_241016_with_holdout.csv,train_sample_n_50000,catboost,"learning_rate=NA,subsample=0.8,depth=6",1000,0.277343990801531,0.0844197528411691,0.318634001689027,0.318634197523316,0.878807571984302,0.276329810488775,0.0840860980032778,0.316551402432588,0.316553755602652,0.877995378903855,0.278360461711166,0.0847651392692655,0.320741260120164,0.320741331444016,0.879633720440806,official_holdout_set,0.573783365482117,0.884258970573587,0.571920934763734,0.883700134349063,0.575665984967834,0.884815397584956,0.280149338751107,0.510149338751107,evaluation_selection_50_percent_split
without_leakage,pmt_train_and_evaluation_samples_seed_1_241016_with_holdout.csv,train_sample_n_500000,catboost,"learning_rate=NA,subsample=0.8,depth=6",1000,0.267441261875667,0.0816432632888568,0.337487455228246,0.337496934085047,0.888027034285909,0.264951355123497,0.0807824647852221,0.33245956828861,0.332482772512493,0.886174077612317,0.269715792400597,0.0824227629047176,0.342319428972388,0.342319498706022,0.889888783276636,evaluation_selection_50_percent_split,0.585323992448238,0.888002362635501,0.580702683310066,0.886738618923355,0.58986758205418,0.889382301536197,0.300143731837962,0.500143731837962,evaluation_selection_50_percent_split
without_leakage,pmt_train_and_evaluation_samples_seed_1_241016_with_holdout.csv,train_sample_n_500000,catboost,"learning_rate=NA,subsample=0.8,depth=6",1000,0.270675934119154,0.0826985658334294,0.334129965311026,0.33412996944449,0.886462425766249,0.268363574717741,0.0819070015138524,0.329119395539401,0.329123355442538,0.884565317714426,0.273082405722642,0.0835105679059768,0.339207873828098,0.339211101570805,0.888273542225257,evaluation_test_50_percent_split,0.584882127404031,0.887019544999007,0.580310682497176,0.885658850926415,0.589283344479945,0.8883853226111,0.300143731837962,0.500143731837962,evaluation_selection_50_percent_split
without_leakage,pmt_train_and_evaluation_samples_seed_1_241016_with_holdout.csv,train_sample_n_500000,catboost,"learning_rate=NA,subsample=0.8,depth=6",1000,0.268911635850485,0.0820727072026164,0.337577401080431,0.337578225610199,0.887483040710503,0.267918682054102,0.0817377784583597,0.335480815008135,0.335482217356495,0.886694753766926,0.269894179960006,0.082413064376202,0.339666795385587,0.339668103374974,0.888252392192996,official_holdout_set,0.587086244312759,0.886724061277426,0.585246928733708,0.886178121429202,0.588869471463746,0.887302353416588,0.300143731837962,0.500143731837962,evaluation_selection_50_percent_split
without_leakage,pmt_train_and_evaluation_samples_seed_1_241016_with_holdout.csv,train_sample_n_600,catboost,"learning_rate=NA,subsample=0.8,depth=6",1000,0.316608850934823,0.0944035658465703,0.233941122328026,0.234060207237315,0.827387108393477,0.313469665838811,0.0933794323669522,0.22981413850866,0.22997732375962,0.82482783031537,0.319463781310753,0.0953326805604351,0.238568371546872,0.238692311421743,0.830175904879034,evaluation_selection_50_percent_split,0.518740133804405,0.874944928322093,0.514124472002456,0.873618124512827,0.523342643271467,0.876494318539427,0.195959161277253,0.445959161277253,evaluation_selection_50_percent_split
without_leakage,pmt_train_and_evaluation_samples_seed_1_241016_with_holdout.csv,train_sample_n_600,catboost,"learning_rate=NA,subsample=0.8,depth=6",1000,0.319000570390261,0.0951874227038461,0.233572531530616,0.233628868712838,0.826196169490293,0.316156576074357,0.0942344399317813,0.229246204948041,0.2292770092076,0.82369916256192,0.321919241289026,0.0961264814167451,0.237962542151119,0.238018672562044,0.82874037870567,evaluation_test_50_percent_split,0.521754578158078,0.874160610799375,0.517314347601078,0.87274678163535,0.526373534104035,0.875618013159105,0.195959161277253,0.445959161277253,evaluation_selection_50_percent_split
without_leakage,pmt_train_and_evaluation_samples_seed_1_241016_with_holdout.csv,train_sample_n_600,catboost,"learning_rate=NA,subsample=0.8,depth=6",1000,0.318422669180944,0.0950080302123126,0.233174237373484,0.233247557505635,0.826370534003728,0.31726484670239,0.0946278014834497,0.231307547006206,0.231385227142524,0.825328393129009,0.319605428436031,0.0954031538763236,0.235032527095862,0.235096575031665,0.827432605643159,official_holdout_set,0.520690547006337,0.874371073893604,0.518882545078866,0.873804078737135,0.522501159746503,0.874973620128227,0.195959161277253,0.445959161277253,evaluation_selection_50_percent_split
without_leakage,pmt_train_and_evaluation_samples_seed_1_241016_with_holdout.csv,train_sample_n_6000,catboost,"learning_rate=NA,subsample=0.8,depth=6",1000,0.290218001879006,0.0882287575136879,0.284047987454449,0.284215931476082,0.863735591473061,0.287628866873447,0.0873512380488972,0.279111360705475,0.279314639939595,0.861647943770406,0.292543982946096,0.0890374322004089,0.288769796916006,0.288924034322362,0.865797950192434,evaluation_selection_50_percent_split,0.546435408086316,0.880502931507778,0.54186854422814,0.879084018804255,0.55069184787541,0.881931164033716,0.241483613503709,0.531483613503709,evaluation_selection_50_percent_split
without_leakage,pmt_train_and_evaluation_samples_seed_1_241016_with_holdout.csv,train_sample_n_6000,catboost,"learning_rate=NA,subsample=0.8,depth=6",1000,0.293097456714966,0.0892052265427942,0.281739813818184,0.281833334438509,0.862346286718562,0.290734631373085,0.0883865365605378,0.276957811800103,0.27707382588387,0.860221500464783,0.295561224103009,0.0900697650524121,0.28668429138784,0.286724415402699,0.864478599360443,evaluation_test_50_percent_split,0.547571371359918,0.878517930370033,0.543040842356591,0.877147674401716,0.551812643606159,0.879888186338351,0.241483613503709,0.531483613503709,evaluation_selection_50_percent_split
without_leakage,pmt_train_and_evaluation_samples_seed_1_241016_with_holdout.csv,train_sample_n_6000,catboost,"learning_rate=NA,subsample=0.8,depth=6",1000,0.292017080122064,0.0888584025919503,0.28280891435095,0.282923114567956,0.863063699610643,0.291024732250515,0.0885154635980188,0.280781714612386,0.280894852649373,0.862202568744839,0.29304027104698,0.0892119711142233,0.28483912212541,0.28493943082309,0.863903634242498,official_holdout_set,0.547866033669193,0.878792688625194,0.546063553160734,0.878182064440581,0.549650830061178,0.879360473355722,0.241483613503709,0.531483613503709,evaluation_selection_50_percent_split
without_leakage,pmt_train_and_evaluation_samples_seed_1_241016_with_holdout.csv,train_sample_n_60000,catboost,"learning_rate=NA,subsample=0.8,depth=6",1000,0.274470305724721,0.0836099302259799,0.321528495912497,0.32153196546787,0.880817216901072,0.271912503324725,0.0827265426500268,0.316560863927539,0.316575046315857,0.878874948251033,0.276811814853582,0.084406208708278,0.326395875579216,0.326400579858516,0.882708922960941,evaluation_selection_50_percent_split,0.573689123316492,0.885547739277363,0.569143134720772,0.8842452638357,0.578000858751283,0.886956726975197,0.260355681184921,0.500355681184921,evaluation_selection_50_percent_split
without_leakage,pmt_train_and_evaluation_samples_seed_1_241016_with_holdout.csv,train_sample_n_60000,catboost,"learning_rate=NA,subsample=0.8,depth=6",1000,0.277731957363808,0.0845927779473134,0.318878200382953,0.318879931101325,0.879106983106716,0.275341410826624,0.0837730166104489,0.313874079408298,0.313879722270092,0.877130090480994,0.280257954983857,0.0854296887647938,0.323758977111426,0.323768018424394,0.881031653215336,evaluation_test_50_percent_split,0.574117647058824,0.884153397014752,0.569662921297883,0.882812189843572,0.578362438337104,0.885499445652121,0.260355681184921,0.500355681184921,evaluation_selection_50_percent_split
without_leakage,pmt_train_and_evaluation_samples_seed_1_241016_with_holdout.csv,train_sample_n_60000,catboost,"learning_rate=NA,subsample=0.8,depth=6",1000,0.275956862261139,0.084049760085311,0.321620275339192,0.321620384648173,0.88035939066979,0.274931704457953,0.0837069752594701,0.319545459917471,0.319545646927672,0.879577207703149,0.276963542441219,0.084395079692303,0.323754852420676,0.323754865851573,0.881205764430436,official_holdout_set,0.575554333523185,0.884467904016948,0.573818193877431,0.883891211271392,0.577360480590937,0.885014572702765,0.260355681184921,0.500355681184921,evaluation_selection_50_percent_split
without_leakage,pmt_train_and_evaluation_samples_seed_1_241016_with_holdout.csv,train_sample_n_600000,catboost,"learning_rate=NA,subsample=0.8,depth=6",1000,0.266819429710053,0.0814426067409915,0.339115727724913,0.339125800696054,0.888640681989931,0.264379672339787,0.0805914357852806,0.334044113320199,0.334071959228114,0.886783116675522,0.269133830636189,0.082235307606809,0.344137718864861,0.34414605733768,0.890491601979523,evaluation_selection_50_percent_split,0.586880766337637,0.888118557824052,0.582462953906933,0.886777471689527,0.591177750114699,0.889546911386644,0.290152162454295,0.510152162454295,evaluation_selection_50_percent_split
without_leakage,pmt_train_and_evaluation_samples_seed_1_241016_with_holdout.csv,train_sample_n_600000,catboost,"learning_rate=NA,subsample=0.8,depth=6",1000,0.269890483658581,0.0824318405006281,0.336277576999511,0.336277578186036,0.887151954912615,0.267582933097645,0.081617379106765,0.331335926377863,0.331338417057863,0.885311831651079,0.272258931756956,0.0832628539248542,0.341276711487932,0.341287493470717,0.889002483875179,evaluation_test_50_percent_split,0.585810759541695,0.886578971575752,0.581176828012162,0.885252288803141,0.590302540561698,0.887939423575035,0.290152162454295,0.510152162454295,evaluation_selection_50_percent_split
without_leakage,pmt_train_and_evaluation_samples_seed_1_241016_with_holdout.csv,train_sample_n_600000,catboost,"learning_rate=NA,subsample=0.8,depth=6",1000,0.268387788768773,0.0819302395262475,0.33872728161513,0.338728293285188,0.887980563960053,0.267407122086729,0.081610088248741,0.336681212959855,0.33668239846852,0.887193587756367,0.269385013298832,0.0822637799169563,0.340855454137814,0.340856059221839,0.888771359070551,official_holdout_set,0.587478938982861,0.887013976675577,0.58564726068249,0.886450949634893,0.589271360934417,0.887572752163635,0.290152162454295,0.510152162454295,evaluation_selection_50_percent_split
without_leakage,pmt_train_and_evaluation_samples_seed_1_241016_with_holdout.csv,train_sample_n_700,catboost,"learning_rate=NA,subsample=0.8,depth=6",1000,0.317446978941775,0.0946448917090308,0.231982829569782,0.23204611323911,0.825530623619654,0.314308109941484,0.0936349540095413,0.227686522373581,0.227739614698516,0.82300559071926,0.320311351756572,0.0955597919636878,0.236611577143532,0.236655965606618,0.828310424027909,evaluation_selection_50_percent_split,0.519306064967424,0.874649598884526,0.51472652057633,0.873269175837211,0.52391984591449,0.876136776261323,0.204989830146795,0.464989830146795,evaluation_selection_50_percent_split
without_leakage,pmt_train_and_evaluation_samples_seed_1_241016_with_holdout.csv,train_sample_n_700,catboost,"learning_rate=NA,subsample=0.8,depth=6",1000,0.319489845237631,0.0952993646732391,0.23267120026457,0.232691915081008,0.824640401713271,0.316732101893911,0.0943530261782907,0.228306209402233,0.228351833368814,0.822077160580197,0.32238712002742,0.0962267314364528,0.237084313484866,0.237104867464969,0.827152315268164,evaluation_test_50_percent_split,0.522432185309357,0.873937903354652,0.51786675529335,0.872519111687783,0.526866304342133,0.875342654769571,0.204989830146795,0.464989830146795,evaluation_selection_50_percent_split
without_leakage,pmt_train_and_evaluation_samples_seed_1_241016_with_holdout.csv,train_sample_n_700,catboost,"learning_rate=NA,subsample=0.8,depth=6",1000,0.318612307135437,0.0950885734840929,0.232524159104633,0.232555560694395,0.825626947878789,0.317457848691078,0.094701088614277,0.230653472168629,0.230693060604896,0.824563119099651,0.31978804986719,0.0954808036363868,0.234411723428622,0.234444954913259,0.826655776862572,official_holdout_set,0.521199687127342,0.873699733488387,0.519406967131102,0.873100426531956,0.52304767755755,0.87430553924669,0.204989830146795,0.464989830146795,evaluation_selection_50_percent_split
without_leakage,pmt_train_and_evaluation_samples_seed_1_241016_with_holdout.csv,train_sample_n_7000,catboost,"learning_rate=NA,subsample=0.8,depth=6",1000,0.289555453426873,0.0880412086098706,0.285569895037902,0.285587814484346,0.864940046483395,0.286890407575744,0.0871299148480237,0.280610419755142,0.280699210190371,0.862834963993222,0.292001594061822,0.0888699137071028,0.290327249966075,0.290347809606282,0.866986725871347,evaluation_selection_50_percent_split,0.549747048903879,0.880435150981123,0.545000610083323,0.879122871570426,0.554012530296816,0.881873066439441,0.26134377894024,0.49134377894024,evaluation_selection_50_percent_split
without_leakage,pmt_train_and_evaluation_samples_seed_1_241016_with_holdout.csv,train_sample_n_7000,catboost,"learning_rate=NA,subsample=0.8,depth=6",1000,0.292228606242365,0.0888837522719546,0.284328251498067,0.284329185136339,0.863552804803289,0.289773341403018,0.0880362913729861,0.279400698530656,0.279400938168708,0.861415798239084,0.294748954281584,0.0897470131588463,0.289211081634539,0.28922116091746,0.865699149030901,evaluation_test_50_percent_split,0.551106667272645,0.879365186953217,0.546756069397979,0.878043345646796,0.555698055193879,0.880798381982,0.26134377894024,0.49134377894024,evaluation_selection_50_percent_split
without_leakage,pmt_train_and_evaluation_samples_seed_1_241016_with_holdout.csv,train_sample_n_7000,catboost,"learning_rate=NA,subsample=0.8,depth=6",1000,0.291293129466925,0.0886043936994341,0.284859062767693,0.284862972227086,0.864169750377092,0.290258766083081,0.0882609578465347,0.282811009473772,0.282814307334396,0.863293361624835,0.292361575693984,0.0889729190950206,0.286905051597971,0.28690824387746,0.86503247312142,official_holdout_set,0.550176867777053,0.879234040278805,0.548341926085284,0.878639288557331,0.552048693295501,0.879805833616095,0.26134377894024,0.49134377894024,evaluation_selection_50_percent_split
without_leakage,pmt_train_and_evaluation_samples_seed_1_241016_with_holdout.csv,train_sample_n_70000,catboost,"learning_rate=NA,subsample=0.8,depth=6",1000,0.273727414036809,0.0833424317778711,0.323699171978593,0.323702092982658,0.881476365083836,0.271180785450347,0.0824519314135737,0.31881312587427,0.318835690393784,0.879590907402353,0.276051605557763,0.0841324764420537,0.328591848172798,0.328592093512806,0.883343368271154,evaluation_selection_50_percent_split,0.573804128131316,0.885847910181119,0.569327503048583,0.884511544476129,0.577958133352576,0.887271664350832,0.280451733379308,0.520451733379308,evaluation_selection_50_percent_split
without_leakage,pmt_train_and_evaluation_samples_seed_1_241016_with_holdout.csv,train_sample_n_70000,catboost,"learning_rate=NA,subsample=0.8,depth=6",1000,0.277365037840336,0.0845388239354423,0.319312625809732,0.319314773929712,0.879644489655547,0.274959638784235,0.0837251139439666,0.314303611504991,0.314306622791853,0.877669878757514,0.279855778989756,0.0853758033230128,0.324342305008512,0.324354714638349,0.881550012834834,evaluation_test_50_percent_split,0.573566763425254,0.884017835961443,0.56902713461836,0.88264285956359,0.578177441281529,0.885387970893105,0.280451733379308,0.520451733379308,evaluation_selection_50_percent_split
without_leakage,pmt_train_and_evaluation_samples_seed_1_241016_with_holdout.csv,train_sample_n_70000,catboost,"learning_rate=NA,subsample=0.8,depth=6",1000,0.275440121866687,0.0839038833551424,0.32279767091945,0.322797901920873,0.880868879122967,0.274453923260467,0.0835710860885285,0.320737969343008,0.320738887803774,0.880080501017323,0.276451478327755,0.0842517641509161,0.324892049924469,0.324895921107733,0.881703781190866,official_holdout_set,0.577155203018654,0.884735954287306,0.575407853933741,0.884170679997376,0.578981393076201,0.885262377484425,0.280451733379308,0.520451733379308,evaluation_selection_50_percent_split
without_leakage,pmt_train_and_evaluation_samples_seed_1_241016_with_holdout.csv,train_sample_n_700000,catboost,"learning_rate=NA,subsample=0.8,depth=6",1000,0.266473660216979,0.0813902855661395,0.339540299616093,0.33954601210747,0.889094911301513,0.264019364855409,0.0805346240941509,0.334752054688621,0.334777322389065,0.887310296592833,0.268781418905102,0.0821697092580603,0.344448038506503,0.344453461357762,0.890916158169809,evaluation_selection_50_percent_split,0.587248474571139,0.887934582108846,0.58271853452115,0.886651351495287,0.591492611070114,0.889300117647628,0.280166519486826,0.490166519486826,evaluation_selection_50_percent_split
without_leakage,pmt_train_and_evaluation_samples_seed_1_241016_with_holdout.csv,train_sample_n_700000,catboost,"learning_rate=NA,subsample=0.8,depth=6",1000,0.269658773933125,0.0823884816405236,0.336626692675108,0.336627250602667,0.887433292641038,0.267329771984048,0.0815854709198764,0.331648923810957,0.33165406859618,0.885607973702592,0.272080390511604,0.0832066483451322,0.341706713771781,0.341707114498244,0.889270066001716,evaluation_test_50_percent_split,0.585717065576961,0.886578971575752,0.581117763810189,0.885189470779331,0.59013753263691,0.887978276341207,0.280166519486826,0.490166519486826,evaluation_selection_50_percent_split
without_leakage,pmt_train_and_evaluation_samples_seed_1_241016_with_holdout.csv,train_sample_n_700000,catboost,"learning_rate=NA,subsample=0.8,depth=6",1000,0.268227143072231,0.0818964711564573,0.338999831797037,0.338999882282146,0.888156539312096,0.267230740100462,0.0815724795231517,0.336943340854113,0.336943687705151,0.887390564363751,0.269209052525388,0.0822360320014727,0.341049918988277,0.341049920829183,0.888933660761198,official_holdout_set,0.587707577782019,0.887147596900983,0.585931819301961,0.88658874043097,0.589500541329558,0.887716130714593,0.280166519486826,0.490166519486826,evaluation_selection_50_percent_split
without_leakage,pmt_train_and_evaluation_samples_seed_1_241016_with_holdout.csv,train_sample_n_900,catboost,"learning_rate=NA,subsample=0.8,depth=6",1000,0.313760420720096,0.0935152047657814,0.241149927275316,0.241195165565635,0.832007578869701,0.31062894262217,0.09252005671158,0.236424644155145,0.236488499232753,0.829526845394688,0.31657848317018,0.0944295258673683,0.246074535372129,0.246115157655426,0.834667569613112,evaluation_selection_50_percent_split,0.524460114587924,0.875443599339624,0.51980120294153,0.874141123897961,0.528949204140361,0.876910563595079,0.213378616131313,0.493378616131313,evaluation_selection_50_percent_split
without_leakage,pmt_train_and_evaluation_samples_seed_1_241016_with_holdout.csv,train_sample_n_900,catboost,"learning_rate=NA,subsample=0.8,depth=6",1000,0.315268773950401,0.0939658107649478,0.243408672894531,0.243419855968757,0.83169329166956,0.312568312336151,0.0930641071461756,0.23864832253095,0.238660227405232,0.829246667449588,0.318204226990614,0.0948704473475076,0.24832965853111,0.248345873826144,0.834157191059535,evaluation_test_50_percent_split,0.527019148840755,0.87460602568882,0.522452100484198,0.873230807217658,0.531678232567132,0.876034258214758,0.213378616131313,0.493378616131313,evaluation_selection_50_percent_split
without_leakage,pmt_train_and_evaluation_samples_seed_1_241016_with_holdout.csv,train_sample_n_900,catboost,"learning_rate=NA,subsample=0.8,depth=6",1000,0.314695387320536,0.0938560225925671,0.242472284281612,0.242491555225224,0.832124833507413,0.313520373929126,0.093466937275536,0.240466753499125,0.24048701853442,0.831062526932334,0.315921244364373,0.0942437449637183,0.244562800093978,0.244575648448038,0.833182817379913,official_holdout_set,0.526928638855972,0.874422902344671,0.525118334348696,0.873844448241598,0.52878044165131,0.875031137561617,0.213378616131313,0.493378616131313,evaluation_selection_50_percent_split
without_leakage,pmt_train_and_evaluation_samples_seed_1_241016_with_holdout.csv,train_sample_n_9000,catboost,"learning_rate=NA,subsample=0.8,depth=6",1000,0.287013098502634,0.0873553230905418,0.291135666695324,0.291308889331267,0.867551538486328,0.284339647575724,0.0864321496719257,0.286186485264424,0.286438634750123,0.865504811060031,0.289359404628772,0.0881624826042854,0.296031473327816,0.296162098010455,0.869580195554609,evaluation_selection_50_percent_split,0.551432845452146,0.881640676062339,0.546847779942095,0.880284823455935,0.55587858655082,0.88308839548969,0.251237843821344,0.521237843821344,evaluation_selection_50_percent_split
without_leakage,pmt_train_and_evaluation_samples_seed_1_241016_with_holdout.csv,train_sample_n_9000,catboost,"learning_rate=NA,subsample=0.8,depth=6",1000,0.289543287200889,0.0881479127519469,0.290253063878731,0.290350652343508,0.866433481238933,0.287073775928237,0.0873206366409155,0.285313474408153,0.285423006492754,0.864328621590829,0.292045051636828,0.0889992013654928,0.295276636889523,0.295370850391663,0.868594010410666,evaluation_test_50_percent_split,0.554214070118412,0.880004260490247,0.550058923586014,0.878643808490963,0.55874699483168,0.881422810083806,0.251237843821344,0.521237843821344,evaluation_selection_50_percent_split
without_leakage,pmt_train_and_evaluation_samples_seed_1_241016_with_holdout.csv,train_sample_n_9000,catboost,"learning_rate=NA,subsample=0.8,depth=6",1000,0.288346963799701,0.0877798057421447,0.291514450610047,0.29163297800536,0.867233102848125,0.287322069161022,0.0874272677945517,0.289420323312379,0.289556570668982,0.866384424151512,0.289368205161076,0.0881289142772277,0.293620378917751,0.293727828292632,0.868066135694981,official_holdout_set,0.554007281771525,0.880331345766223,0.552238135772516,0.879764431591709,0.55579558028682,0.880886902221578,0.251237843821344,0.521237843821344,evaluation_selection_50_percent_split
without_leakage,pmt_train_and_evaluation_samples_seed_1_241016_with_holdout.csv,train_sample_n_90000,catboost,"learning_rate=NA,subsample=0.8,depth=6",1000,0.272479054441615,0.0830561273887582,0.326022453064742,0.32602547915118,0.8830122452846,0.26994953555433,0.0821622132241267,0.321098542384987,0.321099656086302,0.88116216390215,0.274825317090132,0.0838634281199561,0.331071860378467,0.331072046248952,0.884865295222702,evaluation_selection_50_percent_split,0.577846135103856,0.886186812814393,0.573336951920664,0.884845363569904,0.582259620616052,0.88762472827271,0.280258944230678,0.500258944230678,evaluation_selection_50_percent_split
without_leakage,pmt_train_and_evaluation_samples_seed_1_241016_with_holdout.csv,train_sample_n_90000,catboost,"learning_rate=NA,subsample=0.8,depth=6",1000,0.275943408062989,0.0841510293473562,0.322435059593423,0.322437101388202,0.881177980463376,0.273500000940689,0.083327076021862,0.317326420797004,0.317330328191439,0.879213365023719,0.278386002441503,0.084973386526241,0.327452249005769,0.327485818428193,0.883107684147254,evaluation_test_50_percent_split,0.577423567022378,0.884216336075217,0.572847899992409,0.88289945727164,0.582017768239655,0.885596153939259,0.280258944230678,0.500258944230678,evaluation_selection_50_percent_split
without_leakage,pmt_train_and_evaluation_samples_seed_1_241016_with_holdout.csv,train_sample_n_90000,catboost,"learning_rate=NA,subsample=0.8,depth=6",1000,0.274429963378978,0.0836894318336248,0.324528545153625,0.324528744654771,0.882167896516704,0.273419494126221,0.0833493838254018,0.322471226578471,0.322471331814781,0.881374446316513,0.275448165819729,0.0840363750368967,0.326648420975608,0.32665138512391,0.883004686847161,official_holdout_set,0.579057192671708,0.884932740437448,0.577241930444704,0.884368964313682,0.580941683196868,0.885478579058228,0.280258944230678,0.500258944230678,evaluation_selection_50_percent_split
without_leakage,pmt_train_and_evaluation_samples_seed_1_241016_with_holdout.csv,train_sample_n_900000,catboost,"learning_rate=NA,subsample=0.8,depth=6",1000,0.2663038515237,0.0813116039104185,0.340178779532974,0.340183549304992,0.889278466070225,0.263814898589918,0.0804446246876675,0.335366121841183,0.335387321836461,0.88745177507166,0.268619043856508,0.082089458031446,0.345073569247769,0.345082134159422,0.891116356047059,evaluation_selection_50_percent_split,0.586720346666257,0.888346106734964,0.582206280435172,0.887072559053784,0.591052218091513,0.889711763310401,0.290143520756773,0.510143520756773,evaluation_selection_50_percent_split
without_leakage,pmt_train_and_evaluation_samples_seed_1_241016_with_holdout.csv,train_sample_n_900000,catboost,"learning_rate=NA,subsample=0.8,depth=6",1000,0.269548886471988,0.0823599862266405,0.33685613126379,0.336857036579546,0.887628536541049,0.267176394472012,0.0815557606466675,0.331706446139814,0.331707236748391,0.885744609569867,0.272014938787387,0.0831916895257322,0.341967600358692,0.34197067470544,0.88947990431351,evaluation_test_50_percent_split,0.586673148795236,0.886516032515287,0.582051832232989,0.885155580516004,0.590915889414649,0.887857239686467,0.290143520756773,0.510143520756773,evaluation_selection_50_percent_split
without_leakage,pmt_train_and_evaluation_samples_seed_1_241016_with_holdout.csv,train_sample_n_900000,catboost,"learning_rate=NA,subsample=0.8,depth=6",1000,0.267883304127559,0.0817981285554758,0.339793571440178,0.339793571844075,0.88855207791911,0.266915386120337,0.0814632606738496,0.337732889714079,0.337733891592885,0.887777606351443,0.268892560285589,0.0821390677013184,0.341851263275434,0.341851295535015,0.889331308388682,official_holdout_set,0.588606884446213,0.887169462028776,0.586847045003878,0.886600948460655,0.590371086725616,0.887739615481482,0.290143520756773,0.510143520756773,evaluation_selection_50_percent_split