feature_set,sampling_file,training_set,model,grid_row,step,estimate_LogLoss,estimate_MSE,estimate_In_Sample_R2,estimate_R2_Holdout,estimate_AUC,ci_lower_LogLoss,ci_lower_MSE,ci_lower_In_Sample_R2,ci_lower_R2_Holdout,ci_lower_AUC,ci_upper_LogLoss,ci_upper_MSE,ci_upper_In_Sample_R2,ci_upper_R2_Holdout,ci_upper_AUC,evaluation_set,estimate_F1_Score,estimate_Accuracy,ci_lower_F1_Score,ci_lower_Accuracy,ci_upper_F1_Score,ci_upper_Accuracy,threshold_F1_Score,threshold_Accuracy,selection_set
without_leakage,pmt_train_and_evaluation_samples_seed_1_241016_with_holdout.csv,training_set,catboost,"learning_rate=NA,subsample=0.8,depth=6",1000,0.263839285382026,0.0806453337680203,0.345585377821237,0.345587669751501,0.891711582273304,0.261331956530537,0.0798009662201773,0.340585770348417,0.340602016188004,0.889919301438112,0.266158977473704,0.0814374889070061,0.350564572273206,0.350565417104208,0.893536249279014,evaluation_selection_50_percent_split,0.589527598370029,0.889149790122441,0.584783655746911,0.887822986313175,0.59400808302912,0.890524887556948,0.320067141067789,0.510067141067789,evaluation_selection_50_percent_split
without_leakage,pmt_train_and_evaluation_samples_seed_1_241016_with_holdout.csv,train_sample_n_3000000,catboost,"learning_rate=NA,subsample=0.8,depth=6",1000,0.263993336280996,0.0806913809188226,0.345211717903338,0.34521450186431,0.891594368825068,0.261610710360671,0.0798430158753422,0.340246326091105,0.340247459773674,0.88986347877439,0.266310084500599,0.0814946944183452,0.350056780385236,0.35005953727418,0.893416197565669,evaluation_selection_50_percent_split,0.590395522952431,0.889101375460544,0.586144308114956,0.887808340877951,0.594632476303261,0.89049099729362,0.280080728670086,0.520080728670086,evaluation_selection_50_percent_split
without_leakage,pmt_train_and_evaluation_samples_seed_1_241016_with_holdout.csv,train_sample_n_2000000,catboost,"learning_rate=NA,subsample=0.8,depth=6",1000,0.264383705651265,0.0807833944709854,0.34446505332697,0.344468060257893,0.891215640464646,0.262029255793641,0.0799493036862642,0.339589021492022,0.339601318313606,0.889479654986157,0.266726580271299,0.0815789840285227,0.349304084528031,0.349304646466489,0.893036866220372,evaluation_selection_50_percent_split,0.59001763063049,0.888965814407235,0.585462812486225,0.887600520941762,0.59448864418176,0.890394046933173,0.300093048763534,0.490093048763534,evaluation_selection_50_percent_split
without_leakage,pmt_train_and_evaluation_samples_seed_1_241016_with_holdout.csv,train_sample_n_1000000,catboost,"learning_rate=NA,subsample=0.8,depth=6",1000,0.2657898747553,0.0811556102009008,0.341444625425186,0.34144870609534,0.88969795874351,0.263315679966965,0.0802935936757367,0.336487373757146,0.336488014233259,0.887919180042231,0.268086836658558,0.0819416193479087,0.346314057702729,0.346324942941829,0.891515420211136,evaluation_selection_50_percent_split,0.588349424862568,0.88838967993067,0.583697445021151,0.887014582496163,0.592675823141079,0.889779180727091,0.290189131724428,0.500189131724428,evaluation_selection_50_percent_split
without_leakage,pmt_train_and_evaluation_samples_seed_1_241016_with_holdout.csv,training_set,catboost,"learning_rate=NA,subsample=0.8,depth=6",1000,0.265947494820727,0.0812738223916368,0.344025334513649,0.344025744220573,0.890439670884961,0.264971984086992,0.0809481307327052,0.342029691115293,0.342029914655419,0.889678212611586,0.266942489494209,0.081607402831124,0.346075061324868,0.346076000423045,0.891201280390811,official_holdout_set,0.589710199071356,0.887897489802347,0.587920696275072,0.887340293462408,0.591495692420743,0.888434440653589,0.320067141067789,0.510067141067789,evaluation_selection_50_percent_split
without_leakage,pmt_train_and_evaluation_samples_seed_1_241016_with_holdout.csv,train_sample_n_3000000,catboost,"learning_rate=NA,subsample=0.8,depth=6",1000,0.266100062875818,0.0813023475526312,0.343795103150209,0.343795339605749,0.890377729846914,0.265118254889141,0.0809786115486558,0.341800937509763,0.34180157374757,0.889623736876615,0.26711086237963,0.0816420467720936,0.345943743558479,0.345947566143692,0.891139821162275,official_holdout_set,0.591123587894844,0.887644016283852,0.589398479732887,0.887092508926236,0.592893948260025,0.888172038874578,0.280080728670086,0.520080728670086,evaluation_selection_50_percent_split
without_leakage,pmt_train_and_evaluation_samples_seed_1_241016_with_holdout.csv,train_sample_n_800000,catboost,"learning_rate=NA,subsample=0.8,depth=6",1000,0.266169008661995,0.0812454521974848,0.340715582422903,0.340722369525844,0.889270779406149,0.263720653108842,0.0803731419936149,0.335907870880191,0.33592655207282,0.887483056365649,0.268474902025474,0.0820335692807032,0.345675841160776,0.34568747954277,0.891107831010082,evaluation_selection_50_percent_split,0.587082405345212,0.888549448314928,0.582636726765322,0.887227607008506,0.591582722363785,0.889953473509918,0.290124288398092,0.500124288398092,evaluation_selection_50_percent_split
without_leakage,pmt_train_and_evaluation_samples_seed_1_241016_with_holdout.csv,train_sample_n_2000000,catboost,"learning_rate=NA,subsample=0.8,depth=6",1000,0.266398170665778,0.0813985412833808,0.34301870739948,0.343018885549209,0.890035218314677,0.265422714661143,0.0810728428797053,0.341048606947098,0.341048682947998,0.889259963281316,0.267404933984763,0.08173272671909,0.345149634892931,0.345149904372746,0.890797456807244,official_holdout_set,0.590671645650802,0.887702323291301,0.58892573601726,0.887155674850973,0.592476489920447,0.888252251500798,0.300093048763534,0.490093048763534,evaluation_selection_50_percent_split
without_leakage,pmt_train_and_evaluation_samples_seed_1_241016_with_holdout.csv,training_set,catboost,"learning_rate=NA,subsample=0.8,depth=6",1000,0.267293076886476,0.0817484930935096,0.341779734831355,0.341782321749015,0.88984589529333,0.264907177345862,0.0809431561897708,0.336676155847211,0.336676329396618,0.887999570762307,0.269708178401026,0.0825770129560243,0.346769160930002,0.346772511494806,0.891695006729936,evaluation_test_50_percent_split,0.588459704339533,0.887431069625125,0.583949219302989,0.88609966642298,0.593083991653718,0.888762593863926,0.320067141067789,0.510067141067789,evaluation_selection_50_percent_split
without_leakage,pmt_train_and_evaluation_samples_seed_1_241016_with_holdout.csv,train_sample_n_1000000,catboost,"learning_rate=NA,subsample=0.8,depth=6",1000,0.267408334167548,0.0816550227037183,0.340948602795582,0.340948622779921,0.888977244497275,0.266454427894887,0.0813288118627607,0.338931970742558,0.338933430484407,0.888179453612445,0.268428343974158,0.0819927449521816,0.34302242630791,0.343022475161528,0.889744990889656,official_holdout_set,0.589387221681943,0.887376775833041,0.587617581573359,0.886812189889727,0.591164357800883,0.887904170813618,0.290189131724428,0.500189131724428,evaluation_selection_50_percent_split
without_leakage,pmt_train_and_evaluation_samples_seed_1_241016_with_holdout.csv,train_sample_n_3000000,catboost,"learning_rate=NA,subsample=0.8,depth=6",1000,0.267661637633126,0.0818444716899023,0.341006937012368,0.341009054806476,0.88947705881627,0.265306595198757,0.0810490694738052,0.335847738543932,0.335850546315097,0.887611924956893,0.270065957657614,0.0826614935217472,0.346091012004903,0.346092834170963,0.891295405967483,evaluation_test_50_percent_split,0.589258235601703,0.887082484059473,0.584802784174749,0.885658850926415,0.593687416795667,0.888394642433515,0.280080728670086,0.520080728670086,evaluation_selection_50_percent_split
without_leakage,pmt_train_and_evaluation_samples_seed_1_241016_with_holdout.csv,train_sample_n_2000000,catboost,"learning_rate=NA,subsample=0.8,depth=6",1000,0.267941401772735,0.0819295930289913,0.340321559358708,0.340323495602883,0.889206078505497,0.265562911771038,0.0811443986714066,0.33527390304351,0.335274295990123,0.887342106925564,0.27029884264141,0.0827526144805055,0.34548456110969,0.345488433865211,0.890981223459001,evaluation_test_50_percent_split,0.589549249776628,0.886917874209025,0.584973325658033,0.88552801030264,0.594101659952468,0.888283288711153,0.300093048763534,0.490093048763534,evaluation_selection_50_percent_split
without_leakage,pmt_train_and_evaluation_samples_seed_1_241016_with_holdout.csv,train_sample_n_400000,catboost,"learning_rate=NA,subsample=0.8,depth=6",1000,0.267960889722559,0.0817804984294476,0.336373829944759,0.336388827452296,0.887477743277673,0.265522211103354,0.0809285765879784,0.331332831403481,0.331365122360699,0.885604828417505,0.270245584355212,0.0825633494571895,0.341233322363433,0.341265753855254,0.889310471530162,evaluation_selection_50_percent_split,0.58514792714549,0.887769972258399,0.580639100244804,0.886462655350546,0.589596318910278,0.889150153232405,0.300210035103792,0.500210035103792,evaluation_selection_50_percent_split
without_leakage,pmt_train_and_evaluation_samples_seed_1_241016_with_holdout.csv,train_sample_n_800000,catboost,"learning_rate=NA,subsample=0.8,depth=6",1000,0.267980353566192,0.0818286160018508,0.339547502141985,0.339547697028346,0.88840382152443,0.267018212131103,0.0814912532146787,0.337498013862358,0.33749816906623,0.887607786316064,0.268966967351356,0.0821680705450644,0.341601392683259,0.341602285775572,0.889200999648283,official_holdout_set,0.587870980907317,0.887215621743007,0.586057561842326,0.886655206370364,0.589693752710132,0.887760630298751,0.290124288398092,0.500124288398092,evaluation_selection_50_percent_split
without_leakage,pmt_train_and_evaluation_samples_seed_1_241016_with_holdout.csv,train_sample_n_1000000,catboost,"learning_rate=NA,subsample=0.8,depth=6",1000,0.268935223559966,0.0821735823865793,0.338357012569249,0.338358249049195,0.888206430394227,0.266562475416541,0.0813810159672428,0.333262837013039,0.333263696983602,0.886369868803144,0.271328798952695,0.0829851143678593,0.343510041967205,0.343515150227554,0.89001172736235,evaluation_test_50_percent_split,0.587670671141959,0.886927557141405,0.583189509182781,0.885533214878794,0.592080247226493,0.888249398447826,0.290189131724428,0.500189131724428,evaluation_selection_50_percent_split
without_leakage,pmt_train_and_evaluation_samples_seed_1_241016_with_holdout.csv,train_sample_n_400000,catboost,"learning_rate=NA,subsample=0.8,depth=6",1000,0.269303076737776,0.0821719992097905,0.336775998620514,0.336778880255852,0.887016427214797,0.268309618407456,0.0818385606870789,0.334727641015573,0.334731389584172,0.886244594626095,0.270301354616031,0.0825127008851153,0.33889522791475,0.338895554805424,0.887799032611769,official_holdout_set,0.586157950630715,0.886843914570516,0.584396291147576,0.886281089984719,0.588010105659173,0.887408379040898,0.300210035103792,0.500210035103792,evaluation_selection_50_percent_split
without_leakage,pmt_train_and_evaluation_samples_seed_1_241016_with_holdout.csv,train_sample_n_800000,catboost,"learning_rate=NA,subsample=0.8,depth=6",1000,0.269578547554267,0.0823833533316954,0.336667984650887,0.336668265389656,0.887560788396463,0.267263323300861,0.0815986219621939,0.331615574579538,0.331617856349357,0.885713022738353,0.271956741294291,0.0831869402374407,0.341772350234601,0.341784932907004,0.889348530670668,evaluation_test_50_percent_split,0.586095281513563,0.886390154394357,0.581652290145938,0.885005374027471,0.590552346088214,0.887697713375519,0.290124288398092,0.500124288398092,evaluation_selection_50_percent_split
without_leakage,pmt_train_and_evaluation_samples_seed_1_241016_with_holdout.csv,train_sample_n_200000,catboost,"learning_rate=NA,subsample=0.8,depth=6",1000,0.269686143740382,0.0822708883216013,0.332394451337223,0.332400241625845,0.88574167029061,0.267191332562882,0.0814175268749896,0.32750227632921,0.327527065265061,0.883887115001727,0.271987439897956,0.08306380529753,0.337365901014557,0.337366649721571,0.88759728981453,evaluation_selection_50_percent_split,0.581636690100125,0.887014703532818,0.577280420318065,0.885692983263051,0.586097301247895,0.888433374163031,0.280270402321076,0.510270402321076,evaluation_selection_50_percent_split
without_leakage,pmt_train_and_evaluation_samples_seed_1_241016_with_holdout.csv,train_sample_n_400000,catboost,"learning_rate=NA,subsample=0.8,depth=6",1000,0.271211372083855,0.0828293382648094,0.333077015449783,0.333077542320461,0.885806909315753,0.268820835860204,0.0820245325290465,0.327878049989842,0.327878763718247,0.883920910585684,0.273623338807918,0.0836514782759213,0.338185937244938,0.338186521919178,0.887665586015822,evaluation_test_50_percent_split,0.584136877670981,0.88622554454391,0.579453394094877,0.884806873913696,0.58872721161254,0.887576918794088,0.300210035103792,0.500210035103792,evaluation_selection_50_percent_split
without_leakage,pmt_train_and_evaluation_samples_seed_1_241016_with_holdout.csv,train_sample_n_200000,catboost,"learning_rate=NA,subsample=0.8,depth=6",1000,0.271580362774567,0.0828477300273486,0.331322061744375,0.331322114326916,0.884864890288074,0.270574276885893,0.0825097603754584,0.329299865530267,0.329300835293491,0.884096328224354,0.272560482324635,0.083182612805857,0.333422831819026,0.333424154846622,0.885663081293029,official_holdout_set,0.583157104076504,0.88578467060185,0.581420023231042,0.885204839805546,0.584947379417355,0.886349195808698,0.280270402321076,0.510270402321076,evaluation_selection_50_percent_split
without_leakage,pmt_train_and_evaluation_samples_seed_1_241016_with_holdout.csv,train_sample_n_100000,catboost,"learning_rate=NA,subsample=0.8,depth=6",1000,0.271934271712306,0.0828789712240399,0.32746002643922,0.327470326985209,0.883525763784686,0.269373538867244,0.0819995161345385,0.322471416954446,0.322497650932355,0.881675062246462,0.274254598272292,0.0836763544209819,0.332506844653836,0.332513626329665,0.885390482910949,evaluation_selection_50_percent_split,0.579487020630692,0.886409520259115,0.574918208846228,0.88507787498366,0.584143363066442,0.887818628993604,0.290197027727072,0.510197027727072,evaluation_selection_50_percent_split
prefer_official_train,pmt_train_and_evaluation_samples_seed_1_241016_with_holdout.csv,training_set,catboost,"learning_rate=NA,subsample=0.8,depth=6",1000,0.272103131798308,0.0834374629593432,0.322928020173367,0.322930391455592,0.884248250672881,0.269660517315113,0.0826041625225632,0.318202958066127,0.318228230832663,0.882456195403667,0.274452822203434,0.0842222884605597,0.327863305177731,0.327864753501822,0.886096502338588,evaluation_selection_50_percent_split,0.575634190637999,0.885310507434071,0.571221954406149,0.884042043292391,0.579932492658513,0.886782555229026,0.260067795706599,0.500067795706599,evaluation_selection_50_percent_split
prefer_official_train,pmt_train_and_evaluation_samples_seed_1_241016_with_holdout.csv,train_sample_n_3000000,catboost,"learning_rate=NA,subsample=0.8,depth=6",1000,0.272384738446678,0.0835137808778498,0.322308721331494,0.322311602669054,0.88399011936129,0.269915118228042,0.0826648627333044,0.317412980754717,0.317413795398017,0.882148138848884,0.274682383248899,0.0843166167675561,0.327213804492295,0.327220288023962,0.885843472396107,evaluation_selection_50_percent_split,0.575107557123094,0.885315348900261,0.570482211949765,0.88399350759384,0.579616198739596,0.886787275658561,0.280060205713863,0.490060205713863,evaluation_selection_50_percent_split
prefer_official_train,pmt_train_and_evaluation_samples_seed_1_241016_with_holdout.csv,train_sample_n_2000000,catboost,"learning_rate=NA,subsample=0.8,depth=6",1000,0.272458577462621,0.0835229410260472,0.322234389257441,0.322237498160153,0.883914991406969,0.27002799118759,0.0826765078277787,0.317414910074101,0.317421322269928,0.882082283090587,0.274763896725575,0.0843099412298246,0.327012267672531,0.327017719550516,0.885765887420231,evaluation_selection_50_percent_split,0.575252762577496,0.885102324387918,0.570709996036948,0.883819335847668,0.579492861787927,0.88653092002382,0.280068570482049,0.490068570482049,evaluation_selection_50_percent_split
without_leakage,pmt_train_and_evaluation_samples_seed_1_241016_with_holdout.csv,train_sample_n_200000,catboost,"learning_rate=NA,subsample=0.8,depth=6",1000,0.27263116656818,0.0831854304459069,0.330209842233533,0.330210400589003,0.884298685933989,0.270289041080216,0.082381831858876,0.325153831139663,0.325155982611689,0.882418519703418,0.275021194285378,0.0839906054795052,0.335377499303846,0.335387553560798,0.886158848211594,evaluation_test_50_percent_split,0.581876614404998,0.885552580743552,0.57725170843324,0.884206532106183,0.586289296026865,0.886913274816145,0.280270402321076,0.510270402321076,evaluation_selection_50_percent_split
without_leakage,pmt_train_and_evaluation_samples_seed_1_241016_with_holdout.csv,train_sample_n_80000,catboost,"learning_rate=NA,subsample=0.8,depth=6",1000,0.273048729545276,0.0831626867437161,0.325157753313917,0.325157758629497,0.882254544147163,0.270522028109493,0.0822872643353943,0.320252465116985,0.320252779024573,0.880401904397135,0.27542735163188,0.0839602078410894,0.330171498338904,0.330172572011662,0.884158499244981,evaluation_selection_50_percent_split,0.576454301965151,0.885949580971101,0.571942729049276,0.884569642070405,0.58080792759243,0.887392579968918,0.27026012021765,0.51026012021765,evaluation_selection_50_percent_split
prefer_official_train,pmt_train_and_evaluation_samples_seed_1_241016_with_holdout.csv,train_sample_n_1000000,catboost,"learning_rate=NA,subsample=0.8,depth=6",1000,0.27364401994193,0.0838633448541506,0.319472106157499,0.319476322978093,0.882669533088092,0.271172280928258,0.0830047619085599,0.314542215702524,0.314542803956262,0.88079640631338,0.275924479443797,0.0846482488930044,0.324384667914134,0.324386555363261,0.884543546951885,evaluation_selection_50_percent_split,0.572639420468377,0.884971604800798,0.568234910595425,0.883654725997221,0.576984012253614,0.886443531559097,0.260041904253773,0.530041904253773,evaluation_selection_50_percent_split
without_leakage,pmt_train_and_evaluation_samples_seed_1_241016_with_holdout.csv,train_sample_n_100000,catboost,"learning_rate=NA,subsample=0.8,depth=6",1000,0.273861568755051,0.0835135779892027,0.325947891055844,0.325948938127924,0.88271847549806,0.272861050431016,0.0831778457091642,0.323882773850173,0.323883980121389,0.881929488308036,0.274846378586836,0.083850137043297,0.328017487877408,0.32801829547054,0.883554995580491,official_holdout_set,0.580187455531325,0.885111710557536,0.578354407076354,0.8845294300571,0.582041974591923,0.885651192094866,0.290197027727072,0.510197027727072,evaluation_selection_50_percent_split
prefer_official_train,pmt_train_and_evaluation_samples_seed_1_241016_with_holdout.csv,train_sample_n_800000,catboost,"learning_rate=NA,subsample=0.8,depth=6",1000,0.27415177051659,0.0839804389099515,0.318521920217334,0.31852893579628,0.882005102273403,0.27171172943203,0.083132607921772,0.31369247085782,0.313703871463108,0.880104081721606,0.276450865536715,0.0847609045191233,0.323516133800647,0.323516681127539,0.883904190481132,evaluation_selection_50_percent_split,0.571624666159378,0.884632702167524,0.567214307781342,0.88329137395969,0.576056640267116,0.886075459092032,0.27018841829956,0.48018841829956,evaluation_selection_50_percent_split
prefer_official_train,pmt_train_and_evaluation_samples_seed_1_241016_with_holdout.csv,training_set,catboost,"learning_rate=NA,subsample=0.8,depth=6",1000,0.274267730289237,0.0839872332632611,0.32212493981751,0.322125363202925,0.882738093729268,0.273294157571021,0.0836596013449791,0.320082556113512,0.320082787378819,0.881962321392875,0.275281740925533,0.0843302967817609,0.324207918551033,0.324208524237256,0.883519372850343,official_holdout_set,0.574140530026745,0.884527830663493,0.572323799820841,0.883940630509304,0.575862006281181,0.885060752662484,0.260067795706599,0.500067795706599,evaluation_selection_50_percent_split
prefer_official_train,pmt_train_and_evaluation_samples_seed_1_241016_with_holdout.csv,train_sample_n_3000000,catboost,"learning_rate=NA,subsample=0.8,depth=6",1000,0.27462032185719,0.0840874267487369,0.321316261374872,0.321316505930393,0.882354078976423,0.273625664259843,0.0837562296275182,0.319298109083113,0.319298166662147,0.881603683587923,0.275616729525433,0.0844408116203775,0.323406936976588,0.323406944536309,0.88312908243258,official_holdout_set,0.574438669963167,0.884237105445794,0.572597695017706,0.883657193667535,0.576225405432932,0.884795961915806,0.280060205713863,0.490060205713863,evaluation_selection_50_percent_split
prefer_official_train,pmt_train_and_evaluation_samples_seed_1_241016_with_holdout.csv,train_sample_n_2000000,catboost,"learning_rate=NA,subsample=0.8,depth=6",1000,0.274841769857786,0.0841364808282564,0.32092033766344,0.320920521805453,0.882084936030475,0.273850578913892,0.0838064557106814,0.318842158682568,0.318842166424932,0.881291115545988,0.275851227836416,0.0844865797958981,0.32294490931703,0.322944919754923,0.882874479907723,official_holdout_set,0.574604164257378,0.884104295039936,0.572682858882664,0.883502599115839,0.576364427751476,0.884634787580283,0.280068570482049,0.490068570482049,evaluation_selection_50_percent_split
without_leakage,pmt_train_and_evaluation_samples_seed_1_241016_with_holdout.csv,train_sample_n_80000,catboost,"learning_rate=NA,subsample=0.8,depth=6",1000,0.275002357755016,0.0838010996581958,0.323627255393737,0.323632352663977,0.881468894084063,0.273998744228127,0.0834585585070544,0.321526386099445,0.321533256776137,0.880667512107337,0.27602333728578,0.0841428566653177,0.325700927240926,0.325706588679271,0.882307950516523,official_holdout_set,0.577795854813676,0.88479264165566,0.575980231138484,0.884243584002177,0.579618857670618,0.885326332983221,0.27026012021765,0.51026012021765,evaluation_selection_50_percent_split
prefer_official_train,pmt_train_and_evaluation_samples_seed_1_241016_with_holdout.csv,training_set,catboost,"learning_rate=NA,subsample=0.8,depth=6",1000,0.27510977968805,0.0842800990003766,0.321395820116078,0.321398487145992,0.882499574989928,0.272769455906148,0.0834761917151938,0.316431251774643,0.316432790463112,0.880612757845764,0.2775881462025,0.0851135427539807,0.326348988550943,0.32635853149606,0.884382995108,evaluation_test_50_percent_split,0.575644578575471,0.883480433214395,0.571223088727697,0.882100615350353,0.579934654655878,0.884826360815109,0.260067795706599,0.500067795706599,evaluation_selection_50_percent_split
prefer_official_train,pmt_train_and_evaluation_samples_seed_1_241016_with_holdout.csv,train_sample_n_3000000,catboost,"learning_rate=NA,subsample=0.8,depth=6",1000,0.275430676332143,0.0843311040960985,0.320985138691129,0.320987320828928,0.88201087450907,0.273007884974536,0.0835182583183292,0.316199513376428,0.316203576523618,0.88008986572032,0.277888981112454,0.0851464752477936,0.325984186237138,0.325990589308513,0.883831138481801,evaluation_test_50_percent_split,0.574797701771802,0.883993628630494,0.570296567679047,0.882642375416971,0.579314359874193,0.885349360200243,0.280060205713863,0.490060205713863,evaluation_selection_50_percent_split
without_leakage,pmt_train_and_evaluation_samples_seed_1_241016_with_holdout.csv,train_sample_n_100000,catboost,"learning_rate=NA,subsample=0.8,depth=6",1000,0.275470269146877,0.0840299013799817,0.323410354425016,0.323410356236231,0.881675192375223,0.273046464099793,0.0832089282704776,0.3183860409883,0.318389226260576,0.879737239197558,0.278007374121708,0.0848752404816633,0.328456266229478,0.328459800662907,0.883602218158879,evaluation_test_50_percent_split,0.577410468319559,0.884550397242301,0.572839617571754,0.883180141273984,0.581848654876984,0.885886883983946,0.290197027727072,0.510197027727072,evaluation_selection_50_percent_split
prefer_official_train,pmt_train_and_evaluation_samples_seed_1_241016_with_holdout.csv,train_sample_n_2000000,catboost,"learning_rate=NA,subsample=0.8,depth=6",1000,0.275848335700523,0.0844957627019938,0.319659345063218,0.319661341953747,0.881669978090435,0.273487243722936,0.0836861921420848,0.314738406883952,0.314738758563081,0.879763621430607,0.278318153145264,0.0853136169880269,0.324689048085513,0.324696525643077,0.883547402081555,evaluation_test_50_percent_split,0.574496161228407,0.883586945470566,0.569955129962652,0.882216568465594,0.578855071694105,0.884991212738866,0.280068570482049,0.490068570482049,evaluation_selection_50_percent_split
prefer_official_train,pmt_train_and_evaluation_samples_seed_1_241016_with_holdout.csv,train_sample_n_1000000,catboost,"learning_rate=NA,subsample=0.8,depth=6",1000,0.275867870213249,0.0844551289996295,0.318348474774832,0.318348495444473,0.8810333612575,0.274895196626982,0.0841296208464168,0.316323618505394,0.316324011025759,0.880230136614609,0.276891743574464,0.0848104596167602,0.320378593594814,0.320378639061483,0.881862799291828,official_holdout_set,0.571809890283849,0.88364188807808,0.570003360493518,0.883075763477624,0.573505294914579,0.884213620678904,0.260041904253773,0.530041904253773,evaluation_selection_50_percent_split
prefer_official_train,pmt_train_and_evaluation_samples_seed_1_241016_with_holdout.csv,train_sample_n_400000,catboost,"learning_rate=NA,subsample=0.8,depth=6",1000,0.276051461723984,0.0845425735385711,0.313960352877804,0.31397585691493,0.880071482285881,0.273619517819264,0.0836837802197924,0.309182911541988,0.309209088204387,0.878175548744562,0.278283788919133,0.0853153204934054,0.318868991645399,0.318891237091403,0.881954086130273,evaluation_selection_50_percent_split,0.569519196268389,0.884216336075217,0.565125782402542,0.882923422529279,0.574096522676589,0.885610799374483,0.27018414654705,0.50018414654705,evaluation_selection_50_percent_split
prefer_official_train,pmt_train_and_evaluation_samples_seed_1_241016_with_holdout.csv,train_sample_n_800000,catboost,"learning_rate=NA,subsample=0.8,depth=6",1000,0.27637031443813,0.0845664234619921,0.317450198484012,0.317450399890846,0.880445916732857,0.275376962712405,0.0842376813756938,0.315400813612336,0.315401094483332,0.879640045724481,0.277383235444069,0.0849095547040487,0.31946962175312,0.319470119659588,0.881234470794683,official_holdout_set,0.571299913650838,0.883565765040576,0.569524976735348,0.882980144034505,0.573085832484591,0.884130229510958,0.27018841829956,0.48018841829956,evaluation_selection_50_percent_split
without_leakage,pmt_train_and_evaluation_samples_seed_1_241016_with_holdout.csv,train_sample_n_80000,catboost,"learning_rate=NA,subsample=0.8,depth=6",1000,0.276631300474908,0.0843218226320191,0.321059870927973,0.321070383833278,0.880452818546556,0.274196169656822,0.0834899698953088,0.316060216908823,0.316061453903321,0.878509464355171,0.279104393096354,0.0851642845054283,0.326209764365325,0.326243192366585,0.882399228700997,evaluation_test_50_percent_split,0.576115544064548,0.884003311562874,0.571548019729485,0.88264745895647,0.580482848284952,0.885378287960726,0.27026012021765,0.51026012021765,evaluation_selection_50_percent_split
prefer_official_train,pmt_train_and_evaluation_samples_seed_1_241016_with_holdout.csv,train_sample_n_1000000,catboost,"learning_rate=NA,subsample=0.8,depth=6",1000,0.276827417690961,0.0847245019573479,0.317817588626908,0.317818863490977,0.880623543342466,0.274515580825045,0.0839322170158449,0.312931609005395,0.312931861492863,0.878706548342127,0.279343746800619,0.0855463050345714,0.322722342856116,0.322722958158728,0.882441907950201,evaluation_test_50_percent_split,0.572411290907771,0.883475591748205,0.567924876893843,0.882071082406596,0.576740324182513,0.884850810219367,0.260041904253773,0.530041904253773,evaluation_selection_50_percent_split
prefer_official_train,pmt_train_and_evaluation_samples_seed_1_241016_with_holdout.csv,train_sample_n_800000,catboost,"learning_rate=NA,subsample=0.8,depth=6",1000,0.277161150537635,0.0848289079772286,0.316976935111589,0.316977224184105,0.880307997958125,0.274850848283702,0.0840292481809419,0.311994158151191,0.311995890979941,0.878366804971491,0.279544282249149,0.0856261309803875,0.32183332800349,0.321840151548386,0.882209830488082,evaluation_test_50_percent_split,0.570660919116019,0.883277091634431,0.566276587090415,0.881863383507061,0.575085624071851,0.884666592430852,0.27018841829956,0.48018841829956,evaluation_selection_50_percent_split
without_leakage,pmt_train_and_evaluation_samples_seed_1_241016_with_holdout.csv,train_sample_n_40000,catboost,"learning_rate=NA,subsample=0.8,depth=6",1000,0.277241851388812,0.0843222214768395,0.315748449032744,0.315762115005976,0.877793962446439,0.274712558718689,0.083436599026225,0.310896066686817,0.310914774357518,0.875832146304877,0.279600700243182,0.0851089008890448,0.320714628348212,0.320735469777236,0.879739435813347,evaluation_selection_50_percent_split,0.571164082388336,0.885020019462694,0.56653488609368,0.883741872388634,0.575455522476146,0.886433969663373,0.280591890785958,0.470591890785958,evaluation_selection_50_percent_split
prefer_official_train,pmt_train_and_evaluation_samples_seed_1_241016_with_holdout.csv,train_sample_n_200000,catboost,"learning_rate=NA,subsample=0.8,depth=6",1000,0.27773195864066,0.0849491565407617,0.310661044048254,0.31066702283546,0.878073064701669,0.27526219151885,0.0840975048856123,0.305728918226146,0.3057536988084,0.876148440008915,0.279998548588234,0.0857252908738973,0.315579845262439,0.315582241445393,0.879986873514211,evaluation_selection_50_percent_split,0.565990557018253,0.883446542951067,0.561486911521994,0.882177836736077,0.57040557253792,0.884836164784143,0.260185923795852,0.490185923795852,evaluation_selection_50_percent_split
prefer_official_train,pmt_train_and_evaluation_samples_seed_1_241016_with_holdout.csv,train_sample_n_400000,catboost,"learning_rate=NA,subsample=0.8,depth=6",1000,0.277737024374738,0.0849340459157502,0.314483055940043,0.314486034435765,0.878836964638591,0.276736716724839,0.084600063467779,0.312435926706936,0.312443617898507,0.878018055910376,0.278739838489131,0.0852815244432494,0.316556581224169,0.316559722825409,0.879654337701898,official_holdout_set,0.569782552625836,0.883326058454395,0.567956178962719,0.882753495788533,0.571560429038136,0.883901172051832,0.27018414654705,0.50018414654705,evaluation_selection_50_percent_split
without_leakage,pmt_train_and_evaluation_samples_seed_1_241016_with_holdout.csv,train_sample_n_40000,catboost,"learning_rate=NA,subsample=0.8,depth=6",1000,0.278713706341357,0.0847931557062724,0.315620204474624,0.315622422711735,0.877327259294747,0.277707224771786,0.0844532417912503,0.3135286192611,0.313534421899569,0.876511977771984,0.279750442523115,0.0851447143677575,0.317711897055894,0.31771199048971,0.878158373682254,official_holdout_set,0.571764151957297,0.883495310739908,0.569926469040401,0.882920338860892,0.573581168352835,0.884037910082496,0.280591890785958,0.470591890785958,evaluation_selection_50_percent_split
prefer_official_train,pmt_train_and_evaluation_samples_seed_1_241016_with_holdout.csv,train_sample_n_400000,catboost,"learning_rate=NA,subsample=0.8,depth=6",1000,0.278759097291201,0.0852927382155254,0.31324227957371,0.313242822113875,0.878483932505481,0.276439577235645,0.0845005403713163,0.308327571128034,0.308346976536983,0.876569330490927,0.281189554758424,0.0861066750240398,0.318124134308865,0.318125222597956,0.880325899589761,evaluation_test_50_percent_split,0.5688377390867,0.88303017685876,0.564262241944439,0.881640676062339,0.573412864148145,0.884424640158026,0.27018414654705,0.50018414654705,evaluation_selection_50_percent_split
prefer_official_train,pmt_train_and_evaluation_samples_seed_1_241016_with_holdout.csv,train_sample_n_200000,catboost,"learning_rate=NA,subsample=0.8,depth=6",1000,0.279711872506093,0.0854948465176397,0.30995674013006,0.309956794392696,0.876823195102431,0.278706040968904,0.0851578213578136,0.307872182752481,0.307873730273542,0.8759934705754,0.280716040868862,0.0858492565769643,0.312029069108034,0.312029344975077,0.877656795367839,official_holdout_set,0.566301028676709,0.882555920064332,0.564467053036161,0.881976878842088,0.568048865521168,0.883117125011034,0.260185923795852,0.490185923795852,evaluation_selection_50_percent_split
prefer_official_train,pmt_train_and_evaluation_samples_seed_1_241016_with_holdout.csv,train_sample_n_100000,catboost,"learning_rate=NA,subsample=0.8,depth=6",1000,0.279890464334556,0.0855989140420968,0.305388441284067,0.305399079875952,0.875685427674096,0.277376398383168,0.0847185098973446,0.300600571805704,0.300614030558767,0.87377933171055,0.282250210285265,0.0863858990403719,0.31026538227106,0.310279401721967,0.87760659114982,evaluation_selection_50_percent_split,0.562999533392537,0.882671908360728,0.55854073756007,0.881316055754325,0.567408567485132,0.88410510338951,0.270340356582312,0.510340356582312,evaluation_selection_50_percent_split
without_leakage,pmt_train_and_evaluation_samples_seed_1_241016_with_holdout.csv,train_sample_n_40000,catboost,"learning_rate=NA,subsample=0.8,depth=6",1000,0.280423193177754,0.0852979388785878,0.313200405018101,0.313200656457536,0.876163711473406,0.278006609977172,0.0845069442042941,0.308226150125657,0.308228903747905,0.874088238621193,0.282927805166341,0.0861337507440463,0.318316422298908,0.318323816993465,0.878195816465979,evaluation_test_50_percent_split,0.570675924657013,0.883054384189708,0.566249914840151,0.881630872093305,0.575163245315421,0.884453688955163,0.280591890785958,0.470591890785958,evaluation_selection_50_percent_split
prefer_official_train,pmt_train_and_evaluation_samples_seed_1_241016_with_holdout.csv,train_sample_n_200000,catboost,"learning_rate=NA,subsample=0.8,depth=6",1000,0.280714015860481,0.085858164650129,0.308689594580576,0.308690170875915,0.876369110093012,0.278380798279293,0.0850581117359621,0.303674875436065,0.303677014644045,0.874385596744481,0.283118640150949,0.0867014747914964,0.31364264193218,0.313644234112935,0.878336548950599,evaluation_test_50_percent_split,0.566126639713795,0.882115139748922,0.5615574992676,0.880720676449656,0.570622457813224,0.883475833821514,0.260185923795852,0.490185923795852,evaluation_selection_50_percent_split
prefer_official_train,pmt_train_and_evaluation_samples_seed_1_241016_with_holdout.csv,train_sample_n_80000,catboost,"learning_rate=NA,subsample=0.8,depth=6",1000,0.280971031670955,0.0858702215765092,0.303186855534079,0.303186861022719,0.874362777269487,0.278492128385895,0.0850024345981976,0.298295019999501,0.298302866420104,0.872494445561717,0.283334458275037,0.0866675507631798,0.308087415940134,0.308088574912458,0.876247259164426,evaluation_selection_50_percent_split,0.560100191542655,0.882667066894538,0.555585390178131,0.881330701189548,0.56445186951161,0.884095420457131,0.260475794067013,0.510475794067013,evaluation_selection_50_percent_split
prefer_official_train,pmt_train_and_evaluation_samples_seed_1_241016_with_holdout.csv,train_sample_n_100000,catboost,"learning_rate=NA,subsample=0.8,depth=6",1000,0.281684730634509,0.0860922830243431,0.305134729781566,0.305135809184796,0.874726595047657,0.280675743396294,0.0857633385282423,0.30312766996054,0.303128573406096,0.873881071832508,0.28273302385199,0.0864454206364883,0.307208221381395,0.307208409722762,0.875563559274111,official_holdout_set,0.56374513909662,0.881808456621611,0.561887456384655,0.88125128052716,0.565551400039551,0.882376160370185,0.270340356582312,0.510340356582312,evaluation_selection_50_percent_split
without_leakage,pmt_train_and_evaluation_samples_seed_1_241016_with_holdout.csv,train_sample_n_20000,catboost,"learning_rate=NA,subsample=0.8,depth=6",1000,0.282131807481855,0.0857469549650281,0.304187130059715,0.304192707044318,0.872353770265077,0.279593418965344,0.0848779046556468,0.299476389275084,0.299502415283949,0.870336765551928,0.284499629853023,0.0865356119740643,0.309035993489028,0.309036228401239,0.874396020043714,evaluation_selection_50_percent_split,0.563841877322849,0.883349713627275,0.559211568493123,0.882023030854664,0.568245675237402,0.884806994950351,0.28073782595714,0.52073782595714,evaluation_selection_50_percent_split
prefer_official_train,pmt_train_and_evaluation_samples_seed_1_241016_with_holdout.csv,train_sample_n_80000,catboost,"learning_rate=NA,subsample=0.8,depth=6",1000,0.2827067503394,0.0863456951409781,0.303089398043152,0.303094650090488,0.873566675447261,0.281691620885537,0.0860131925214371,0.300993491514084,0.300996794485904,0.872722868101434,0.283743093843576,0.0866862998455368,0.305202009638071,0.305212756603085,0.874406493790969,official_holdout_set,0.56178151096352,0.881611670471469,0.559983467546655,0.88104232683831,0.563592248874903,0.882165647778706,0.260475794067013,0.510475794067013,evaluation_selection_50_percent_split
prefer_official_train,pmt_train_and_evaluation_samples_seed_1_241016_with_holdout.csv,train_sample_n_100000,catboost,"learning_rate=NA,subsample=0.8,depth=6",1000,0.283082321615775,0.086528386228359,0.303293122936264,0.303293124801332,0.873754994622094,0.280708839528833,0.0857183042063715,0.298329475817415,0.298334147642817,0.871802679512779,0.285602416695406,0.0873636703524824,0.308294012534928,0.308294633997936,0.875813951873996,evaluation_test_50_percent_split,0.564062964062964,0.881408285685237,0.559643065310267,0.880038029716919,0.568569664492625,0.882812673990191,0.270340356582312,0.510340356582312,evaluation_selection_50_percent_split
without_leakage,pmt_train_and_evaluation_samples_seed_1_241016_with_holdout.csv,train_sample_n_20000,catboost,"learning_rate=NA,subsample=0.8,depth=6",1000,0.283832596023981,0.0863469124577151,0.303079572875394,0.303079592261319,0.871960808937852,0.282820243780184,0.0860024465727484,0.300987945463933,0.300988008447953,0.871116707624699,0.284864668439379,0.0866967955715014,0.305060111206584,0.305060588813264,0.872827904785675,official_holdout_set,0.565011519741225,0.881538786712157,0.563169887000209,0.88095324668804,0.566896284499592,0.882095983052097,0.28073782595714,0.52073782595714,evaluation_selection_50_percent_split
prefer_official_train,pmt_train_and_evaluation_samples_seed_1_241016_with_holdout.csv,train_sample_n_80000,catboost,"learning_rate=NA,subsample=0.8,depth=6",1000,0.284048496149377,0.0867271957469697,0.301692353929938,0.301703166727477,0.872616219774925,0.281662197989135,0.0859183866025586,0.296734063989851,0.296755849990627,0.870642888289275,0.286545627543534,0.0875773285882915,0.306637935274238,0.306674097561783,0.87461834786265,evaluation_test_50_percent_split,0.560569863652255,0.881253358767169,0.556186408725428,0.879912151595989,0.565092318244214,0.882613810766453,0.260475794067013,0.510475794067013,evaluation_selection_50_percent_split
prefer_official_train,pmt_train_and_evaluation_samples_seed_1_241016_with_holdout.csv,train_sample_n_40000,catboost,"learning_rate=NA,subsample=0.8,depth=6",1000,0.284536387208378,0.086814152607713,0.295527115778708,0.295541185615401,0.870281504252161,0.281905227266281,0.0859215282809381,0.290825497146995,0.290852728740698,0.868339934351531,0.286912017554252,0.0876188213413134,0.300245726984573,0.300256334913591,0.872265185829924,evaluation_selection_50_percent_split,0.555744437591203,0.881292090496686,0.551233164965375,0.879975090656454,0.560258835738599,0.882720323022624,0.260503410756504,0.500503410756504,evaluation_selection_50_percent_split
without_leakage,pmt_train_and_evaluation_samples_seed_1_241016_with_holdout.csv,train_sample_n_20000,catboost,"learning_rate=NA,subsample=0.8,depth=6",1000,0.285500064485689,0.0868926463161793,0.300360183593625,0.30036092085514,0.870911360972889,0.283050606209107,0.0860680635961686,0.295362170538274,0.295365234667337,0.868819864031611,0.288027723208047,0.087735837673658,0.305326254600587,0.305327261379547,0.872963443456728,evaluation_test_50_percent_split,0.56116393144795,0.881359871023341,0.556602742039464,0.879994335484558,0.565746531022651,0.882739688887383,0.28073782595714,0.52073782595714,evaluation_selection_50_percent_split
without_leakage,pmt_train_and_evaluation_samples_seed_1_241016_with_holdout.csv,train_sample_n_10000,catboost,"learning_rate=NA,subsample=0.8,depth=6",1000,0.285881764316609,0.0870667646023375,0.293477239173379,0.293693584394636,0.869027468717857,0.283271875393726,0.0861631079763597,0.288694499643058,0.288984579282731,0.866954170402759,0.28826974724742,0.0878918382595605,0.298090327638174,0.298332360810714,0.870984072283633,evaluation_selection_50_percent_split,0.554525740427175,0.881451858880944,0.550032884314026,0.880086444378816,0.558934789286874,0.882933347534967,0.251033867024181,0.501033867024181,evaluation_selection_50_percent_split
prefer_official_train,pmt_train_and_evaluation_samples_seed_1_241016_with_holdout.csv,train_sample_n_40000,catboost,"learning_rate=NA,subsample=0.8,depth=6",1000,0.286224381281774,0.0873040658425369,0.295354227211176,0.295356511135123,0.869469930076373,0.285213953059753,0.0869664663513293,0.293282091264622,0.293291405556178,0.868606982861645,0.287275123673942,0.0876651920355145,0.297369114154456,0.297370603148165,0.870348174287976,official_holdout_set,0.556001831556524,0.880454438337505,0.554154876872429,0.879881875671644,0.557820031968858,0.881022931660138,0.260503410756504,0.500503410756504,evaluation_selection_50_percent_split
prefer_official_train,pmt_train_and_evaluation_samples_seed_1_241016_with_holdout.csv,train_sample_n_40000,catboost,"learning_rate=NA,subsample=0.8,depth=6",1000,0.287142867079886,0.0875786397806877,0.294836720309768,0.294836978472204,0.869087027898419,0.284753567114389,0.086779482133502,0.289975619748912,0.28998540309901,0.867030938304149,0.28965164631466,0.0884318868666205,0.299754074272709,0.299754909213842,0.871147883162094,evaluation_test_50_percent_split,0.557330324802565,0.880430309514934,0.552885367697168,0.879055333117081,0.561799787799118,0.881819810311355,0.260503410756504,0.500503410756504,evaluation_selection_50_percent_split
without_leakage,pmt_train_and_evaluation_samples_seed_1_241016_with_holdout.csv,train_sample_n_10000,catboost,"learning_rate=NA,subsample=0.8,depth=6",1000,0.287353163303343,0.0874896031203566,0.293856724692266,0.294011319117897,0.868388761761439,0.28635244424567,0.0871506033918042,0.291785156567839,0.291948417494399,0.867533301103255,0.288366888853432,0.0878419609480918,0.295839299461208,0.29597009703475,0.869249582568795,official_holdout_set,0.557138107259405,0.88041394736011,0.55530640684442,0.879855171872052,0.559037054684713,0.880980112451542,0.251033867024181,0.501033867024181,evaluation_selection_50_percent_split
without_leakage,pmt_train_and_evaluation_samples_seed_1_241016_with_holdout.csv,train_sample_n_8000,catboost,"learning_rate=NA,subsample=0.8,depth=6",1000,0.28767571827238,0.0875124549258123,0.289860585226797,0.290007157245125,0.866698346924611,0.285067762362041,0.0866123998197634,0.284923156905781,0.285140320335505,0.864664929520748,0.289999202700373,0.0883288740286929,0.294680845650895,0.294830361072575,0.868722037306387,evaluation_selection_50_percent_split,0.551157289576908,0.881611627265201,0.546580052184979,0.880251175265918,0.555476687768886,0.883098078422069,0.261192604618239,0.521192604618239,evaluation_selection_50_percent_split
without_leakage,pmt_train_and_evaluation_samples_seed_1_241016_with_holdout.csv,train_sample_n_10000,catboost,"learning_rate=NA,subsample=0.8,depth=6",1000,0.288393509468714,0.0877913600039025,0.293123945475239,0.293254413861693,0.867666782644303,0.285953697686526,0.0869583361708123,0.288278972682925,0.28843521771072,0.865581898561577,0.290855972945673,0.0886245654009867,0.298113318108867,0.298254566757215,0.869812594463021,evaluation_test_50_percent_split,0.556772249577423,0.880386736319227,0.55223116465478,0.878987189480462,0.561266202853556,0.881776479188958,0.251033867024181,0.501033867024181,evaluation_selection_50_percent_split
prefer_official_train,pmt_train_and_evaluation_samples_seed_1_241016_with_holdout.csv,train_sample_n_20000,catboost,"learning_rate=NA,subsample=0.8,depth=6",1000,0.288560265582185,0.0879306212540686,0.286467280903686,0.286472999914012,0.86530694945551,0.285996379392007,0.0870446477873615,0.281626711660646,0.281633529038407,0.863222538778494,0.290937731652702,0.0887337195557883,0.291310604700398,0.291320504918548,0.86734110469696,evaluation_selection_50_percent_split,0.549462365591398,0.880023626355005,0.544802272068014,0.878667894785257,0.554080290151153,0.881500394579494,0.280677432229521,0.510677432229521,evaluation_selection_50_percent_split
without_leakage,pmt_train_and_evaluation_samples_seed_1_241016_with_holdout.csv,train_sample_n_8000,catboost,"learning_rate=NA,subsample=0.8,depth=6",1000,0.28944010628912,0.0881081012542575,0.288864722414649,0.288961603633516,0.86606854374163,0.288434585796042,0.0877600932974257,0.286774021946598,0.286885341844625,0.86520815179652,0.290479140018677,0.0884625676647648,0.290991112967053,0.291075393240991,0.866936998866577,official_holdout_set,0.553248283990848,0.879826018368327,0.551444538253558,0.879257504800206,0.555117025269319,0.88038969326465,0.261192604618239,0.521192604618239,evaluation_selection_50_percent_split
prefer_official_train,pmt_train_and_evaluation_samples_seed_1_241016_with_holdout.csv,train_sample_n_20000,catboost,"learning_rate=NA,subsample=0.8,depth=6",1000,0.290140337292209,0.0884107923501051,0.286421651761623,0.286421671610914,0.864837600368338,0.289117196390475,0.0880721278471028,0.284346935035206,0.284349233218868,0.863974540301695,0.291187647246878,0.0887648571472868,0.288445926393435,0.288446033202122,0.865731425562807,official_holdout_set,0.5505140779443,0.879130383376672,0.548624150836987,0.878556180826227,0.552302400885327,0.879694827601566,0.280677432229521,0.510677432229521,evaluation_selection_50_percent_split
without_leakage,pmt_train_and_evaluation_samples_seed_1_241016_with_holdout.csv,train_sample_n_8000,catboost,"learning_rate=NA,subsample=0.8,depth=6",1000,0.290372907371087,0.0884011951180778,0.288213691899036,0.288291644469633,0.865526497279527,0.287949552922995,0.0875827026558062,0.283262416765934,0.283320647086148,0.86342172313631,0.292821770807406,0.0892388776421441,0.29315947852302,0.293222340481103,0.867672019906797,evaluation_test_50_percent_split,0.554052259616094,0.879374869885596,0.549729020297343,0.878009455383469,0.558540682162385,0.880759650252483,0.261192604618239,0.521192604618239,evaluation_selection_50_percent_split
prefer_official_train,pmt_train_and_evaluation_samples_seed_1_241016_with_holdout.csv,train_sample_n_20000,catboost,"learning_rate=NA,subsample=0.8,depth=6",1000,0.291594323749051,0.0888750747782822,0.284398120702623,0.284398874784528,0.863961080584388,0.289252859927127,0.0880752130561931,0.279584785874212,0.279587831024129,0.861750353323581,0.294163601041444,0.0897257500006387,0.28923715758321,0.289239344840636,0.866135118813316,evaluation_test_50_percent_split,0.549965875483431,0.878348479053397,0.545604004771597,0.876958857220321,0.554476168129361,0.879781674082179,0.280677432229521,0.510677432229521,evaluation_selection_50_percent_split
prefer_official_train,pmt_train_and_evaluation_samples_seed_1_241016_with_holdout.csv,train_sample_n_10000,catboost,"learning_rate=NA,subsample=0.8,depth=6",1000,0.291915165270338,0.089065951099402,0.277254392605408,0.277475705444872,0.8618186853008,0.289274922461661,0.0881603998881816,0.272528512874845,0.272784782276174,0.859754048975412,0.294248373105611,0.0898729196896931,0.281841861036574,0.28206990242099,0.863918841385094,evaluation_selection_50_percent_split,0.540616246498599,0.879031125786133,0.535972260117441,0.877665711284005,0.54488489723453,0.880512614440157,0.261058760757884,0.501058760757884,evaluation_selection_50_percent_split
prefer_official_train,pmt_train_and_evaluation_samples_seed_1_241016_with_holdout.csv,train_sample_n_8000,catboost,"learning_rate=NA,subsample=0.8,depth=6",1000,0.292149503948051,0.0890756337700287,0.277175820406078,0.277325010546345,0.861350475360125,0.289559649742476,0.0881807593078992,0.272299180327104,0.272472540694561,0.859252125804316,0.294513420128575,0.0898832268546753,0.281883266339065,0.282036622658872,0.863431057722445,evaluation_selection_50_percent_split,0.541265444312536,0.878905247665203,0.536684305009671,0.877530150230696,0.5455960524126,0.880420868655864,0.251326135660486,0.501326135660486,evaluation_selection_50_percent_split
prefer_official_train,pmt_train_and_evaluation_samples_seed_1_241016_with_holdout.csv,train_sample_n_10000,catboost,"learning_rate=NA,subsample=0.8,depth=6",1000,0.29331801527634,0.0894554778627728,0.277989819597898,0.278147887730871,0.861357101478502,0.2923043854968,0.0891056874386121,0.275911346216888,0.276048204482711,0.860452731730388,0.294360207214775,0.0898060904768246,0.279995949292468,0.280136054403085,0.862217293487369,official_holdout_set,0.543573047209017,0.877701861694159,0.541698847313148,0.877125229685069,0.545441806307242,0.878255049427336,0.261058760757884,0.501058760757884,evaluation_selection_50_percent_split
prefer_official_train,pmt_train_and_evaluation_samples_seed_1_241016_with_holdout.csv,train_sample_n_8000,catboost,"learning_rate=NA,subsample=0.8,depth=6",1000,0.29386534993128,0.0895897334300683,0.276906220374252,0.277004730754672,0.860527459029678,0.292868007749775,0.089253130324525,0.274824873273096,0.274922435613128,0.859612856147101,0.294880910581239,0.0899507832702944,0.278969721487634,0.27904781710999,0.861382582126455,official_holdout_set,0.541851745164156,0.877990967272763,0.539966721127513,0.877398948692263,0.543651673883714,0.87855302252999,0.251326135660486,0.501326135660486,evaluation_selection_50_percent_split
without_leakage,pmt_train_and_evaluation_samples_seed_1_241016_with_holdout.csv,train_sample_n_4000,catboost,"learning_rate=NA,subsample=0.8,depth=6",1000,0.294252882004314,0.0892817615836822,0.275503150097829,0.275549036832001,0.85910995886134,0.291562362623546,0.0883512063527497,0.270762301849259,0.27084165483002,0.856998609194734,0.296619482124181,0.0901035960895994,0.280373296993232,0.280381332485327,0.861340778837054,evaluation_selection_50_percent_split,0.541257101632248,0.879045650184702,0.536717572221184,0.877743174743039,0.54563136854122,0.88047872417683,0.242153072276569,0.502153072276569,evaluation_selection_50_percent_split
prefer_official_train,pmt_train_and_evaluation_samples_seed_1_241016_with_holdout.csv,train_sample_n_10000,catboost,"learning_rate=NA,subsample=0.8,depth=6",1000,0.294462178699109,0.0897866843204688,0.277058048098447,0.277191481773786,0.860528673254471,0.292064844455095,0.0889761230576124,0.272307456180012,0.272445612331885,0.858292097396979,0.297055554552227,0.0906408773577181,0.281820678631708,0.281933719108058,0.86269074343794,evaluation_test_50_percent_split,0.541927614060664,0.877486698071644,0.537535434716376,0.876121283569516,0.546631144352912,0.878861674469496,0.261058760757884,0.501058760757884,evaluation_selection_50_percent_split
prefer_official_train,pmt_train_and_evaluation_samples_seed_1_241016_with_holdout.csv,train_sample_n_8000,catboost,"learning_rate=NA,subsample=0.8,depth=6",1000,0.294746398731637,0.0898695550653015,0.276390791717634,0.276470039094622,0.860205730334785,0.292345747760778,0.0890584953337236,0.271612630221184,0.271671157918114,0.85806828969946,0.29723672603143,0.0907210757502163,0.281132281781841,0.281204426354137,0.862413168567748,evaluation_test_50_percent_split,0.542973488130307,0.877743295779694,0.53844195515625,0.876368077308532,0.54740250582597,0.879103868815632,0.251326135660486,0.501326135660486,evaluation_selection_50_percent_split
without_leakage,pmt_train_and_evaluation_samples_seed_1_241016_with_holdout.csv,train_sample_n_4000,catboost,"learning_rate=NA,subsample=0.8,depth=6",1000,0.296147248243337,0.0899312168739605,0.274150050167357,0.274170289332018,0.858210795582283,0.29511045447182,0.0895741953105849,0.272100176655794,0.272122679904755,0.857326342313461,0.297207419924199,0.0902953915989086,0.2762109008514,0.276221983102966,0.859098437230216,official_holdout_set,0.542567063156323,0.877848439032331,0.540726132787105,0.877246722862745,0.544362761781002,0.878413733567749,0.242153072276569,0.502153072276569,evaluation_selection_50_percent_split
without_leakage,pmt_train_and_evaluation_samples_seed_1_241016_with_holdout.csv,train_sample_n_4000,catboost,"learning_rate=NA,subsample=0.8,depth=6",1000,0.296987660503711,0.0901823557661263,0.273872191649908,0.273884285269449,0.857709085747239,0.29453453986174,0.0893224358727865,0.269062132959744,0.269080616662768,0.855534313343465,0.299519325074085,0.091063126987168,0.278916772700212,0.278917303653242,0.859930212268834,evaluation_test_50_percent_split,0.543990748154079,0.877520588334971,0.539563049176387,0.87614536986381,0.548619481507999,0.878900648272323,0.242153072276569,0.502153072276569,evaluation_selection_50_percent_split
prefer_official_train,pmt_train_and_evaluation_samples_seed_1_241016_with_holdout.csv,train_sample_n_4000,catboost,"learning_rate=NA,subsample=0.8,depth=6",1000,0.298682312387394,0.0909315577540471,0.262115509585274,0.262162244239076,0.853804685399887,0.296050085337511,0.0900149758506242,0.257546172464122,0.257626915340902,0.851662239145597,0.300992980766924,0.091742377821354,0.266859001528116,0.266920400564013,0.856030357414759,evaluation_selection_50_percent_split,0.52876932095147,0.876847624534614,0.524147187593366,0.875491771928211,0.533354746252758,0.878305026894345,0.261573611379639,0.501573611379639,evaluation_selection_50_percent_split
prefer_official_train,pmt_train_and_evaluation_samples_seed_1_241016_with_holdout.csv,train_sample_n_4000,catboost,"learning_rate=NA,subsample=0.8,depth=6",1000,0.300844287401092,0.0915814887404138,0.26083042887107,0.260851039432063,0.852160797595566,0.299839108852816,0.0912383428848695,0.258826444164399,0.258852893815801,0.851236045193163,0.301880495948817,0.0919459794390953,0.262726686578999,0.26274801308534,0.853042354246685,official_holdout_set,0.529069529861267,0.87556231844858,0.527156392522927,0.874979228128596,0.530948837153969,0.876140590342254,0.261573611379639,0.501573611379639,evaluation_selection_50_percent_split
prefer_official_train,pmt_train_and_evaluation_samples_seed_1_241016_with_holdout.csv,train_sample_n_4000,catboost,"learning_rate=NA,subsample=0.8,depth=6",1000,0.301404802043021,0.0917033440242999,0.261625540283891,0.261637837870752,0.85185359586038,0.299077378632339,0.0908797621417316,0.257063840969217,0.257076540060473,0.849625827317079,0.303941498741453,0.0925881901959366,0.266202390910956,0.266210565144751,0.854115970995192,evaluation_test_50_percent_split,0.53025014099965,0.875458123738193,0.525780616458212,0.874083026303686,0.534908358903059,0.876905843165544,0.261573611379639,0.501573611379639,evaluation_selection_50_percent_split
without_leakage,pmt_train_and_evaluation_samples_seed_1_241016_with_holdout.csv,train_sample_n_2000,catboost,"learning_rate=NA,subsample=0.8,depth=6",1000,0.302527061835125,0.0912399984984382,0.259612598086564,0.259648841015985,0.848533793269186,0.299646157469268,0.0902928828772993,0.254853545641164,0.254891658414674,0.84628668179967,0.305093960847855,0.0921157091092681,0.264416835472184,0.264465164649284,0.850939010664942,evaluation_selection_50_percent_split,0.534543547306157,0.877680356719229,0.529914377272194,0.876348832480428,0.539027591799825,0.879142479508494,0.212527105105282,0.502527105105282,evaluation_selection_50_percent_split
without_leakage,pmt_train_and_evaluation_samples_seed_1_241016_with_holdout.csv,train_sample_n_2000,catboost,"learning_rate=NA,subsample=0.8,depth=6",1000,0.303981810182817,0.0917353171641595,0.259588853836952,0.259657576482213,0.848014834668761,0.302879999016336,0.0913675824965413,0.257522400440566,0.257589421861114,0.847042885506614,0.305088572570299,0.0921151720483662,0.261668685233023,0.261738351548742,0.848958794968293,official_holdout_set,0.535000350450631,0.876351892507793,0.533154099682824,0.875770340844949,0.536757179624594,0.876948000677009,0.212527105105282,0.502527105105282,evaluation_selection_50_percent_split
without_leakage,pmt_train_and_evaluation_samples_seed_1_241016_with_holdout.csv,train_sample_n_2000,catboost,"learning_rate=NA,subsample=0.8,depth=6",1000,0.304521345430396,0.09186100836997,0.260356062847825,0.260442582726811,0.847502194428204,0.301980845004183,0.0909776184318059,0.25566438081185,0.255713386511429,0.845194582693028,0.307223060413179,0.0927738374119598,0.265302833693019,0.265418409813366,0.849884895420825,evaluation_test_50_percent_split,0.536669493108751,0.875729245844812,0.532327053128913,0.874344465477925,0.541020970756394,0.877162440873594,0.212527105105282,0.502527105105282,evaluation_selection_50_percent_split
without_leakage,pmt_train_and_evaluation_samples_seed_1_241016_with_holdout.csv,train_sample_n_1000,catboost,"learning_rate=NA,subsample=0.8,depth=6",1000,0.307203360824868,0.0922324206572248,0.251559366216356,0.25155937789138,0.841292997174938,0.304232217291378,0.0912730462270523,0.246879933360271,0.246890119426114,0.838910197715195,0.30987285062481,0.093134973038502,0.256282618585374,0.256282947867083,0.843790761543101,evaluation_selection_50_percent_split,0.528473466727884,0.876755636677011,0.523720847141038,0.875443599339624,0.532922614690035,0.878247050336724,0.204850904486916,0.494850904486916,evaluation_selection_50_percent_split
prefer_official_train,pmt_train_and_evaluation_samples_seed_1_241016_with_holdout.csv,train_sample_n_2000,catboost,"learning_rate=NA,subsample=0.8,depth=6",1000,0.308359199679635,0.0935462934129744,0.24089765148506,0.240934810535537,0.842911574255679,0.305517218315909,0.0926107748763038,0.236203956316348,0.236224768903285,0.840636257387757,0.31097868617859,0.0944245031907497,0.245700872811434,0.245730296844066,0.845322085711681,evaluation_selection_50_percent_split,0.51949301619281,0.873444073803311,0.514890655221637,0.872030244639287,0.523949383583552,0.874896755733506,0.232680765667621,0.462680765667621,evaluation_selection_50_percent_split
without_leakage,pmt_train_and_evaluation_samples_seed_1_241016_with_holdout.csv,train_sample_n_1000,catboost,"learning_rate=NA,subsample=0.8,depth=6",1000,0.308388716840353,0.092650090729152,0.252205562813673,0.252210357472054,0.841101614093246,0.30726265388844,0.0922719953156307,0.250198335339233,0.250204121374902,0.840077551437279,0.309533978835386,0.0930402616981756,0.254204749899662,0.254210578037248,0.842107808649382,official_holdout_set,0.530812782071135,0.875533974764403,0.529008296849337,0.874942745757963,0.532623612477207,0.876120365099045,0.204850904486916,0.494850904486916,evaluation_selection_50_percent_split
without_leakage,pmt_train_and_evaluation_samples_seed_1_241016_with_holdout.csv,train_sample_n_1000,catboost,"learning_rate=NA,subsample=0.8,depth=6",1000,0.309033392953794,0.0927732387791169,0.253010991164158,0.253021340502151,0.840375054136093,0.306408003502428,0.0918700533200117,0.248330175324747,0.24835440160665,0.837945291409993,0.311771367695415,0.0936954844390663,0.257789884231376,0.257803151585238,0.8427562727042,evaluation_test_50_percent_split,0.530494047444935,0.87561789212245,0.526117221075217,0.874189659596512,0.534818113941828,0.876968782226009,0.204850904486916,0.494850904486916,evaluation_selection_50_percent_split
prefer_official_train,pmt_train_and_evaluation_samples_seed_1_241016_with_holdout.csv,train_sample_n_2000,catboost,"learning_rate=NA,subsample=0.8,depth=6",1000,0.310029079540744,0.0939759302532814,0.241504489420835,0.241574890600202,0.84173388264494,0.308951261749036,0.0936145265991726,0.239477883487839,0.239547622142614,0.840716552084997,0.311163001254122,0.0943586265005972,0.243447367317054,0.243515337069117,0.842695260887529,official_holdout_set,0.521087496481058,0.872526304963465,0.519207358527251,0.871929366729212,0.522973943805824,0.873107795889842,0.232680765667621,0.462680765667621,evaluation_selection_50_percent_split
prefer_official_train,pmt_train_and_evaluation_samples_seed_1_241016_with_holdout.csv,train_sample_n_2000,catboost,"learning_rate=NA,subsample=0.8,depth=6",1000,0.310361247096724,0.0940702408186678,0.242567825864207,0.242656426522921,0.841664079199573,0.307761200162385,0.0932010635809564,0.237689750154791,0.23775881370548,0.83937007193481,0.313154897986013,0.0950051923270223,0.247178286850877,0.247319543897962,0.844067305299561,evaluation_test_50_percent_split,0.522213978335065,0.87242736590349,0.517667808754355,0.871033023640879,0.526708768229045,0.873836474637979,0.232680765667621,0.462680765667621,evaluation_selection_50_percent_split
prefer_official_train,pmt_train_and_evaluation_samples_seed_1_241016_with_holdout.csv,train_sample_n_1000,catboost,"learning_rate=NA,subsample=0.8,depth=6",1000,0.313685997681902,0.0945556082544604,0.232707340157805,0.232707352126904,0.833302948007811,0.310799534948908,0.0935884319244947,0.228058475233741,0.228058851122832,0.830935440894921,0.316377649811022,0.0954743209058777,0.237370129384192,0.237372688151217,0.835808874469471,evaluation_selection_50_percent_split,0.510533025740651,0.873904013091325,0.505834343047525,0.872490304963955,0.515123589763418,0.875395184677728,0.224134825668808,0.464134825668808,evaluation_selection_50_percent_split
without_leakage,pmt_train_and_evaluation_samples_seed_1_241016_with_holdout.csv,train_sample_n_800,catboost,"learning_rate=NA,subsample=0.8,depth=6",1000,0.314306135739898,0.0937964184850965,0.238867955569347,0.238881051666962,0.829017953475296,0.311233877909895,0.0927913309685909,0.234434986960822,0.234442806489167,0.826534706994808,0.31708831073926,0.0947077112879822,0.24366066267541,0.243667018646658,0.831693916683858,evaluation_selection_50_percent_split,0.524441372263213,0.874683489147854,0.519854359499452,0.873303429210502,0.529041532254455,0.876155536942808,0.20348826796523,0.50348826796523,evaluation_selection_50_percent_split
prefer_official_train,pmt_train_and_evaluation_samples_seed_1_241016_with_holdout.csv,train_sample_n_1000,catboost,"learning_rate=NA,subsample=0.8,depth=6",1000,0.314929626731907,0.0948745475278623,0.234251598529929,0.234256508304338,0.832512975488904,0.313845567075094,0.0945013733814434,0.232215274959276,0.232219903106258,0.831505713190473,0.316078123175154,0.0952514651665089,0.236151808097919,0.236159274417941,0.833505016077735,official_holdout_set,0.512980812720493,0.87327619786483,0.511138577441947,0.87269148790575,0.514847008345083,0.873850440906253,0.224134825668808,0.464134825668808,evaluation_selection_50_percent_split
prefer_official_train,pmt_train_and_evaluation_samples_seed_1_241016_with_holdout.csv,train_sample_n_1000,catboost,"learning_rate=NA,subsample=0.8,depth=6",1000,0.315065152839561,0.0948809268675979,0.236040366263392,0.23605095072497,0.832626828319234,0.312432081993436,0.0939843461982664,0.231610828675601,0.231615625874095,0.83018675399979,0.317898363381468,0.0958178292520935,0.240714214018239,0.24073776719014,0.835092289774997,evaluation_test_50_percent_split,0.516227590648355,0.872519353761093,0.511654665400487,0.871153939258965,0.520868821527347,0.87388960972941,0.224134825668808,0.464134825668808,evaluation_selection_50_percent_split
without_leakage,pmt_train_and_evaluation_samples_seed_1_241016_with_holdout.csv,train_sample_n_800,catboost,"learning_rate=NA,subsample=0.8,depth=6",1000,0.315144354833161,0.0941354139858488,0.240217269439753,0.240252334263304,0.82952357393889,0.313970454800919,0.0937491636661314,0.238286193897675,0.238315193105099,0.828467488141843,0.316326908949844,0.0945294886845193,0.242136500176877,0.242161620114976,0.830562629796621,official_holdout_set,0.526580491901858,0.873757230676288,0.524841272194474,0.873165232341277,0.528423296176548,0.874353298354528,0.20348826796523,0.50348826796523,evaluation_selection_50_percent_split
without_leakage,pmt_train_and_evaluation_samples_seed_1_241016_with_holdout.csv,train_sample_n_800,catboost,"learning_rate=NA,subsample=0.8,depth=6",1000,0.316117419151507,0.0943802097485735,0.240072026571574,0.240120398644198,0.828549268939551,0.313411846037595,0.0934674971111733,0.235471695076156,0.235533152407142,0.826044064894836,0.318955267740346,0.0952869578263293,0.244748169482165,0.24483909663364,0.83104787743988,evaluation_test_50_percent_split,0.527033623762962,0.873376293276656,0.522587485083438,0.871981951014045,0.531555145973355,0.874809488305438,0.20348826796523,0.50348826796523,evaluation_selection_50_percent_split
prefer_official_train,pmt_train_and_evaluation_samples_seed_1_241016_with_holdout.csv,train_sample_n_800,catboost,"learning_rate=NA,subsample=0.8,depth=6",1000,0.319697277902226,0.0957506790132433,0.223009670837773,0.223023039794278,0.821191867898192,0.31671005201582,0.0947655668642669,0.218689499337641,0.218694072793617,0.818602598600339,0.322357551752434,0.096642948188137,0.227618082584537,0.227641444002379,0.823922950292515,evaluation_selection_50_percent_split,0.50317294066909,0.873240732223347,0.498532276189542,0.871841427457891,0.507721913968925,0.874708059588766,0.223745648737829,0.453745648737829,evaluation_selection_50_percent_split
prefer_official_train,pmt_train_and_evaluation_samples_seed_1_241016_with_holdout.csv,train_sample_n_800,catboost,"learning_rate=NA,subsample=0.8,depth=6",1000,0.320457138635409,0.0960108177665815,0.225080570666194,0.225116334065338,0.821587044476718,0.319352638695438,0.0956364914924747,0.223208310954807,0.223246265969854,0.82049593830227,0.321612605081726,0.0963910104878225,0.226889794308949,0.226935024095016,0.822617562969531,official_holdout_set,0.505699624441376,0.872701225985814,0.503766734938685,0.872091371129771,0.507524465500861,0.873296483844505,0.223745648737829,0.453745648737829,evaluation_selection_50_percent_split
prefer_official_train,pmt_train_and_evaluation_samples_seed_1_241016_with_holdout.csv,train_sample_n_800,catboost,"learning_rate=NA,subsample=0.8,depth=6",1000,0.321211504132608,0.0962020560581935,0.225402934633171,0.225452240444788,0.820993009504619,0.318538365716374,0.0952882812055803,0.220942672955012,0.220977658305979,0.818357477526919,0.324120537620968,0.0971313102940151,0.229769407772231,0.229805909775548,0.823536201683671,evaluation_test_50_percent_split,0.507547456340167,0.872775951469143,0.502892131150775,0.871405574464171,0.512061010875678,0.87415104890365,0.223745648737829,0.453745648737829,evaluation_selection_50_percent_split
without_leakage,pmt_train_and_evaluation_samples_seed_1_241016_with_holdout.csv,train_sample_n_400,catboost,"learning_rate=NA,subsample=0.8,depth=6",1000,0.323708626652884,0.0970892166367746,0.212147807512922,0.212926793116069,0.815582489410233,0.320692089238983,0.0960542490076684,0.208135716062512,0.209001724517848,0.812887244599557,0.326401870372561,0.0979884582000911,0.216352943939515,0.217159088278257,0.818445713663047,evaluation_selection_50_percent_split,0.502385270762525,0.871710828907426,0.497664652335382,0.870306440602472,0.507104456416689,0.873211925499518,0.20870687534971,0.39870687534971,evaluation_selection_50_percent_split
without_leakage,pmt_train_and_evaluation_samples_seed_1_241016_with_holdout.csv,train_sample_n_400,catboost,"learning_rate=NA,subsample=0.8,depth=6",1000,0.325657734391804,0.0977196645302916,0.211288181540079,0.211938143337756,0.814348105408402,0.324531899550613,0.0973377141978399,0.209592457158605,0.210256880630496,0.813261902094854,0.326787463646789,0.0981036134190439,0.212985203862746,0.213615695271015,0.81543365565453,official_holdout_set,0.502422522145533,0.870562492559783,0.500523823221269,0.869978592420251,0.504280823573894,0.871134225160608,0.20870687534971,0.39870687534971,evaluation_selection_50_percent_split
without_leakage,pmt_train_and_evaluation_samples_seed_1_241016_with_holdout.csv,train_sample_n_400,catboost,"learning_rate=NA,subsample=0.8,depth=6",1000,0.326351505947793,0.0979755872164444,0.211122865299863,0.211718612467016,0.814065807629668,0.323638753928454,0.0970402592406723,0.207074054882948,0.207757208921079,0.811466289290694,0.329154588826191,0.0989157297729272,0.215227842591289,0.215840444337188,0.81669818775904,evaluation_test_50_percent_split,0.502268697977704,0.869769400965388,0.497628452490574,0.868277987305676,0.506821921051065,0.871178388663223,0.20870687534971,0.39870687534971,evaluation_selection_50_percent_split
prefer_official_train,pmt_train_and_evaluation_samples_seed_1_241016_with_holdout.csv,train_sample_n_400,catboost,"learning_rate=NA,subsample=0.8,depth=6",1000,0.328324940414377,0.0989951643222709,0.196681568163174,0.197475845946635,0.809666312558063,0.325519380961034,0.0979979089443136,0.192952242520079,0.193803452687977,0.807015977260208,0.330834293807194,0.0998661037036517,0.20059789098933,0.201385084326143,0.812468971999116,evaluation_selection_50_percent_split,0.481249811138307,0.868868888254119,0.476611357617194,0.8674692203787,0.485828669672913,0.870374584239091,0.220531111981028,0.420531111981028,evaluation_selection_50_percent_split
prefer_official_train,pmt_train_and_evaluation_samples_seed_1_241016_with_holdout.csv,train_sample_n_400,catboost,"learning_rate=NA,subsample=0.8,depth=6",1000,0.330041216337795,0.0995577615475972,0.196452591917527,0.197114779430953,0.808684300743816,0.328973474146659,0.0991804546857398,0.194849970338513,0.195510833191276,0.807601491509598,0.331152427763847,0.0999322704128649,0.198092457285697,0.198754742234629,0.809760413303705,official_holdout_set,0.481836378348452,0.868048002863522,0.480029445771793,0.867458433987155,0.483700920177031,0.868635162526734,0.220531111981028,0.420531111981028,evaluation_selection_50_percent_split
prefer_official_train,pmt_train_and_evaluation_samples_seed_1_241016_with_holdout.csv,train_sample_n_400,catboost,"learning_rate=NA,subsample=0.8,depth=6",1000,0.330458908352893,0.0997396023939499,0.196919416478231,0.197525889858665,0.809071671803298,0.327856096891347,0.0988256604164259,0.193120824085311,0.193781084726409,0.806397838897603,0.333160063299028,0.100675251964083,0.200664176428985,0.201292239144748,0.811768932631037,evaluation_test_50_percent_split,0.482758620689655,0.867300253208682,0.477903699676352,0.865833288953227,0.487319429967168,0.868767217464137,0.220531111981028,0.420531111981028,evaluation_selection_50_percent_split
without_leakage,pmt_train_and_evaluation_samples_seed_1_241016_with_holdout.csv,train_sample_n_100,catboost,"learning_rate=NA,subsample=0.8,depth=6",1000,0.342156811776822,0.101856391706916,0.173463497750368,0.177987909665346,0.799983083708892,0.339723001379155,0.100915025947195,0.170175242151162,0.174831802409759,0.797222984294941,0.344342443884044,0.102705323279687,0.176833544276371,0.181382308011577,0.802731607084284,evaluation_selection_50_percent_split,0.476151265629765,0.868563875884173,0.471387995625905,0.867164692155372,0.480498946417634,0.870035923679127,0.193298503386972,0.433298503386972,evaluation_selection_50_percent_split
without_leakage,pmt_train_and_evaluation_samples_seed_1_241016_with_holdout.csv,train_sample_n_200,catboost,"learning_rate=NA,subsample=0.8,depth=6",1000,0.342671387967121,0.104695058933498,0.150428496792739,0.150981126673839,0.809223649001598,0.339648351773196,0.103612792391198,0.148091005638729,0.148656101799843,0.806574026160728,0.345384061790726,0.10566244434759,0.153080959486841,0.153609681143008,0.812036919417038,evaluation_selection_50_percent_split,0.502550474968692,0.870534352623348,0.497851527460229,0.869197744845049,0.507080796988444,0.872021166890181,0.165658614235379,0.265658614235379,evaluation_selection_50_percent_split
without_leakage,pmt_train_and_evaluation_samples_seed_1_241016_with_holdout.csv,train_sample_n_100,catboost,"learning_rate=NA,subsample=0.8,depth=6",1000,0.34339051393286,0.102355173625818,0.173874209380087,0.178056622701514,0.800473659107044,0.342442796149918,0.101990530208013,0.172500980362087,0.176722036128805,0.799353068973234,0.34432086374709,0.102722928496357,0.17528501043189,0.179423416681979,0.801613250125473,official_holdout_set,0.478258892481811,0.867640663630923,0.476322533629681,0.867059152459058,0.480143040228986,0.868239241749761,0.193298503386972,0.433298503386972,evaluation_selection_50_percent_split
without_leakage,pmt_train_and_evaluation_samples_seed_1_241016_with_holdout.csv,train_sample_n_200,catboost,"learning_rate=NA,subsample=0.8,depth=6",1000,0.344491169281278,0.105368854264782,0.149550286979818,0.150221326995079,0.808608430439761,0.343321936137614,0.104945203806292,0.14851337715216,0.149208773074784,0.807503257366562,0.345604478324173,0.105763764177419,0.150580695770176,0.15126336814728,0.809768409528472,official_holdout_set,0.502238930575443,0.869183369869692,0.500273676848733,0.868592970928288,0.504133652015986,0.869768869402831,0.165658614235379,0.265658614235379,evaluation_selection_50_percent_split
without_leakage,pmt_train_and_evaluation_samples_seed_1_241016_with_holdout.csv,train_sample_n_100,catboost,"learning_rate=NA,subsample=0.8,depth=6",1000,0.344884003637139,0.102880405047156,0.171630388179313,0.175675863463438,0.79772193827603,0.342615318310557,0.101999690068014,0.168431251516439,0.172461116029472,0.79508872557074,0.34720095533687,0.103773227722158,0.174973128165933,0.178914820942918,0.800447134862765,evaluation_test_50_percent_split,0.476667720042737,0.866709594333548,0.472105783975564,0.86522314317668,0.48151206095699,0.86808941219759,0.193298503386972,0.433298503386972,evaluation_selection_50_percent_split
without_leakage,pmt_train_and_evaluation_samples_seed_1_241016_with_holdout.csv,train_sample_n_200,catboost,"learning_rate=NA,subsample=0.8,depth=6",1000,0.345321924868791,0.105607436621449,0.149672950457483,0.150400348177767,0.807513448246862,0.342577057733025,0.10461716796426,0.147399383163378,0.148130320533131,0.804937848811548,0.348040569206991,0.106601284383589,0.152050732443994,0.152788397247808,0.81006931678649,evaluation_test_50_percent_split,0.500135546251393,0.86987107175537,0.495967115691737,0.868447317585657,0.504855250635633,0.871284900919394,0.165658614235379,0.265658614235379,evaluation_selection_50_percent_split
ego_AS,pmt_train_and_evaluation_samples_seed_1_241016_with_holdout.csv,training_set,catboost,"learning_rate=NA,subsample=0.8,depth=6",1000,0.354087757100962,0.110073983426225,0.106780009333292,0.106783137622086,0.763716857464314,0.351416950818448,0.10913357272359,0.104231712336058,0.104246522384789,0.761258666502402,0.356463634265875,0.11092617258585,0.109352230868286,0.109352931625204,0.766450962042897,evaluation_selection_50_percent_split,0.401021552261119,0.856043844317813,0.397236838582527,0.854620453258065,0.404951294410218,0.85761272143656,0.210693794737553,0.370693794737553,evaluation_selection_50_percent_split
ego_AS,pmt_train_and_evaluation_samples_seed_1_241016_with_holdout.csv,train_sample_n_3000000,catboost,"learning_rate=NA,subsample=0.8,depth=6",1000,0.354090833284692,0.110077392936222,0.106752342100832,0.10675613991867,0.763702349580128,0.351424888339626,0.109135357476,0.104222484176216,0.104238425795028,0.761214464395497,0.356465130073796,0.11093148730534,0.109349116065647,0.109351492676702,0.766447501421406,evaluation_selection_50_percent_split,0.401004654500513,0.856043844317813,0.397272295697592,0.854620453258065,0.404786610795346,0.85761272143656,0.200841949481497,0.380841949481497,evaluation_selection_50_percent_split
ego_AS,pmt_train_and_evaluation_samples_seed_1_241016_with_holdout.csv,train_sample_n_2000000,catboost,"learning_rate=NA,subsample=0.8,depth=6",1000,0.354106181352195,0.110085583382314,0.106685878891687,0.106689976512827,0.763608889049914,0.351426734653198,0.10914357121651,0.104147126990494,0.104164062319277,0.761105980992968,0.356497068776623,0.110942370411887,0.109289397704372,0.109292427974703,0.766378694185257,evaluation_selection_50_percent_split,0.401248587043317,0.856043844317813,0.397527125291928,0.854620453258065,0.405241989646016,0.85761272143656,0.210710708773805,0.380710708773805,evaluation_selection_50_percent_split
ego_AS,pmt_train_and_evaluation_samples_seed_1_241016_with_holdout.csv,train_sample_n_800000,catboost,"learning_rate=NA,subsample=0.8,depth=6",1000,0.354261889153362,0.110108538907669,0.106499601140074,0.106508799414783,0.763362905718491,0.351576367054789,0.109172530986557,0.103971589228137,0.104006751815668,0.7609346986005,0.356618463132042,0.110966149495885,0.109105662931973,0.109125993574696,0.766083564515364,evaluation_selection_50_percent_split,0.401055408970976,0.856043844317813,0.397374211571606,0.854620453258065,0.404797540213148,0.85761272143656,0.190857905721505,0.380857905721505,evaluation_selection_50_percent_split
ego_AS,pmt_train_and_evaluation_samples_seed_1_241016_with_holdout.csv,train_sample_n_1000000,catboost,"learning_rate=NA,subsample=0.8,depth=6",1000,0.354306524447169,0.110111963506857,0.106471811462989,0.106477348117842,0.763306476204121,0.351639954324211,0.109175746240109,0.103935920693619,0.103960277552941,0.760846056842673,0.356673869083426,0.110970124037498,0.10910213040181,0.109105839349425,0.766026363699775,evaluation_selection_50_percent_split,0.401233422024215,0.856043844317813,0.397407178439662,0.854620453258065,0.405207599768918,0.85761272143656,0.210864700733723,0.380864700733723,evaluation_selection_50_percent_split
ego_AS,pmt_train_and_evaluation_samples_seed_1_241016_with_holdout.csv,train_sample_n_400000,catboost,"learning_rate=NA,subsample=0.8,depth=6",1000,0.354421326622901,0.110129571828518,0.106328924793314,0.106349121161829,0.763141769093117,0.351769150246942,0.109193528656171,0.10380154182215,0.103840368313002,0.760677046447014,0.356796978090273,0.110985172630478,0.108960345276577,0.108967922558638,0.765874640917273,evaluation_selection_50_percent_split,0.400962686129102,0.856043844317813,0.397258996164392,0.854620453258065,0.404716621185733,0.85761272143656,0.200452434677075,0.380452434677075,evaluation_selection_50_percent_split
ego_AS,pmt_train_and_evaluation_samples_seed_1_241016_with_holdout.csv,train_sample_n_200000,catboost,"learning_rate=NA,subsample=0.8,depth=6",1000,0.354772548732557,0.110213709004685,0.105646174833954,0.105653931759864,0.762393510519969,0.352090118143022,0.109286263533965,0.103165035059827,0.103195505768,0.759932972204583,0.357138422047787,0.111055350277714,0.108272679593291,0.108272812196633,0.765125044502382,evaluation_selection_50_percent_split,0.400843194362411,0.856043844317813,0.397056760282584,0.854620453258065,0.404866719716891,0.85761272143656,0.210461433264188,0.410461433264188,evaluation_selection_50_percent_split
prefer_official_train,pmt_train_and_evaluation_samples_seed_1_241016_with_holdout.csv,train_sample_n_200,catboost,"learning_rate=NA,subsample=0.8,depth=6",1000,0.35497364532019,0.108251856177905,0.121566068973157,0.122137473307019,0.788382744214435,0.352128729519353,0.107173068485032,0.119459481228142,0.120043880749701,0.785686537275911,0.357551746153749,0.10921964024849,0.123818518164181,0.124325364972742,0.791357972947367,evaluation_selection_50_percent_split,0.466749688667497,0.866288386775051,0.462294310354058,0.864884119506751,0.471161937974806,0.867828699243279,0.161889633038558,0.271889633038558,evaluation_selection_50_percent_split
ego_AS,pmt_train_and_evaluation_samples_seed_1_241016_with_holdout.csv,train_sample_n_100000,catboost,"learning_rate=NA,subsample=0.8,depth=6",1000,0.355690376127422,0.110365511677918,0.104414338044305,0.104428054732771,0.761077669827919,0.353038894526287,0.10942955797356,0.101858599494041,0.101889106820692,0.758565968772867,0.358110846460236,0.111210012725362,0.10712666578011,0.107130542942093,0.763811481792251,evaluation_selection_50_percent_split,0.400612890470542,0.856043844317813,0.396942048547956,0.854620453258065,0.40447182467485,0.85761272143656,0.200176374210301,0.400176374210301,evaluation_selection_50_percent_split
ego_AS,pmt_train_and_evaluation_samples_seed_1_241016_with_holdout.csv,training_set,catboost,"learning_rate=NA,subsample=0.8,depth=6",1000,0.355751205088158,0.110684111047867,0.106649957111529,0.10665051507774,0.762955777299709,0.354716158810595,0.110311456723148,0.105629894358578,0.1056299114653,0.76189188939271,0.356739327819073,0.111035989181723,0.107706434275342,0.107708041771566,0.764047420608138,official_holdout_set,0.401954641844069,0.855108706127014,0.400447422209131,0.854504520007807,0.403534797510282,0.85571445114885,0.210693794737553,0.370693794737553,evaluation_selection_50_percent_split
ego_AS,pmt_train_and_evaluation_samples_seed_1_241016_with_holdout.csv,train_sample_n_3000000,catboost,"learning_rate=NA,subsample=0.8,depth=6",1000,0.35577181100559,0.110689277168845,0.10660826048178,0.106608582404747,0.762935771232629,0.354732140531398,0.110318014781906,0.105591854541894,0.105594430615467,0.761885216013579,0.356761957479137,0.111042986482796,0.107666103065501,0.107666281128601,0.764026600091284,official_holdout_set,0.402365260158786,0.855108706127014,0.400923504866307,0.854504520007807,0.403958830072067,0.85571445114885,0.200841949481497,0.380841949481497,evaluation_selection_50_percent_split
ego_AS,pmt_train_and_evaluation_samples_seed_1_241016_with_holdout.csv,train_sample_n_2000000,catboost,"learning_rate=NA,subsample=0.8,depth=6",1000,0.355797345531684,0.110697415423849,0.106542575259325,0.106542817532888,0.762847792453042,0.354770806839293,0.110325325117529,0.105531747744033,0.105532585773415,0.761788800472395,0.356776945392422,0.111046698760506,0.107607615673001,0.107608032293097,0.763931903810268,official_holdout_set,0.401767295738154,0.855108706127014,0.40020607512155,0.854504520007807,0.40337233577669,0.85571445114885,0.210710708773805,0.380710708773805,evaluation_selection_50_percent_split
ego_AS,pmt_train_and_evaluation_samples_seed_1_241016_with_holdout.csv,train_sample_n_1000000,catboost,"learning_rate=NA,subsample=0.8,depth=6",1000,0.355909490896724,0.110717656253782,0.106379208122727,0.106379235219887,0.762667447809393,0.354890501402005,0.110347858946477,0.105350104971624,0.105350559834879,0.761593894462727,0.356902653260586,0.111068448629422,0.107444298643101,0.107444437687879,0.763732560037135,official_holdout_set,0.401802464279912,0.855108706127014,0.400278465551321,0.854504520007807,0.403370493153833,0.85571445114885,0.210864700733723,0.380864700733723,evaluation_selection_50_percent_split
ego_AS,pmt_train_and_evaluation_samples_seed_1_241016_with_holdout.csv,train_sample_n_800000,catboost,"learning_rate=NA,subsample=0.8,depth=6",1000,0.355949498029133,0.110727386919718,0.10630067028429,0.106300933997139,0.762589861217209,0.354914815502662,0.110356362015728,0.105275165464511,0.105277411963296,0.761532021920147,0.356941363547656,0.111078972692199,0.107366125202742,0.107366169961629,0.763678460523743,official_holdout_set,0.401818639289852,0.855108706127014,0.400311935143868,0.854504520007807,0.403321792589287,0.85571445114885,0.190857905721505,0.380857905721505,evaluation_selection_50_percent_split
ego_AS,pmt_train_and_evaluation_samples_seed_1_241016_with_holdout.csv,train_sample_n_80000,catboost,"learning_rate=NA,subsample=0.8,depth=6",1000,0.356100042658427,0.110483082082672,0.103460286663877,0.103460293725719,0.760053248655912,0.353378798131814,0.109541000838829,0.100879642269861,0.100901099353926,0.75751405502996,0.358524073948027,0.111343460508113,0.106184876899144,0.106185214083828,0.762778367481785,evaluation_selection_50_percent_split,0.400492625282233,0.856043844317813,0.396780743992367,0.854620453258065,0.404253150300356,0.85761272143656,0.190173897126955,0.420173897126955,evaluation_selection_50_percent_split
ego_AS,pmt_train_and_evaluation_samples_seed_1_241016_with_holdout.csv,train_sample_n_400000,catboost,"learning_rate=NA,subsample=0.8,depth=6",1000,0.356115763962385,0.110762481004607,0.106017420033243,0.106021304289224,0.762274808992937,0.355079087598136,0.110391381312885,0.104986315598416,0.104987950721529,0.761220429869622,0.357096218368094,0.111112707490353,0.107072897352415,0.107076054526188,0.763364730818571,official_holdout_set,0.402322627119057,0.855108706127014,0.40084434241464,0.854504520007807,0.403856516630192,0.85571445114885,0.200452434677075,0.380452434677075,evaluation_selection_50_percent_split
ego_AS,pmt_train_and_evaluation_samples_seed_1_241016_with_holdout.csv,train_sample_n_200000,catboost,"learning_rate=NA,subsample=0.8,depth=6",1000,0.356411824079022,0.110812006547743,0.105617691059806,0.105617761390964,0.761807078754456,0.3553685739995,0.110440867705401,0.104580515844879,0.104583301226802,0.760727832342639,0.357401500505641,0.111163021310211,0.106675307341955,0.106676764171522,0.762887924317215,official_holdout_set,0.402001603307877,0.855108706127014,0.400470999679501,0.854504520007807,0.403572293071356,0.85571445114885,0.210461433264188,0.410461433264188,evaluation_selection_50_percent_split
prefer_official_train,pmt_train_and_evaluation_samples_seed_1_241016_with_holdout.csv,train_sample_n_200,catboost,"learning_rate=NA,subsample=0.8,depth=6",1000,0.356758476822545,0.108916848147631,0.120913832682956,0.121607468045636,0.787634530577559,0.355628937041357,0.108494278322482,0.120051378411195,0.120751137763459,0.786482895345637,0.357820575250316,0.109322163161972,0.12177196273224,0.122473837070499,0.78880131918532,official_holdout_set,0.465610292115602,0.865250076325492,0.463724102418308,0.864633783404044,0.467599395332612,0.865868940424005,0.161889633038558,0.271889633038558,evaluation_selection_50_percent_split
ego_AS,pmt_train_and_evaluation_samples_seed_1_241016_with_holdout.csv,training_set,catboost,"learning_rate=NA,subsample=0.8,depth=6",1000,0.356850799663767,0.110984142256,0.106380940114733,0.106384452189717,0.762417234623691,0.354322546036039,0.110075920118857,0.103842651336323,0.103843277692105,0.759918724642077,0.359308793448671,0.111905363744996,0.108890112595175,0.108921422091526,0.765085513223333,evaluation_test_50_percent_split,0.401135580493525,0.854688233784719,0.3972781039386,0.853216428063075,0.405065760727916,0.856208575204915,0.210693794737553,0.370693794737553,evaluation_selection_50_percent_split
ego_AS,pmt_train_and_evaluation_samples_seed_1_241016_with_holdout.csv,train_sample_n_3000000,catboost,"learning_rate=NA,subsample=0.8,depth=6",1000,0.356858527003841,0.11098799150989,0.106349946798281,0.106352818705321,0.762367879062806,0.35433161863508,0.110083478629078,0.103807634832522,0.103816623464995,0.75986464845653,0.359317730066529,0.111906201682965,0.108867251431968,0.108894146760567,0.7650514435751,evaluation_test_50_percent_split,0.401619433198381,0.854688233784719,0.397707167452141,0.853216428063075,0.405447772748095,0.856208575204915,0.200841949481497,0.380841949481497,evaluation_selection_50_percent_split
ego_AS,pmt_train_and_evaluation_samples_seed_1_241016_with_holdout.csv,train_sample_n_2000000,catboost,"learning_rate=NA,subsample=0.8,depth=6",1000,0.356931235813949,0.110996062809264,0.106284958532284,0.106287581705086,0.76221257705987,0.354411562630038,0.11008831365573,0.103758996939628,0.103759920863949,0.759683651891956,0.359379437839282,0.111914402148658,0.108818757927271,0.108845280436698,0.764896991351129,evaluation_test_50_percent_split,0.401106756770657,0.854688233784719,0.397207767699482,0.853216428063075,0.405131329122958,0.856208575204915,0.210710708773805,0.380710708773805,evaluation_selection_50_percent_split
ego_AS,pmt_train_and_evaluation_samples_seed_1_241016_with_holdout.csv,train_sample_n_800000,catboost,"learning_rate=NA,subsample=0.8,depth=6",1000,0.357014763218117,0.111011524019504,0.106160468385504,0.106160846680843,0.762111798852023,0.35448615524895,0.110108580474298,0.103616840528341,0.103623059598555,0.759653100429098,0.359491474056709,0.111928075739917,0.108720462766643,0.10872102343585,0.764803195520562,evaluation_test_50_percent_split,0.401405753246256,0.854688233784719,0.397618358155536,0.853216428063075,0.405202075478392,0.856208575204915,0.190857905721505,0.380857905721505,evaluation_selection_50_percent_split
ego_AS,pmt_train_and_evaluation_samples_seed_1_241016_with_holdout.csv,train_sample_n_1000000,catboost,"learning_rate=NA,subsample=0.8,depth=6",1000,0.357052401936541,0.11101748077342,0.106112505958387,0.106114176457404,0.761997181500532,0.354523234062958,0.110111823093884,0.103586386171144,0.103590404662248,0.759490357538257,0.359551196569247,0.111934364515088,0.108672317959061,0.108689744063087,0.764681894476736,evaluation_test_50_percent_split,0.401210955877841,0.854688233784719,0.397371629561108,0.853216428063075,0.405312405407175,0.856208575204915,0.210864700733723,0.380864700733723,evaluation_selection_50_percent_split
ego_AS,pmt_train_and_evaluation_samples_seed_1_241016_with_holdout.csv,train_sample_n_400000,catboost,"learning_rate=NA,subsample=0.8,depth=6",1000,0.357147432914764,0.111037387968791,0.105952217750984,0.105952924050771,0.761852801789806,0.354590824069462,0.11013034616496,0.103420923358315,0.103428994743026,0.75938149935728,0.359630061569529,0.111949641544896,0.108524406863291,0.108526468121552,0.764521927094567,evaluation_test_50_percent_split,0.401787878494071,0.854688233784719,0.397912017697407,0.853216428063075,0.405704571348393,0.856208575204915,0.200452434677075,0.380452434677075,evaluation_selection_50_percent_split
ego_AS,pmt_train_and_evaluation_samples_seed_1_241016_with_holdout.csv,train_sample_n_100000,catboost,"learning_rate=NA,subsample=0.8,depth=6",1000,0.357202797008082,0.110945715983595,0.104538499754734,0.104539890764009,0.7606213399475,0.356163185064476,0.110575734103353,0.103467345873344,0.103474294165167,0.759549225860447,0.358193352120622,0.111296797876871,0.105630207288027,0.105630521040866,0.761714985154033,official_holdout_set,0.401575074446878,0.855108706127014,0.400000606527007,0.854504520007807,0.403123990939404,0.85571445114885,0.200176374210301,0.400176374210301,evaluation_selection_50_percent_split
prefer_official_train,pmt_train_and_evaluation_samples_seed_1_241016_with_holdout.csv,train_sample_n_200,catboost,"learning_rate=NA,subsample=0.8,depth=6",1000,0.357403542724132,0.109128556044634,0.121321698064753,0.122073348378635,0.787075044400735,0.354724844965133,0.10810087782871,0.119358467978089,0.120139068950642,0.784486725486052,0.360069187700063,0.110151838206096,0.12340238771887,0.124189075143883,0.789772436681851,evaluation_test_50_percent_split,0.466418397067134,0.865460496056626,0.461965273259665,0.863959520501189,0.471169249341181,0.866855080392546,0.161889633038558,0.271889633038558,evaluation_selection_50_percent_split
ego_AS,pmt_train_and_evaluation_samples_seed_1_241016_with_holdout.csv,train_sample_n_200000,catboost,"learning_rate=NA,subsample=0.8,depth=6",1000,0.357560349176438,0.111120122975345,0.1052860543039,0.105286800162017,0.761010878244074,0.355045620391125,0.110220247848469,0.102835719932409,0.102837321663286,0.758539633397101,0.36004746969182,0.112047381514773,0.107789455233925,0.107806748191054,0.763707132136935,evaluation_test_50_percent_split,0.401407669580825,0.854688233784719,0.397533699644832,0.853216428063075,0.405179800881766,0.856208575204915,0.210461433264188,0.410461433264188,evaluation_selection_50_percent_split
ego_AS,pmt_train_and_evaluation_samples_seed_1_241016_with_holdout.csv,train_sample_n_80000,catboost,"learning_rate=NA,subsample=0.8,depth=6",1000,0.357615380716972,0.111052651272452,0.103675407085133,0.103682161953228,0.759756536243984,0.356574312825322,0.110680232527583,0.102629690134309,0.102634178601489,0.75868530787304,0.358625991695059,0.111405740288516,0.104793857469339,0.104804298344556,0.760826696188489,official_holdout_set,0.401289719565507,0.855108706127014,0.39973130963046,0.854504520007807,0.40284124883684,0.85571445114885,0.190173897126955,0.420173897126955,evaluation_selection_50_percent_split
ego_AS,pmt_train_and_evaluation_samples_seed_1_241016_with_holdout.csv,train_sample_n_40000,catboost,"learning_rate=NA,subsample=0.8,depth=6",1000,0.357673705427831,0.110819728874005,0.100728490880228,0.100746451263884,0.757505103442228,0.354887958098413,0.109867384606126,0.0980913427258679,0.0981075664073834,0.754960054523904,0.360130537664173,0.111679742952525,0.103516964774737,0.103519819864116,0.760327597557295,evaluation_selection_50_percent_split,0.397953091684435,0.856043844317813,0.394217982407584,0.854620453258065,0.401675636038153,0.85761272143656,0.180479213986169,0.440479213986169,evaluation_selection_50_percent_split
ego_AS,pmt_train_and_evaluation_samples_seed_1_241016_with_holdout.csv,train_sample_n_100000,catboost,"learning_rate=NA,subsample=0.8,depth=6",1000,0.358422903539702,0.111258464606738,0.104172158966464,0.104172161364574,0.75971435873142,0.355822278389621,0.110355698078213,0.101613567138524,0.101626766485157,0.757214707461209,0.360925568496342,0.112176793114045,0.10679616645603,0.10680366840902,0.762397514141211,evaluation_test_50_percent_split,0.401094589823061,0.854688233784719,0.397282319429202,0.853216428063075,0.405037691648319,0.856208575204915,0.200176374210301,0.400176374210301,evaluation_selection_50_percent_split
ego_AS,pmt_train_and_evaluation_samples_seed_1_241016_with_holdout.csv,train_sample_n_80000,catboost,"learning_rate=NA,subsample=0.8,depth=6",1000,0.358599247161428,0.111307614969535,0.103776411428999,0.103790288814228,0.759372103348778,0.356044663293522,0.110397609081786,0.101245795168883,0.101248504000498,0.756867336705939,0.361136512871801,0.112237886836948,0.10641206712982,0.106454573303462,0.762024010707524,evaluation_test_50_percent_split,0.400585702649238,0.854688233784719,0.396877589893914,0.853216428063075,0.404468999927484,0.856208575204915,0.190173897126955,0.420173897126955,evaluation_selection_50_percent_split
ego_AS,pmt_train_and_evaluation_samples_seed_1_241016_with_holdout.csv,train_sample_n_40000,catboost,"learning_rate=NA,subsample=0.8,depth=6",1000,0.359007437889378,0.111353185864241,0.101249741938418,0.101252655001002,0.757564878406549,0.357937960780046,0.110979760652895,0.100146271971323,0.100150073413916,0.756486396822661,0.360032211894287,0.111709509449259,0.102414278538072,0.102415809435358,0.758656766917906,official_holdout_set,0.399183382012699,0.855108706127014,0.397687628700781,0.854504520007807,0.400669597262143,0.85571445114885,0.180479213986169,0.440479213986169,evaluation_selection_50_percent_split
ego_AS,pmt_train_and_evaluation_samples_seed_1_241016_with_holdout.csv,train_sample_n_20000,catboost,"learning_rate=NA,subsample=0.8,depth=6",1000,0.359048259143373,0.111139455687087,0.0981339960495072,0.098141224563142,0.754379071620226,0.356236437477848,0.110195098700611,0.0955987771445538,0.0956119853334697,0.751920277352883,0.36145515392321,0.112001481930758,0.100958369341192,0.100965752613375,0.757262716755695,evaluation_selection_50_percent_split,0.396141356255969,0.856043844317813,0.392434286536178,0.854620453258065,0.400061252691168,0.85761272143656,0.19050702297495,0.43050702297495,evaluation_selection_50_percent_split
ego_AS,pmt_train_and_evaluation_samples_seed_1_241016_with_holdout.csv,train_sample_n_40000,catboost,"learning_rate=NA,subsample=0.8,depth=6",1000,0.35995202852671,0.111588318556416,0.101516250019303,0.101516578956955,0.757093840436608,0.357369401464333,0.110691555691386,0.0988284684645914,0.0988314110520966,0.754535525446044,0.362598069763939,0.112535207753033,0.104319110175532,0.104333183429203,0.759737140107452,evaluation_test_50_percent_split,0.398407122865676,0.854688233784719,0.394653520601709,0.853216428063075,0.402245081613257,0.856208575204915,0.180479213986169,0.440479213986169,evaluation_selection_50_percent_split
prefer_official_train,pmt_train_and_evaluation_samples_seed_1_241016_with_holdout.csv,train_sample_n_100,catboost,"learning_rate=NA,subsample=0.8,depth=6",1000,0.360580027333815,0.106766997045103,0.133615290955136,0.13835782959667,0.75541311262988,0.358268639779954,0.10584782982805,0.130643532727751,0.135440335622984,0.75260725652962,0.362706814918463,0.107612748317013,0.136698500875819,0.141403206856624,0.758540770643837,evaluation_selection_50_percent_split,0.425303201623271,0.867280887343923,0.420487842883682,0.865901069479881,0.429955176990899,0.868820473592223,0.202677174485888,0.412677174485888,evaluation_selection_50_percent_split
ego_AS,pmt_train_and_evaluation_samples_seed_1_241016_with_holdout.csv,train_sample_n_20000,catboost,"learning_rate=NA,subsample=0.8,depth=6",1000,0.360649074009051,0.111702760480095,0.0984282665242016,0.0984282916028207,0.753868285228298,0.359579947088282,0.111341328447443,0.0973555395499131,0.0973557742943676,0.752785274929386,0.361640151441808,0.112058306518244,0.0995829459964717,0.0995831620516503,0.754984305122765,official_holdout_set,0.396632972066738,0.855108706127014,0.395109367852553,0.854504520007807,0.398140635931206,0.85571445114885,0.19050702297495,0.43050702297495,evaluation_selection_50_percent_split
ego_AS,pmt_train_and_evaluation_samples_seed_1_241016_with_holdout.csv,train_sample_n_20000,catboost,"learning_rate=NA,subsample=0.8,depth=6",1000,0.361648975269997,0.1119190415663,0.0988533435971157,0.098854293201088,0.753854927556404,0.359051392032126,0.111018967888778,0.0961354032725818,0.0961361477273396,0.751250214465696,0.36426104232911,0.112854928382609,0.101616680896211,0.101622381342275,0.756630978337677,evaluation_test_50_percent_split,0.395656046851013,0.854688233784719,0.391997983584613,0.853216428063075,0.399278258071009,0.856208575204915,0.19050702297495,0.43050702297495,evaluation_selection_50_percent_split
prefer_official_train,pmt_train_and_evaluation_samples_seed_1_241016_with_holdout.csv,train_sample_n_100,catboost,"learning_rate=NA,subsample=0.8,depth=6",1000,0.361803049405904,0.10724331127202,0.13442122977409,0.138803381040207,0.755099939236594,0.360888543100383,0.106880732324113,0.133121009426836,0.137568010341896,0.753799046185333,0.362692391778063,0.107597771348003,0.13568567999638,0.139995041076546,0.756386354082668,official_holdout_set,0.42799679022917,0.866515014459328,0.4259710224831,0.865923016124317,0.429917764694111,0.867115900563877,0.202677174485888,0.412677174485888,evaluation_selection_50_percent_split
ego_AS,pmt_train_and_evaluation_samples_seed_1_241016_with_holdout.csv,train_sample_n_10000,catboost,"learning_rate=NA,subsample=0.8,depth=6",1000,0.36189743609986,0.111820459757782,0.0926078360002682,0.0928856896935555,0.751766708276896,0.359126158052008,0.110904445420713,0.0895905804966209,0.0899380177329208,0.749171449922853,0.364334197744267,0.112666739649687,0.0958769569413083,0.0961231443690391,0.75457399656938,evaluation_selection_50_percent_split,0.39114848760827,0.856043844317813,0.387436514819424,0.854620453258065,0.394979610873565,0.85761272143656,0.200583903842964,0.450583903842964,evaluation_selection_50_percent_split
ego_AS,pmt_train_and_evaluation_samples_seed_1_241016_with_holdout.csv,train_sample_n_8000,catboost,"learning_rate=NA,subsample=0.8,depth=6",1000,0.362186389250982,0.112094658365972,0.0903827899846257,0.0905705340072838,0.751213468656789,0.359441656229491,0.111187118862083,0.0874007811921213,0.0876704515423029,0.748717685261836,0.364630327266337,0.112938599009319,0.0937197586810867,0.0938673375605189,0.754030542068122,evaluation_selection_50_percent_split,0.39490011043068,0.856043844317813,0.390964918728337,0.854620453258065,0.398788061885174,0.85761272143656,0.200841984852452,0.520841984852452,evaluation_selection_50_percent_split
prefer_official_train,pmt_train_and_evaluation_samples_seed_1_241016_with_holdout.csv,train_sample_n_100,catboost,"learning_rate=NA,subsample=0.8,depth=6",1000,0.363125875008915,0.107735988504125,0.132534335033246,0.136770742136274,0.752886128994449,0.36091241050099,0.106851611054153,0.129638781710874,0.133917761663801,0.749938144953098,0.365363605416508,0.108618959256225,0.135622585785757,0.139713606011736,0.755840848160639,evaluation_test_50_percent_split,0.425732744795565,0.865726776697055,0.420881099143318,0.864279057269703,0.430711508329186,0.86712608146251,0.202677174485888,0.412677174485888,evaluation_selection_50_percent_split
ego_AS,pmt_train_and_evaluation_samples_seed_1_241016_with_holdout.csv,train_sample_n_10000,catboost,"learning_rate=NA,subsample=0.8,depth=6",1000,0.363828349882287,0.112492798639089,0.0920517359044101,0.0922505110613775,0.750530119043911,0.362702131665467,0.112124602589324,0.0908782351698242,0.0910911658355889,0.749458150805724,0.364889057580806,0.112846988048967,0.0932898550497639,0.0934783494107412,0.75162045055548,official_holdout_set,0.392047929757892,0.855108706127014,0.390566637673834,0.854504520007807,0.393528833238379,0.85571445114885,0.200583903842964,0.450583903842964,evaluation_selection_50_percent_split
ego_AS,pmt_train_and_evaluation_samples_seed_1_241016_with_holdout.csv,train_sample_n_8000,catboost,"learning_rate=NA,subsample=0.8,depth=6",1000,0.363875226978581,0.112708238649499,0.0903128834104264,0.0904368142565258,0.750526520281768,0.362777938035392,0.112344176496729,0.0891123207434727,0.0892448283468798,0.749461875594042,0.364921573714877,0.113065781745174,0.0915915895852884,0.0917008894467708,0.751632782786743,official_holdout_set,0.395871863826157,0.855108706127014,0.394334999810416,0.854504520007807,0.397456725189344,0.85571445114885,0.200841984852452,0.520841984852452,evaluation_selection_50_percent_split
ego_AS,pmt_train_and_evaluation_samples_seed_1_241016_with_holdout.csv,train_sample_n_4000,catboost,"learning_rate=NA,subsample=0.8,depth=6",1000,0.363912181094355,0.112595229840343,0.0863207906479263,0.0863786594364565,0.746475229231427,0.361078975745851,0.111646606861035,0.0835239637889055,0.083606479971246,0.743952083048249,0.366243070603177,0.113459203823939,0.0893435680241501,0.0893868588539436,0.749354952173201,evaluation_selection_50_percent_split,0.38896342092672,0.856043844317813,0.38536425068965,0.854620453258065,0.392720208890813,0.85761272143656,0.191969301598396,0.641969301598396,evaluation_selection_50_percent_split
ego_AS,pmt_train_and_evaluation_samples_seed_1_241016_with_holdout.csv,train_sample_n_800,catboost,"learning_rate=NA,subsample=0.8,depth=6",1000,0.364960109529283,0.113248758814794,0.081017583420482,0.0810333955039727,0.743493970968304,0.362261074838664,0.112283957371976,0.0779283230902135,0.0779327259233803,0.74085648346379,0.367412631812979,0.114150516357884,0.0841237911993262,0.0841950117766796,0.746252318850326,evaluation_selection_50_percent_split,0.379149403735849,0.856043844317813,0.375436966633077,0.854620453258065,0.383051387599746,0.85761272143656,0.175352108279463,0.545352108279463,evaluation_selection_50_percent_split
ego_AS,pmt_train_and_evaluation_samples_seed_1_241016_with_holdout.csv,train_sample_n_10000,catboost,"learning_rate=NA,subsample=0.8,depth=6",1000,0.36502061149274,0.11270594154399,0.0925174040295932,0.092684898442897,0.750393578379164,0.362466788086404,0.111809415480491,0.0894980008750935,0.0897012305578101,0.74779148782141,0.367643257639763,0.113621562064046,0.0955658854865845,0.0957053949047838,0.753094878672303,evaluation_test_50_percent_split,0.391263021458403,0.854688233784719,0.38740597068795,0.853216428063075,0.395084021838118,0.856208575204915,0.200583903842964,0.450583903842964,evaluation_selection_50_percent_split
ego_AS,pmt_train_and_evaluation_samples_seed_1_241016_with_holdout.csv,train_sample_n_8000,catboost,"learning_rate=NA,subsample=0.8,depth=6",1000,0.365153790499679,0.112999629354604,0.0901526966048586,0.0902523401851623,0.74995130981341,0.362594499797294,0.1121259496255,0.0869095769207888,0.087082028052826,0.747269322306748,0.367770365457749,0.11392319510512,0.0932663805001011,0.0933478003389983,0.75258932035654,evaluation_test_50_percent_split,0.395303054406618,0.854688233784719,0.391416200384961,0.853216428063075,0.399083897779877,0.856208575204915,0.200841984852452,0.520841984852452,evaluation_selection_50_percent_split
ego_AS,pmt_train_and_evaluation_samples_seed_1_241016_with_holdout.csv,train_sample_n_4000,catboost,"learning_rate=NA,subsample=0.8,depth=6",1000,0.36579027187155,0.113288369720725,0.0856305481370622,0.0856560438664498,0.745176568491382,0.364693723910718,0.112913554744044,0.0845251958521361,0.0845600310602048,0.744130353262112,0.366832570209778,0.113655354038591,0.0868117814608958,0.0868362067680761,0.746269462752836,official_holdout_set,0.38934042058735,0.855108706127014,0.38790680797489,0.854504520007807,0.390806964693469,0.85571445114885,0.191969301598396,0.641969301598396,evaluation_selection_50_percent_split
ego_AS,pmt_train_and_evaluation_samples_seed_1_241016_with_holdout.csv,train_sample_n_4000,catboost,"learning_rate=NA,subsample=0.8,depth=6",1000,0.366902249565025,0.113567509570751,0.0855802543210779,0.0855954839326949,0.744696566003736,0.364210230248463,0.112619427487853,0.0826219443882654,0.0826758721105137,0.741949411321262,0.369538666669917,0.114521371589258,0.0884659152229857,0.0884831465755122,0.747415609407708,evaluation_test_50_percent_split,0.388188089408567,0.854688233784719,0.38444043717469,0.853216428063075,0.391808803068595,0.856208575204915,0.191969301598396,0.641969301598396,evaluation_selection_50_percent_split
ego_AS,pmt_train_and_evaluation_samples_seed_1_241016_with_holdout.csv,train_sample_n_1000,catboost,"learning_rate=NA,subsample=0.8,depth=6",1000,0.366993931576744,0.113693548960197,0.0774082341704654,0.0774082485620952,0.742347628142679,0.364239194011721,0.112716515990999,0.0742571638337357,0.0742593152634723,0.739756281191254,0.369510954377291,0.114577863981926,0.0806664397621206,0.0806665238524148,0.745122774323129,evaluation_selection_50_percent_split,0.377523327602798,0.856043844317813,0.373589789615674,0.854620453258065,0.381821262824047,0.85761272143656,0.205035654503381,0.665035654503381,evaluation_selection_50_percent_split
ego_AS,pmt_train_and_evaluation_samples_seed_1_241016_with_holdout.csv,train_sample_n_800,catboost,"learning_rate=NA,subsample=0.8,depth=6",1000,0.367245511971365,0.114094373163265,0.0791251590333837,0.0791676584381638,0.74151611416469,0.366158667499791,0.113707535725973,0.0778875030930078,0.0779136214502316,0.740422705315209,0.368288833527817,0.114465569884644,0.0803975002273818,0.0804461862221704,0.742648041227653,official_holdout_set,0.37884877983396,0.855108706127014,0.377282094429751,0.854504520007807,0.380388661172531,0.85571445114885,0.175352108279463,0.545352108279463,evaluation_selection_50_percent_split
ego_AS,pmt_train_and_evaluation_samples_seed_1_241016_with_holdout.csv,train_sample_n_2000,catboost,"learning_rate=NA,subsample=0.8,depth=6",1000,0.36800261035129,0.113963162733854,0.0752203928214594,0.0752656619899331,0.739662801841819,0.365160203098011,0.112970123445161,0.0722156145198667,0.0722431263770344,0.737147161211671,0.37051299531136,0.114849405227203,0.078373136669621,0.0784378133280725,0.742396689640289,evaluation_selection_50_percent_split,0.377653949402099,0.856043844317813,0.373923350700052,0.854620453258065,0.381345019197967,0.85761272143656,0.192083664937319,0.672083664937319,evaluation_selection_50_percent_split
ego_AS,pmt_train_and_evaluation_samples_seed_1_241016_with_holdout.csv,train_sample_n_800,catboost,"learning_rate=NA,subsample=0.8,depth=6",1000,0.368169572279212,0.114356550975491,0.0792270724702096,0.0792856828865629,0.740920958876775,0.365542394993222,0.113397720563182,0.0762134796910484,0.0762553053719279,0.738132157606788,0.370782573314286,0.115309940162584,0.0821841677379544,0.0822513960696127,0.743615620265723,evaluation_test_50_percent_split,0.379021692386162,0.854688233784719,0.375163056582904,0.853216428063075,0.382786967061925,0.856208575204915,0.175352108279463,0.545352108279463,evaluation_selection_50_percent_split
ego_AS,pmt_train_and_evaluation_samples_seed_1_241016_with_holdout.csv,train_sample_n_1000,catboost,"learning_rate=NA,subsample=0.8,depth=6",1000,0.369118891317402,0.11449295806525,0.075908113371527,0.0759140384021086,0.741152767403864,0.367996747528058,0.114100577046755,0.0746183936357202,0.0746195903180613,0.740065421928035,0.370190636292108,0.114866547640484,0.0772659223012514,0.0772746632578858,0.74230879321819,official_holdout_set,0.377416584931217,0.855108706127014,0.375754676756086,0.854504520007807,0.379058430009162,0.85571445114885,0.205035654503381,0.665035654503381,evaluation_selection_50_percent_split
ego_AS,pmt_train_and_evaluation_samples_seed_1_241016_with_holdout.csv,train_sample_n_2000,catboost,"learning_rate=NA,subsample=0.8,depth=6",1000,0.369758166975899,0.114565225678153,0.0753248293348636,0.0754106547901733,0.738893912282182,0.368603515465815,0.114172776216711,0.0741448232920334,0.0742276933582934,0.737796290624495,0.370880489940151,0.114947695001688,0.0765812072008092,0.0766754537273177,0.740012628939792,official_holdout_set,0.379385509478053,0.855108706127014,0.377865070860703,0.854504520007807,0.380929732899443,0.85571445114885,0.192083664937319,0.672083664937319,evaluation_selection_50_percent_split
ego_AS,pmt_train_and_evaluation_samples_seed_1_241016_with_holdout.csv,train_sample_n_400,catboost,"learning_rate=NA,subsample=0.8,depth=6",1000,0.370261430473986,0.115443021998377,0.0632117433904064,0.0641379889121616,0.738003304668301,0.367655669317455,0.114528234332581,0.0596384388303397,0.0606673010846913,0.735443612521012,0.372616098316563,0.116307188767795,0.0669593712581511,0.0677652335931685,0.740724141677771,evaluation_selection_50_percent_split,0.381958243732477,0.856043844317813,0.378247543514667,0.854620453258065,0.38569508328442,0.85761272143656,0.194081925094615,0.574081925094615,evaluation_selection_50_percent_split
ego_AS,pmt_train_and_evaluation_samples_seed_1_241016_with_holdout.csv,train_sample_n_1000,catboost,"learning_rate=NA,subsample=0.8,depth=6",1000,0.370375464953346,0.114860454202745,0.075169758343537,0.0751825716254515,0.739913000805815,0.36769340078867,0.113897553635788,0.0719708559611807,0.0719719468434421,0.737171836714879,0.373045821199008,0.11583306706867,0.0782978927924993,0.0783130817945547,0.742572499243679,evaluation_test_50_percent_split,0.377000224774423,0.854688233784719,0.373136131499331,0.853216428063075,0.381040058801126,0.856208575204915,0.205035654503381,0.665035654503381,evaluation_selection_50_percent_split
ego_AS,pmt_train_and_evaluation_samples_seed_1_241016_with_holdout.csv,train_sample_n_2000,catboost,"learning_rate=NA,subsample=0.8,depth=6",1000,0.371092836791196,0.114948268274435,0.0744626994196852,0.0745709641822558,0.737880545993596,0.368372895862158,0.113987941317186,0.0713408444973036,0.0714109369412766,0.735218132012091,0.37379236602912,0.115909235406723,0.077540692825613,0.0776760058651747,0.740718649185084,evaluation_test_50_percent_split,0.37806928350666,0.854688233784719,0.374183478317473,0.853216428063075,0.38187941809192,0.856208575204915,0.192083664937319,0.672083664937319,evaluation_selection_50_percent_split
ego_AS,pmt_train_and_evaluation_samples_seed_1_241016_with_holdout.csv,train_sample_n_400,catboost,"learning_rate=NA,subsample=0.8,depth=6",1000,0.372358033950826,0.116253793242477,0.0616961170316436,0.0624693546886265,0.73651649717984,0.371333348395216,0.115889417128595,0.0601924282013253,0.0610387827304772,0.73543975113345,0.373374510216413,0.116612053427467,0.0632518832373734,0.0639680262361469,0.737634083170976,official_holdout_set,0.382645123222885,0.855108706127014,0.381205398023293,0.854504520007807,0.384108821363817,0.85571445114885,0.194081925094615,0.574081925094615,evaluation_selection_50_percent_split
ego_AS,pmt_train_and_evaluation_samples_seed_1_241016_with_holdout.csv,train_sample_n_400,catboost,"learning_rate=NA,subsample=0.8,depth=6",1000,0.373197530531966,0.116467103745585,0.0622333818049347,0.0629415678857147,0.735936127627181,0.37061840083461,0.115553687324249,0.0584928803283863,0.0593251809329243,0.733333296514521,0.375752277351042,0.117396328870458,0.0659262748539432,0.066576547835017,0.738634994389354,evaluation_test_50_percent_split,0.382026717042235,0.854688233784719,0.378233811542103,0.853216428063075,0.385680457256562,0.856208575204915,0.194081925094615,0.574081925094615,evaluation_selection_50_percent_split
ego_AS,pmt_train_and_evaluation_samples_seed_1_241016_with_holdout.csv,train_sample_n_200,catboost,"learning_rate=NA,subsample=0.8,depth=6",1000,0.391102627331787,0.12043864468925,0.022673644246325,0.0233093761955933,0.70581058622129,0.387976112438173,0.119378846222548,0.0189298481583391,0.0194670323543347,0.702981368482085,0.394022939597495,0.12144664685154,0.0263631140318209,0.0270136140388901,0.70847526549777,evaluation_selection_50_percent_split,0.351235374077134,0.856043844317813,0.348031905842913,0.854620453258065,0.354160190355723,0.85761272143656,0.0787585201647786,0.588758520164779,evaluation_selection_50_percent_split
ego_AS,pmt_train_and_evaluation_samples_seed_1_241016_with_holdout.csv,train_sample_n_200,catboost,"learning_rate=NA,subsample=0.8,depth=6",1000,0.393757688707385,0.121394882672123,0.0202015211137035,0.0209746226576965,0.703262633661682,0.392524847444909,0.120983920581281,0.0186992015018256,0.0194453216292517,0.702155782325033,0.395022466363674,0.121793723049935,0.0217240596527745,0.0225389448181216,0.704424341990555,official_holdout_set,0.352652264777458,0.855108706127014,0.351362052164961,0.854504520007807,0.353865815214271,0.85571445114885,0.0787585201647786,0.588758520164779,evaluation_selection_50_percent_split
ego_AS,pmt_train_and_evaluation_samples_seed_1_241016_with_holdout.csv,train_sample_n_200,catboost,"learning_rate=NA,subsample=0.8,depth=6",1000,0.394900559154865,0.121653049444573,0.0204773270574351,0.0213152429624369,0.702448212303089,0.391770261007611,0.12061049190031,0.0167805286338849,0.0175553628563703,0.699543848139079,0.398027319165819,0.122732625077881,0.0241886204769547,0.0251416098512226,0.705302476758115,evaluation_test_50_percent_split,0.352723034541216,0.854688233784719,0.349788429837603,0.853216428063075,0.35577768091072,0.856208575204915,0.0787585201647786,0.588758520164779,evaluation_selection_50_percent_split
ego_AS,pmt_train_and_evaluation_samples_seed_1_241016_with_holdout.csv,train_sample_n_100,catboost,"learning_rate=NA,subsample=0.8,depth=6",1000,0.424140431973843,0.128886945648057,-0.0458819859642632,-0.0401568898480258,0.650824737761301,0.421239283031422,0.127892736289067,-0.0508438122863267,-0.0446893830253794,0.647406817662911,0.427092600645948,0.129873323211397,-0.0412548043276385,-0.0357114662892354,0.653901584708041,evaluation_selection_50_percent_split,0.315881845494839,0.856043844317813,0.311178421019041,0.854620453258065,0.320269432198891,0.85761272143656,0.292410154401843,0.692410154401843,evaluation_selection_50_percent_split
ego_AS,pmt_train_and_evaluation_samples_seed_1_241016_with_holdout.csv,train_sample_n_100,catboost,"learning_rate=NA,subsample=0.8,depth=6",1000,0.42753879482062,0.129988437842526,-0.0491585054281751,-0.0438469480851968,0.647256481067693,0.426387376914337,0.129595470862398,-0.0510145981775979,-0.0455545301906581,0.646047646285448,0.428711245586488,0.130378881497283,-0.0472857023063416,-0.0420972797769024,0.648535256034006,official_holdout_set,0.31172584026845,0.855108706127014,0.309972075900335,0.854504520007807,0.313524238895663,0.85571445114885,0.292410154401843,0.692410154401843,evaluation_selection_50_percent_split
ego_AS,pmt_train_and_evaluation_samples_seed_1_241016_with_holdout.csv,train_sample_n_100,catboost,"learning_rate=NA,subsample=0.8,depth=6",1000,0.428696255631734,0.130374319913435,-0.0497443583020119,-0.0446177640914556,0.646417366988918,0.425707505717866,0.129320765442937,-0.0544869058359626,-0.0489587415911261,0.643100733907194,0.431835803843659,0.131439206210986,-0.0451938014233123,-0.0402936885837481,0.649688496793278,evaluation_test_50_percent_split,0.310949250903062,0.854688233784719,0.306306502387122,0.853216428063075,0.315403984166286,0.856208575204915,0.292410154401843,0.692410154401843,evaluation_selection_50_percent_split